{
  "type": "FeatureCollection",
  "generator": "overpass-turbo",
  "copyright": "The data included in this document is from www.openstreetmap.org. The data is made available under ODbL.",
  "timestamp": "2026-09-27T18:40:05Z",
  "features": [
    {
      "type": "Feature",
      "properties": {
        "@id": "way/372569378",
        "amenity": "place_of_worship",
        "building": "church",
        "denomination": "catholic",
        "name": "Chiesa del Santissimo Crocifisso dei Miracoli",
        "religion": "christian"
      },
      "geometry": {
        "type": "Polygon",
        "coordinates": [
          [
            [
              14.2151757,
              37.3084589
            ],
            [
              14.2150618,
              37.30846
            ],
            [
              14.2149556,
              37.308461
            ],
            [
              14.2149548,
              37.3084104
            ],
            [
              14.2149542,
              37.3083696
            ],
            [
              14.2151885,
              37.3083673
            ],
            [
              14.2151887,
              37.3083776
            ],
            [
              14.2152198,
              37.3083773
            ],
            [
              14.2152196,
              37.3083703
            ],
            [
              14.2152513,
              37.30837
            ],
            [
              14.2152527,
              37.3084581
            ],
            [
              14.2151757,
              37.3084589
            ]
          ]
        ]
      },
      "id": "way/372569378"
    },
    {
      "type": "Feature",
      "properties": {
        "@id": "way/372569380",
        "amenity": "place_of_worship",
        "building": "cathedral",
        "denomination": "roman_catholic",
        "loc_name": "Chiesa Madre",
        "name": "Chiesa di Santa Maria della Neve",
        "religion": "christian",
        "wikidata": "Q113003628",
        "wikipedia": "it:Duomo di Santa Maria della Neve"
      },
      "geometry": {
        "type": "Polygon",
        "coordinates": [
          [
            [
              14.2174347,
              37.3055421
            ],
            [
              14.2171636,
              37.3055071
            ],
            [
              14.2171261,
              37.3055023
            ],
            [
              14.2171372,
              37.3054477
            ],
            [
              14.2171539,
              37.3053658
            ],
            [
              14.2171707,
              37.305283
            ],
            [
              14.2171808,
              37.3052339
            ],
            [
              14.2172206,
              37.3052391
            ],
            [
              14.2173727,
              37.3052587
            ],
            [
              14.2174857,
              37.3052732
            ],
            [
              14.2174898,
              37.3052529
            ],
            [
              14.2175468,
              37.3052602
            ],
            [
              14.2175527,
              37.305261
            ],
            [
              14.217663,
              37.3052752
            ],
            [
              14.2178106,
              37.3052942
            ],
            [
              14.21779,
              37.3053952
            ],
            [
              14.2177696,
              37.3054952
            ],
            [
              14.2177491,
              37.3055959
            ],
            [
              14.2174804,
              37.3055612
            ],
            [
              14.217432,
              37.305555
            ],
            [
              14.2174347,
              37.3055421
            ]
          ]
        ]
      },
      "id": "way/372569380"
    },
    {
      "type": "Feature",
      "properties": {
        "@id": "way/372569383",
        "amenity": "place_of_worship",
        "building": "church",
        "denomination": "catholic",
        "name": "Chiesa di San Francesco di Paola",
        "religion": "christian",
        "wikidata": "Q55168595"
      },
      "geometry": {
        "type": "Polygon",
        "coordinates": [
          [
            [
              14.2150146,
              37.3089094
            ],
            [
              14.215103,
              37.308916
            ],
            [
              14.2151087,
              37.3088921
            ],
            [
              14.2152057,
              37.3089029
            ],
            [
              14.215195,
              37.3089464
            ],
            [
              14.215206,
              37.3089477
            ],
            [
              14.2151999,
              37.3089754
            ],
            [
              14.215176,
              37.308983
            ],
            [
              14.2151467,
              37.3089807
            ],
            [
              14.2151445,
              37.3090027
            ],
            [
              14.2151274,
              37.3090128
            ],
            [
              14.2150933,
              37.309008
            ],
            [
              14.215081,
              37.3089946
            ],
            [
              14.2150809,
              37.3089799
            ],
            [
              14.2150077,
              37.3089727
            ],
            [
              14.2150115,
              37.3089381
            ],
            [
              14.2150146,
              37.3089094
            ]
          ]
        ]
      },
      "id": "way/372569383"
    },
    {
      "type": "Feature",
      "properties": {
        "@id": "way/372573560",
        "amenity": "place_of_worship",
        "building": "church",
        "name": "Chiesa dell'Immacolata Concezione",
        "religion": "christian",
        "wikidata": "Q114234128",
        "wikipedia": "it:Chiesa dell'Immacolata Concezione (Mazzarino)"
      },
      "geometry": {
        "type": "Polygon",
        "coordinates": [
          [
            [
              14.2154856,
              37.3068252
            ],
            [
              14.2154854,
              37.3068318
            ],
            [
              14.21547,
              37.3068315
            ],
            [
              14.2154703,
              37.3068231
            ],
            [
              14.2154129,
              37.3068217
            ],
            [
              14.2154147,
              37.3067729
            ],
            [
              14.2154161,
              37.3067317
            ],
            [
              14.2155338,
              37.3067344
            ],
            [
              14.2156207,
              37.3067363
            ],
            [
              14.2157232,
              37.3067387
            ],
            [
              14.2157511,
              37.3067393
            ],
            [
              14.2157506,
              37.3067523
            ],
            [
              14.2157953,
              37.3067533
            ],
            [
              14.2157924,
              37.3068322
            ],
            [
              14.2154856,
              37.3068252
            ]
          ]
        ]
      },
      "id": "way/372573560"
    },
    {
      "type": "Feature",
      "properties": {
        "@id": "way/372573575",
        "alt_name": "Chiesa di Santa Maria del Carmelo",
        "amenity": "place_of_worship",
        "building": "church",
        "denomination": "roman_catholic",
        "name": "Chiesa del Carmine",
        "religion": "christian",
        "wikidata": "Q113495123",
        "wikipedia": "it:Chiesa del Carmine (Mazzarino)"
      },
      "geometry": {
        "type": "Polygon",
        "coordinates": [
          [
            [
              14.2142864,
              37.3051928
            ],
            [
              14.214243,
              37.3051884
            ],
            [
              14.2142502,
              37.3051438
            ],
            [
              14.2143035,
              37.3051493
            ],
            [
              14.2143597,
              37.305155
            ],
            [
              14.2144148,
              37.3051605
            ],
            [
              14.2143789,
              37.3053844
            ],
            [
              14.2144331,
              37.3053899
            ],
            [
              14.2144069,
              37.3055535
            ],
            [
              14.2142289,
              37.3055355
            ],
            [
              14.2142403,
              37.3054649
            ],
            [
              14.2141859,
              37.3054593
            ],
            [
              14.2142006,
              37.3053673
            ],
            [
              14.2142575,
              37.3053731
            ],
            [
              14.2142864,
              37.3051928
            ]
          ]
        ]
      },
      "id": "way/372573575"
    },
    {
      "type": "Feature",
      "properties": {
        "@id": "way/372574906",
        "amenity": "place_of_worship",
        "building": "church",
        "denomination": "roman_catholic",
        "name": "Chiesa di Santa Lucia",
        "religion": "christian",
        "wikidata": "Q114401092",
        "wikipedia": "it:Chiesa di Santa Lucia (Mazzarino)"
      },
      "geometry": {
        "type": "Polygon",
        "coordinates": [
          [
            [
              14.2132529,
              37.3047417
            ],
            [
              14.2132565,
              37.3047289
            ],
            [
              14.2132674,
              37.3046902
            ],
            [
              14.2132757,
              37.3046606
            ],
            [
              14.2132794,
              37.3046473
            ],
            [
              14.2135501,
              37.3046397
            ],
            [
              14.2135405,
              37.3046854
            ],
            [
              14.2135307,
              37.3046835
            ],
            [
              14.2135219,
              37.3047123
            ],
            [
              14.2135575,
              37.3047191
            ],
            [
              14.2135545,
              37.3047258
            ],
            [
              14.2135635,
              37.3047325
            ],
            [
              14.213553,
              37.3047662
            ],
            [
              14.2135132,
              37.3047882
            ],
            [
              14.2132529,
              37.3047417
            ]
          ]
        ]
      },
      "id": "way/372574906"
    },
    {
      "type": "Feature",
      "properties": {
        "@id": "way/372575840",
        "amenity": "place_of_worship",
        "building": "church",
        "denomination": "roman_catholic",
        "name": "Chiesa di Santa Maria di Gesù",
        "religion": "christian",
        "wikidata": "Q55168597"
      },
      "geometry": {
        "type": "Polygon",
        "coordinates": [
          [
            [
              14.2087702,
              37.3040375
            ],
            [
              14.2088031,
              37.3039607
            ],
            [
              14.2088974,
              37.3039839
            ],
            [
              14.2090356,
              37.3040173
            ],
            [
              14.2091679,
              37.3040519
            ],
            [
              14.2091538,
              37.3040862
            ],
            [
              14.2091346,
              37.3041326
            ],
            [
              14.2087702,
              37.3040375
            ]
          ]
        ]
      },
      "id": "way/372575840"
    },
    {
      "type": "Feature",
      "properties": {
        "@id": "way/372597215",
        "amenity": "place_of_worship",
        "basilica": "minor",
        "building": "cathedral",
        "name": "Chiesa di Maria Santissima del Mazzarro",
        "religion": "christian",
        "wikidata": "Q55168602",
        "wikimedia_commons": "Category:Santa Maria Maggiore (Mazzarino)",
        "wikipedia": "it:Basilica santuario di Maria Santissima del Mazzaro"
      },
      "geometry": {
        "type": "Polygon",
        "coordinates": [
          [
            [
              14.2203672,
              37.3056193
            ],
            [
              14.2203722,
              37.3055731
            ],
            [
              14.2203767,
              37.3055314
            ],
            [
              14.2203798,
              37.3055029
            ],
            [
              14.2203826,
              37.3054773
            ],
            [
              14.2209358,
              37.3055152
            ],
            [
              14.2209154,
              37.305703
            ],
            [
              14.2204564,
              37.3056715
            ],
            [
              14.2204538,
              37.3056951
            ],
            [
              14.220387,
              37.3056906
            ],
            [
              14.2203896,
              37.3056665
            ],
            [
              14.2203623,
              37.3056646
            ],
            [
              14.2203655,
              37.3056346
            ],
            [
              14.2203672,
              37.3056193
            ]
          ]
        ]
      },
      "id": "way/372597215"
    },
    {
      "type": "Feature",
      "properties": {
        "@id": "way/372597217",
        "amenity": "place_of_worship",
        "building": "church",
        "denomination": "roman_catholic",
        "name": "Chiesa del Santissimo Crocifisso dell'Olmo",
        "religion": "christian",
        "wikidata": "Q55168593",
        "wikipedia": "it:Chiesa del Santissimo Crocifisso dell'Olmo"
      },
      "geometry": {
        "type": "Polygon",
        "coordinates": [
          [
            [
              14.2176406,
              37.3063609
            ],
            [
              14.2176134,
              37.3062701
            ],
            [
              14.217658,
              37.3062619
            ],
            [
              14.2177437,
              37.3062463
            ],
            [
              14.2177364,
              37.3062168
            ],
            [
              14.2177299,
              37.3061893
            ],
            [
              14.2177266,
              37.3061753
            ],
            [
              14.2177768,
              37.3061678
            ],
            [
              14.2177801,
              37.3061817
            ],
            [
              14.2178475,
              37.3061706
            ],
            [
              14.2178924,
              37.3062764
            ],
            [
              14.2179328,
              37.3063997
            ],
            [
              14.2176664,
              37.3064473
            ],
            [
              14.2176406,
              37.3063609
            ]
          ]
        ]
      },
      "id": "way/372597217"
    },
    {
      "type": "Feature",
      "properties": {
        "@id": "way/372597222",
        "amenity": "place_of_worship",
        "building": "church",
        "denomination": "roman_catholic",
        "name": "Chiesa di San Domenico",
        "religion": "christian",
        "wikidata": "Q115742978",
        "wikipedia": "it:Chiesa di San Domenico (Mazzarino)"
      },
      "geometry": {
        "type": "Polygon",
        "coordinates": [
          [
            [
              14.2188213,
              37.305386
            ],
            [
              14.2188182,
              37.3053956
            ],
            [
              14.2188959,
              37.3054308
            ],
            [
              14.2188549,
              37.3054935
            ],
            [
              14.2187912,
              37.3054655
            ],
            [
              14.2187779,
              37.3054817
            ],
            [
              14.2184714,
              37.3053477
            ],
            [
              14.2184459,
              37.3053371
            ],
            [
              14.218462,
              37.3053129
            ],
            [
              14.2184832,
              37.3052812
            ],
            [
              14.2185093,
              37.3052422
            ],
            [
              14.2188213,
              37.305386
            ]
          ]
        ]
      },
      "id": "way/372597222"
    },
    {
      "type": "Feature",
      "properties": {
        "@id": "way/375814227",
        "amenity": "place_of_worship",
        "building": "church",
        "denomination": "catholic",
        "description": "Ebbe origine da un fatto accaduto alla vista di tutti nel 1638, quando nella casa di un certo Giuseppe Peloso, si vede lacrimare un quadro della Santa Vergine. La casa venne demolita e dalle sue ceneri, fu eretta la chiesa attuale avente forma circolare.",
        "name": "Chiesa di Maria Santissima delle Lacrime",
        "religion": "christian"
      },
      "geometry": {
        "type": "Polygon",
        "coordinates": [
          [
            [
              14.2126449,
              37.3025771
            ],
            [
              14.2126674,
              37.3025493
            ],
            [
              14.2127143,
              37.3025278
            ],
            [
              14.2127616,
              37.3025294
            ],
            [
              14.2127952,
              37.302543
            ],
            [
              14.2128178,
              37.3025578
            ],
            [
              14.2128651,
              37.3025546
            ],
            [
              14.2128918,
              37.3025679
            ],
            [
              14.2129005,
              37.3025889
            ],
            [
              14.2129019,
              37.3026162
            ],
            [
              14.2128923,
              37.3026297
            ],
            [
              14.2128546,
              37.3026362
            ],
            [
              14.2128549,
              37.3026402
            ],
            [
              14.2128119,
              37.3026408
            ],
            [
              14.2128117,
              37.3026576
            ],
            [
              14.2127649,
              37.3026761
            ],
            [
              14.2127651,
              37.3026864
            ],
            [
              14.2127243,
              37.3026862
            ],
            [
              14.2126939,
              37.3026803
            ],
            [
              14.2126672,
              37.3026662
            ],
            [
              14.212648,
              37.3026471
            ],
            [
              14.2126368,
              37.3026173
            ],
            [
              14.212637,
              37.3025961
            ],
            [
              14.2126449,
              37.3025771
            ]
          ]
        ]
      },
      "id": "way/375814227"
    },
    {
      "type": "Feature",
      "properties": {
        "@id": "way/375814238",
        "amenity": "place_of_worship",
        "building": "church",
        "name": "Chiesa dello Spirito Santo",
        "religion": "christian",
        "wikidata": "Q119858979"
      },
      "geometry": {
        "type": "Polygon",
        "coordinates": [
          [
            [
              14.2141505,
              37.3032045
            ],
            [
              14.2141447,
              37.3031651
            ],
            [
              14.2141393,
              37.3031282
            ],
            [
              14.2142399,
              37.3031199
            ],
            [
              14.2143232,
              37.3031119
            ],
            [
              14.2143672,
              37.3031099
            ],
            [
              14.2143884,
              37.3031134
            ],
            [
              14.214406,
              37.3031224
            ],
            [
              14.2144116,
              37.3031477
            ],
            [
              14.2144065,
              37.3031678
            ],
            [
              14.21439,
              37.3031814
            ],
            [
              14.2143716,
              37.3031872
            ],
            [
              14.2141505,
              37.3032045
            ]
          ]
        ]
      },
      "id": "way/375814238"
    },
    {
      "type": "Feature",
      "properties": {
        "@id": "way/375814268",
        "amenity": "place_of_worship",
        "building": "church",
        "name": "Chiesa di San Giuseppe",
        "religion": "christian",
        "wikidata": "Q55168596"
      },
      "geometry": {
        "type": "Polygon",
        "coordinates": [
          [
            [
              14.2155901,
              37.3040587
            ],
            [
              14.2155784,
              37.3040187
            ],
            [
              14.2155695,
              37.3039867
            ],
            [
              14.2156109,
              37.3039777
            ],
            [
              14.2157601,
              37.3039472
            ],
            [
              14.2157779,
              37.3040179
            ],
            [
              14.2155901,
              37.3040587
            ]
          ]
        ]
      },
      "id": "way/375814268"
    },
    {
      "type": "Feature",
      "properties": {
        "@id": "way/375815051",
        "amenity": "place_of_worship",
        "building": "church",
        "denomination": "roman_catholic",
        "religion": "christian"
      },
      "geometry": {
        "type": "Polygon",
        "coordinates": [
          [
            [
              14.2110153,
              37.3044004
            ],
            [
              14.2110213,
              37.3043776
            ],
            [
              14.2110518,
              37.3043491
            ],
            [
              14.2110678,
              37.3043436
            ],
            [
              14.211043,
              37.3043121
            ],
            [
              14.2111207,
              37.3042707
            ],
            [
              14.2112443,
              37.3044401
            ],
            [
              14.211227,
              37.304448
            ],
            [
              14.2112259,
              37.3044634
            ],
            [
              14.2112185,
              37.304477
            ],
            [
              14.2111966,
              37.3044846
            ],
            [
              14.2111897,
              37.304502
            ],
            [
              14.2109479,
              37.3044709
            ],
            [
              14.2109742,
              37.3043901
            ],
            [
              14.2110153,
              37.3044004
            ]
          ]
        ]
      },
      "id": "way/375815051"
    },
    {
      "type": "Feature",
      "properties": {
        "@id": "way/651250217",
        "amenity": "place_of_worship",
        "building": "church",
        "denomination": "catholic",
        "name": "Chiesa del Calvario",
        "religion": "christian"
      },
      "geometry": {
        "type": "Polygon",
        "coordinates": [
          [
            [
              14.2139678,
              37.2996542
            ],
            [
              14.2139597,
              37.2996108
            ],
            [
              14.2139805,
              37.2996092
            ],
            [
              14.2139778,
              37.2995924
            ],
            [
              14.2139823,
              37.2995805
            ],
            [
              14.2139921,
              37.2995707
            ],
            [
              14.2140063,
              37.299568
            ],
            [
              14.2140215,
              37.2995703
            ],
            [
              14.2140332,
              37.2995789
            ],
            [
              14.2140392,
              37.2996045
            ],
            [
              14.2140556,
              37.2996033
            ],
            [
              14.2140629,
              37.2996461
            ],
            [
              14.2140477,
              37.2996477
            ],
            [
              14.2140493,
              37.2996602
            ],
            [
              14.2140197,
              37.2996629
            ],
            [
              14.2139896,
              37.2996656
            ],
            [
              14.2139876,
              37.2996528
            ],
            [
              14.2139678,
              37.2996542
            ]
          ]
        ]
      },
      "id": "way/651250217"
    },
    {
      "type": "Feature",
      "properties": {
        "@id": "way/651250223",
        "amenity": "place_of_worship",
        "building": "church",
        "denomination": "roman_catholic",
        "name": "Chiesa Maria Santissima delle Grazie",
        "religion": "christian"
      },
      "geometry": {
        "type": "Polygon",
        "coordinates": [
          [
            [
              14.2201705,
              37.2970107
            ],
            [
              14.2202272,
              37.2970136
            ],
            [
              14.2202275,
              37.2970323
            ],
            [
              14.2202431,
              37.2970492
            ],
            [
              14.2202387,
              37.2970697
            ],
            [
              14.2202226,
              37.2970839
            ],
            [
              14.2201807,
              37.2970841
            ],
            [
              14.2201804,
              37.2970918
            ],
            [
              14.220005,
              37.2970856
            ],
            [
              14.2200145,
              37.2970014
            ],
            [
              14.2201705,
              37.2970107
            ]
          ]
        ]
      },
      "id": "way/651250223"
    },
    {
      "type": "Feature",
      "properties": {
        "@id": "way/1082270619",
        "amenity": "place_of_worship",
        "building": "church",
        "denomination": "roman_catholic",
        "name": "Santa Maria delle Grazie",
        "religion": "christian",
        "wikidata": "Q106966031",
        "wikipedia": "it:Convento dei Cappuccini (Mazzarino)"
      },
      "geometry": {
        "type": "Polygon",
        "coordinates": [
          [
            [
              14.2149045,
              37.298344
            ],
            [
              14.2148995,
              37.298394
            ],
            [
              14.2150211,
              37.2984016
            ],
            [
              14.2150151,
              37.2984621
            ],
            [
              14.2149477,
              37.2984579
            ],
            [
              14.2149453,
              37.2985008
            ],
            [
              14.2148279,
              37.2984911
            ],
            [
              14.2148308,
              37.2984627
            ],
            [
              14.2145965,
              37.298448
            ],
            [
              14.2145818,
              37.2984471
            ],
            [
              14.2145867,
              37.2983976
            ],
            [
              14.2145952,
              37.298326
            ],
            [
              14.2149045,
              37.298344
            ]
          ]
        ]
      },
      "id": "way/1082270619"
    },
    {
      "type": "Feature",
      "properties": {
        "@id": "way/1158838285",
        "highway": "services"
      },
      "geometry": {
        "type": "Polygon",
        "coordinates": [
          [
            [
              14.202508,
              37.3011111
            ],
            [
              14.2025187,
              37.3010274
            ],
            [
              14.2025402,
              37.3010289
            ],
            [
              14.2027903,
              37.3010476
            ],
            [
              14.2027742,
              37.301165
            ],
            [
              14.2027514,
              37.3012343
            ],
            [
              14.2025945,
              37.3011906
            ],
            [
              14.2025489,
              37.3011671
            ],
            [
              14.2025207,
              37.3011405
            ],
            [
              14.202508,
              37.3011111
            ]
          ]
        ]
      },
      "id": "way/1158838285"
    },
    {
      "type": "Feature",
      "properties": {
        "@id": "way/1158838287",
        "highway": "services"
      },
      "geometry": {
        "type": "Polygon",
        "coordinates": [
          [
            [
              14.201712,
              37.2977288
            ],
            [
              14.2023276,
              37.297461
            ],
            [
              14.2025354,
              37.297732
            ],
            [
              14.2019695,
              37.2981256
            ],
            [
              14.201712,
              37.2977288
            ]
          ]
        ]
      },
      "id": "way/1158838287"
    },
    {
      "type": "Feature",
      "properties": {
        "@id": "way/1249067242",
        "addr:city": "Mazzarino",
        "amenity": "place_of_worship",
        "building": "church",
        "denomination": "roman_catholic",
        "name": "Chiesa di Sant'Ignazio di Loyola",
        "religion": "christian",
        "wikidata": "Q112801405",
        "wikimedia_commons": "Category:Sant'Ignazio (Mazzarino)",
        "wikipedia": "it:Chiesa di Sant'Ignazio di Loyola (Mazzarino)"
      },
      "geometry": {
        "type": "Polygon",
        "coordinates": [
          [
            [
              14.2156067,
              37.305796
            ],
            [
              14.2159158,
              37.3057253
            ],
            [
              14.2159562,
              37.3058552
            ],
            [
              14.2159701,
              37.3058997
            ],
            [
              14.2159116,
              37.3059122
            ],
            [
              14.2158831,
              37.3058387
            ],
            [
              14.2157105,
              37.3058729
            ],
            [
              14.2157233,
              37.3059114
            ],
            [
              14.2156367,
              37.3059276
            ],
            [
              14.2156814,
              37.3060442
            ],
            [
              14.2154704,
              37.3060919
            ],
            [
              14.2154185,
              37.3059323
            ],
            [
              14.2154842,
              37.3059161
            ],
            [
              14.2154701,
              37.3058709
            ],
            [
              14.215403,
              37.305885
            ],
            [
              14.2153822,
              37.3058205
            ],
            [
              14.2153638,
              37.3057643
            ],
            [
              14.2154163,
              37.3057539
            ],
            [
              14.215356,
              37.3055659
            ],
            [
              14.2154116,
              37.3055554
            ],
            [
              14.2154691,
              37.3055445
            ],
            [
              14.2155352,
              37.3057303
            ],
            [
              14.2155763,
              37.3057197
            ],
            [
              14.2156067,
              37.305796
            ]
          ]
        ]
      },
      "id": "way/1249067242"
    },
    {
      "type": "Feature",
      "properties": {
        "@id": "way/1249107816",
        "amenity": "place_of_worship",
        "building": "chapel",
        "denomination": "catholic",
        "religion": "christian"
      },
      "geometry": {
        "type": "Polygon",
        "coordinates": [
          [
            [
              14.2093709,
              37.2983766
            ],
            [
              14.2094022,
              37.2983685
            ],
            [
              14.209412,
              37.298392
            ],
            [
              14.2093813,
              37.2983993
            ],
            [
              14.2093709,
              37.2983766
            ]
          ]
        ]
      },
      "id": "way/1249107816"
    },
    {
      "type": "Feature",
      "properties": {
        "@id": "way/1250329104",
        "highway": "services"
      },
      "geometry": {
        "type": "Polygon",
        "coordinates": [
          [
            [
              14.2069266,
              37.3008636
            ],
            [
              14.2069249,
              37.3008349
            ],
            [
              14.2069299,
              37.3007856
            ],
            [
              14.2069361,
              37.3007314
            ],
            [
              14.2069478,
              37.3007107
            ],
            [
              14.2069663,
              37.3006813
            ],
            [
              14.2069958,
              37.3006473
            ],
            [
              14.2070781,
              37.3005594
            ],
            [
              14.2071293,
              37.3005233
            ],
            [
              14.2072455,
              37.3004714
            ],
            [
              14.2071798,
              37.3008192
            ],
            [
              14.207161,
              37.3009185
            ],
            [
              14.207128,
              37.3009151
            ],
            [
              14.2071068,
              37.300913
            ],
            [
              14.2069598,
              37.300898
            ],
            [
              14.2069533,
              37.300865
            ],
            [
              14.2069266,
              37.3008636
            ]
          ]
        ]
      },
      "id": "way/1250329104"
    },
    {
      "type": "Feature",
      "properties": {
        "@id": "way/52206674",
        "highway": "secondary",
        "oneway": "yes",
        "surface": "asphalt"
      },
      "geometry": {
        "type": "LineString",
        "coordinates": [
          [
            14.2014674,
            37.2939412
          ],
          [
            14.2016617,
            37.2938163
          ],
          [
            14.2017462,
            37.2937354
          ],
          [
            14.2017844,
            37.293664
          ],
          [
            14.2018226,
            37.2935554
          ],
          [
            14.2018203,
            37.2933479
          ]
        ]
      },
      "id": "way/52206674"
    },
    {
      "type": "Feature",
      "properties": {
        "@id": "way/52206685",
        "highway": "unclassified"
      },
      "geometry": {
        "type": "LineString",
        "coordinates": [
          [
            14.2006476,
            37.2975407
          ],
          [
            14.2013428,
            37.2972681
          ]
        ]
      },
      "id": "way/52206685"
    },
    {
      "type": "Feature",
      "properties": {
        "@id": "way/52206686",
        "highway": "residential"
      },
      "geometry": {
        "type": "LineString",
        "coordinates": [
          [
            14.2018183,
            37.3002366
          ],
          [
            14.2025736,
            37.3003046
          ],
          [
            14.20305,
            37.3003504
          ]
        ]
      },
      "id": "way/52206686"
    },
    {
      "type": "Feature",
      "properties": {
        "@id": "way/52206687",
        "highway": "residential",
        "name": "Via Leonardo Da Vinci",
        "oneway": "yes",
        "surface": "asphalt"
      },
      "geometry": {
        "type": "LineString",
        "coordinates": [
          [
            14.2201953,
            37.3062731
          ],
          [
            14.2201298,
            37.3063128
          ],
          [
            14.220072,
            37.3063494
          ],
          [
            14.2200192,
            37.3063904
          ],
          [
            14.2199721,
            37.3064353
          ],
          [
            14.2199309,
            37.3064838
          ],
          [
            14.2197901,
            37.3066663
          ],
          [
            14.2197471,
            37.3067014
          ],
          [
            14.219698,
            37.3067309
          ],
          [
            14.2196438,
            37.3067542
          ],
          [
            14.2195859,
            37.3067709
          ],
          [
            14.2195301,
            37.3067799
          ],
          [
            14.2194733,
            37.3067828
          ],
          [
            14.2194165,
            37.3067793
          ],
          [
            14.2193609,
            37.3067696
          ],
          [
            14.2187349,
            37.3066492
          ],
          [
            14.2184275,
            37.3065874
          ],
          [
            14.2182577,
            37.306561
          ],
          [
            14.2182168,
            37.3065546
          ],
          [
            14.21807,
            37.3065317
          ],
          [
            14.2180333,
            37.3064732
          ],
          [
            14.2179965,
            37.3064291
          ],
          [
            14.2179335,
            37.3063426
          ],
          [
            14.2178878,
            37.3062211
          ],
          [
            14.217857,
            37.3061489
          ]
        ]
      },
      "id": "way/52206687"
    },
    {
      "type": "Feature",
      "properties": {
        "@id": "way/52206689",
        "highway": "unclassified"
      },
      "geometry": {
        "type": "LineString",
        "coordinates": [
          [
            14.2170329,
            37.2885519
          ],
          [
            14.2162014,
            37.2889573
          ],
          [
            14.2160405,
            37.2890341
          ],
          [
            14.2158875,
            37.2890644
          ],
          [
            14.2156274,
            37.2890576
          ],
          [
            14.215386,
            37.2890746
          ],
          [
            14.2152278,
            37.2891686
          ],
          [
            14.2151178,
            37.2892944
          ],
          [
            14.2149676,
            37.2900243
          ],
          [
            14.2144204,
            37.2913217
          ],
          [
            14.2143775,
            37.2915948
          ],
          [
            14.2144526,
            37.2937116
          ],
          [
            14.2143883,
            37.2939762
          ],
          [
            14.2144204,
            37.2942322
          ],
          [
            14.2144204,
            37.2946846
          ],
          [
            14.2143346,
            37.2949662
          ],
          [
            14.2141308,
            37.2952138
          ],
          [
            14.2140127,
            37.2955125
          ],
          [
            14.213389,
            37.2967643
          ],
          [
            14.2133368,
            37.2968034
          ]
        ]
      },
      "id": "way/52206689"
    },
    {
      "type": "Feature",
      "properties": {
        "@id": "way/52206690",
        "highway": "residential",
        "name": "Piazza Giuseppe Artale",
        "surface": "paving_stones"
      },
      "geometry": {
        "type": "LineString",
        "coordinates": [
          [
            14.2162731,
            37.302205
          ],
          [
            14.2162345,
            37.3022277
          ],
          [
            14.2160778,
            37.3023199
          ],
          [
            14.2158893,
            37.3024272
          ],
          [
            14.2156845,
            37.3025349
          ],
          [
            14.2155995,
            37.3025756
          ],
          [
            14.2155571,
            37.3025761
          ]
        ]
      },
      "id": "way/52206690"
    },
    {
      "type": "Feature",
      "properties": {
        "@id": "way/52206691",
        "highway": "residential",
        "name": "Via Sandro Pertini",
        "surface": "asphalt"
      },
      "geometry": {
        "type": "LineString",
        "coordinates": [
          [
            14.2025422,
            37.2952327
          ],
          [
            14.2026134,
            37.2952313
          ],
          [
            14.203029,
            37.2951992
          ],
          [
            14.2031617,
            37.2952206
          ],
          [
            14.2032811,
            37.2952654
          ],
          [
            14.2033698,
            37.2953081
          ],
          [
            14.2035093,
            37.2954958
          ],
          [
            14.2036032,
            37.2955919
          ],
          [
            14.2037344,
            37.2956772
          ],
          [
            14.2038714,
            37.295722
          ],
          [
            14.2039919,
            37.2957369
          ],
          [
            14.2041289,
            37.295739
          ],
          [
            14.2045232,
            37.2956495
          ],
          [
            14.2046437,
            37.2956452
          ],
          [
            14.2047603,
            37.2956601
          ],
          [
            14.2049575,
            37.295722
          ],
          [
            14.206151,
            37.2961871
          ],
          [
            14.206552,
            37.2964304
          ],
          [
            14.2065913,
            37.2964499
          ],
          [
            14.2066918,
            37.2964966
          ],
          [
            14.2074374,
            37.2967419
          ],
          [
            14.2078411,
            37.2968945
          ],
          [
            14.2080768,
            37.2970376
          ],
          [
            14.2082884,
            37.2972467
          ],
          [
            14.2089791,
            37.2980876
          ],
          [
            14.2090698,
            37.2981404
          ]
        ]
      },
      "id": "way/52206691"
    },
    {
      "type": "Feature",
      "properties": {
        "@id": "way/66917298",
        "highway": "unclassified",
        "name": "Strada provinciale 13 Mazzarino-Cimia",
        "ref": "SP13",
        "surface": "asphalt"
      },
      "geometry": {
        "type": "LineString",
        "coordinates": [
          [
            14.2212532,
            37.304632
          ],
          [
            14.2212854,
            37.3046373
          ],
          [
            14.2213337,
            37.3046555
          ],
          [
            14.2214238,
            37.3047131
          ],
          [
            14.2215063,
            37.3047776
          ],
          [
            14.2215802,
            37.3048483
          ],
          [
            14.221645,
            37.3049244
          ],
          [
            14.2216924,
            37.3049931
          ],
          [
            14.2217323,
            37.3050648
          ],
          [
            14.2217644,
            37.3051389
          ],
          [
            14.2217885,
            37.3052149
          ],
          [
            14.2217924,
            37.3053458
          ],
          [
            14.2217803,
            37.3054598
          ],
          [
            14.2217671,
            37.3055574
          ],
          [
            14.221745,
            37.305654
          ],
          [
            14.2217139,
            37.305749
          ],
          [
            14.221582,
            37.3061437
          ],
          [
            14.2214504,
            37.3064071
          ],
          [
            14.2212599,
            37.3066513
          ],
          [
            14.2209725,
            37.3069021
          ],
          [
            14.2207588,
            37.3071571
          ],
          [
            14.2206524,
            37.307366
          ],
          [
            14.2206129,
            37.3074306
          ],
          [
            14.2205679,
            37.3074929
          ],
          [
            14.2205176,
            37.3075526
          ],
          [
            14.2204587,
            37.3076128
          ],
          [
            14.2203945,
            37.3076695
          ],
          [
            14.2203252,
            37.3077223
          ],
          [
            14.2202185,
            37.3078079
          ],
          [
            14.2201992,
            37.3078429
          ],
          [
            14.2201979,
            37.3078736
          ],
          [
            14.2202051,
            37.3079037
          ],
          [
            14.2202206,
            37.3079318
          ],
          [
            14.2202435,
            37.3079565
          ],
          [
            14.2202728,
            37.3079766
          ],
          [
            14.2203089,
            37.3079916
          ],
          [
            14.2203484,
            37.3079994
          ],
          [
            14.2203892,
            37.3079997
          ],
          [
            14.2204289,
            37.3079925
          ],
          [
            14.2204653,
            37.3079779
          ],
          [
            14.2204966,
            37.3079571
          ],
          [
            14.2206377,
            37.3078194
          ],
          [
            14.2207667,
            37.3076523
          ],
          [
            14.2209524,
            37.3073706
          ],
          [
            14.2209831,
            37.3073273
          ],
          [
            14.2210198,
            37.307287
          ],
          [
            14.2210622,
            37.3072505
          ],
          [
            14.2211096,
            37.3072181
          ],
          [
            14.2211671,
            37.3071876
          ],
          [
            14.2211962,
            37.3071761
          ],
          [
            14.2212291,
            37.3071632
          ],
          [
            14.2212944,
            37.3071453
          ],
          [
            14.2214158,
            37.3071161
          ],
          [
            14.2214854,
            37.3070951
          ],
          [
            14.2215525,
            37.3070695
          ],
          [
            14.2216167,
            37.3070396
          ],
          [
            14.2217001,
            37.3069913
          ],
          [
            14.2217759,
            37.3069355
          ],
          [
            14.2219329,
            37.3067932
          ],
          [
            14.2223831,
            37.3063511
          ],
          [
            14.2224348,
            37.306316
          ],
          [
            14.222492,
            37.3062867
          ],
          [
            14.2225536,
            37.3062638
          ],
          [
            14.2226186,
            37.3062477
          ],
          [
            14.2226856,
            37.3062386
          ],
          [
            14.22275,
            37.3062367
          ],
          [
            14.2228142,
            37.3062414
          ],
          [
            14.2228771,
            37.3062525
          ]
        ]
      },
      "id": "way/66917298"
    },
    {
      "type": "Feature",
      "properties": {
        "@id": "way/87892791",
        "highway": "residential"
      },
      "geometry": {
        "type": "LineString",
        "coordinates": [
          [
            14.2201589,
            37.3046597
          ],
          [
            14.2202666,
            37.3045851
          ],
          [
            14.2202997,
            37.3045622
          ],
          [
            14.2204557,
            37.3044541
          ],
          [
            14.2205305,
            37.3044022
          ],
          [
            14.2205588,
            37.3043773
          ],
          [
            14.220579,
            37.3043479
          ],
          [
            14.2205883,
            37.3043233
          ],
          [
            14.2205918,
            37.3042978
          ],
          [
            14.2205895,
            37.3042722
          ],
          [
            14.2205599,
            37.304169
          ],
          [
            14.2205634,
            37.3041203
          ]
        ]
      },
      "id": "way/87892791"
    },
    {
      "type": "Feature",
      "properties": {
        "@id": "way/87892797",
        "highway": "residential",
        "name": "Via Padre Deodato Cannarozzo Sacerdote Cappuccino"
      },
      "geometry": {
        "type": "LineString",
        "coordinates": [
          [
            14.2191792,
            37.2986645
          ],
          [
            14.2189603,
            37.2986935
          ],
          [
            14.2183444,
            37.2987894
          ],
          [
            14.2170757,
            37.2989834
          ],
          [
            14.2163974,
            37.2990729
          ],
          [
            14.2163216,
            37.2990784
          ],
          [
            14.2162454,
            37.299078
          ],
          [
            14.216212,
            37.2990753
          ],
          [
            14.2161696,
            37.2990717
          ],
          [
            14.216105,
            37.2990611
          ],
          [
            14.2160216,
            37.2990414
          ],
          [
            14.2159508,
            37.2990177
          ],
          [
            14.2158833,
            37.2989885
          ],
          [
            14.2158198,
            37.2989541
          ],
          [
            14.21578,
            37.2989258
          ],
          [
            14.2153845,
            37.2986447
          ],
          [
            14.2153296,
            37.2986148
          ],
          [
            14.2152705,
            37.2985906
          ],
          [
            14.2152081,
            37.2985726
          ],
          [
            14.2151593,
            37.298563
          ],
          [
            14.2150864,
            37.2985578
          ],
          [
            14.2150132,
            37.2985607
          ],
          [
            14.2149412,
            37.2985716
          ],
          [
            14.2148719,
            37.2985903
          ],
          [
            14.2147623,
            37.2986281
          ],
          [
            14.2146478,
            37.2986871
          ],
          [
            14.2145571,
            37.2987519
          ],
          [
            14.2145072,
            37.298799
          ]
        ]
      },
      "id": "way/87892797"
    },
    {
      "type": "Feature",
      "properties": {
        "@id": "way/87892808",
        "highway": "residential",
        "name": "Via San Francesco da Paola",
        "surface": "asphalt"
      },
      "geometry": {
        "type": "LineString",
        "coordinates": [
          [
            14.2178607,
            37.3032514
          ],
          [
            14.2179608,
            37.3031983
          ],
          [
            14.2185214,
            37.3029326
          ],
          [
            14.218556,
            37.3029195
          ],
          [
            14.2185942,
            37.3029084
          ],
          [
            14.218634,
            37.3029018
          ],
          [
            14.2186807,
            37.3028997
          ],
          [
            14.2187272,
            37.3029036
          ],
          [
            14.2187736,
            37.3029113
          ],
          [
            14.2190768,
            37.3029995
          ],
          [
            14.2192336,
            37.3030453
          ],
          [
            14.2194205,
            37.3030874
          ],
          [
            14.2197284,
            37.3031567
          ],
          [
            14.220175,
            37.3032527
          ],
          [
            14.2202584,
            37.3032703
          ],
          [
            14.2203413,
            37.3032879
          ],
          [
            14.2204888,
            37.3033455
          ],
          [
            14.2205644,
            37.3033919
          ],
          [
            14.2206417,
            37.3034394
          ],
          [
            14.2207115,
            37.303529
          ],
          [
            14.2207101,
            37.3036303
          ],
          [
            14.2206623,
            37.303746
          ],
          [
            14.2206024,
            37.303891
          ],
          [
            14.2205572,
            37.3040261
          ],
          [
            14.2205212,
            37.304101
          ]
        ]
      },
      "id": "way/87892808"
    },
    {
      "type": "Feature",
      "properties": {
        "@id": "way/96211588",
        "highway": "residential"
      },
      "geometry": {
        "type": "LineString",
        "coordinates": [
          [
            14.2045202,
            37.2998277
          ],
          [
            14.2043849,
            37.3000603
          ],
          [
            14.2042985,
            37.3002087
          ],
          [
            14.2042336,
            37.3002834
          ],
          [
            14.2042113,
            37.300309
          ],
          [
            14.2041592,
            37.3003691
          ],
          [
            14.2040217,
            37.3005272
          ]
        ]
      },
      "id": "way/96211588"
    },
    {
      "type": "Feature",
      "properties": {
        "@id": "way/96211589",
        "highway": "residential",
        "name": "Via Autonomia Siciliana",
        "surface": "asphalt"
      },
      "geometry": {
        "type": "LineString",
        "coordinates": [
          [
            14.2024466,
            37.3011845
          ],
          [
            14.2026781,
            37.3012461
          ],
          [
            14.2030999,
            37.3013598
          ],
          [
            14.2032281,
            37.301395
          ],
          [
            14.2034258,
            37.3014493
          ],
          [
            14.2041171,
            37.3016392
          ],
          [
            14.2041642,
            37.3016521
          ],
          [
            14.2042167,
            37.3016665
          ],
          [
            14.2047465,
            37.3018095
          ],
          [
            14.2048141,
            37.3018191
          ],
          [
            14.2048828,
            37.3018211
          ],
          [
            14.2049511,
            37.3018154
          ],
          [
            14.2050084,
            37.3018045
          ],
          [
            14.2050635,
            37.3017882
          ],
          [
            14.2051158,
            37.3017668
          ],
          [
            14.2051699,
            37.3017437
          ],
          [
            14.2052136,
            37.3017304
          ],
          [
            14.2052665,
            37.3017454
          ]
        ]
      },
      "id": "way/96211589"
    },
    {
      "type": "Feature",
      "properties": {
        "@id": "way/96211592",
        "highway": "residential",
        "name": "Via Angelo Gagliano",
        "surface": "asphalt"
      },
      "geometry": {
        "type": "LineString",
        "coordinates": [
          [
            14.2022728,
            37.2987371
          ],
          [
            14.2025779,
            37.2994475
          ],
          [
            14.2026208,
            37.2997292
          ],
          [
            14.2025993,
            37.3000791
          ],
          [
            14.2025736,
            37.3003046
          ],
          [
            14.2024657,
            37.3010686
          ],
          [
            14.2024561,
            37.3011266
          ],
          [
            14.2024466,
            37.3011845
          ],
          [
            14.2023981,
            37.3015414
          ],
          [
            14.2023255,
            37.3020766
          ],
          [
            14.2022873,
            37.3022937
          ],
          [
            14.2022512,
            37.302414
          ],
          [
            14.202172,
            37.3026094
          ],
          [
            14.2020736,
            37.3027694
          ],
          [
            14.2019557,
            37.3029316
          ],
          [
            14.2018287,
            37.3030607
          ],
          [
            14.2016827,
            37.303194
          ],
          [
            14.2014988,
            37.3033348
          ],
          [
            14.2013898,
            37.3034071
          ],
          [
            14.2012104,
            37.3034895
          ],
          [
            14.2007936,
            37.3036599
          ],
          [
            14.2005426,
            37.3037338
          ],
          [
            14.2002122,
            37.3037702
          ],
          [
            14.1999739,
            37.3037786
          ],
          [
            14.1996972,
            37.3037574
          ],
          [
            14.1993164,
            37.303704
          ],
          [
            14.199015,
            37.3036154
          ],
          [
            14.1987692,
            37.3035099
          ],
          [
            14.1985084,
            37.3033621
          ],
          [
            14.1981945,
            37.303101
          ],
          [
            14.1979375,
            37.3028161
          ],
          [
            14.1978523,
            37.3026745
          ],
          [
            14.1977934,
            37.3025497
          ],
          [
            14.1977785,
            37.3025035
          ],
          [
            14.1977094,
            37.3022897
          ],
          [
            14.1976827,
            37.3021152
          ],
          [
            14.1976659,
            37.3019811
          ],
          [
            14.1976887,
            37.3018759
          ]
        ]
      },
      "id": "way/96211592"
    },
    {
      "type": "Feature",
      "properties": {
        "@id": "way/96211593",
        "highway": "residential",
        "name": "Via Archimede",
        "surface": "asphalt"
      },
      "geometry": {
        "type": "LineString",
        "coordinates": [
          [
            14.205615,
            37.3009487
          ],
          [
            14.2051741,
            37.3007008
          ],
          [
            14.2049768,
            37.3005899
          ],
          [
            14.2046279,
            37.3003938
          ],
          [
            14.2042985,
            37.3002087
          ]
        ]
      },
      "id": "way/96211593"
    },
    {
      "type": "Feature",
      "properties": {
        "@id": "way/96211596",
        "highway": "residential",
        "name": "Viale della Pace",
        "surface": "asphalt"
      },
      "geometry": {
        "type": "LineString",
        "coordinates": [
          [
            14.2103721,
            37.3006748
          ],
          [
            14.210407,
            37.3007781
          ],
          [
            14.2104698,
            37.3009693
          ],
          [
            14.2105099,
            37.3010928
          ],
          [
            14.2105811,
            37.3013206
          ],
          [
            14.210712,
            37.3017632
          ],
          [
            14.2107281,
            37.3018175
          ],
          [
            14.210932,
            37.302617
          ]
        ]
      },
      "id": "way/96211596"
    },
    {
      "type": "Feature",
      "properties": {
        "@id": "way/96211597",
        "highway": "residential"
      },
      "geometry": {
        "type": "LineString",
        "coordinates": [
          [
            14.2011839,
            37.3016712
          ],
          [
            14.2011718,
            37.301766
          ],
          [
            14.2011831,
            37.3018753
          ],
          [
            14.2012204,
            37.3019615
          ],
          [
            14.2012805,
            37.3020045
          ],
          [
            14.2013329,
            37.302039
          ]
        ]
      },
      "id": "way/96211597"
    },
    {
      "type": "Feature",
      "properties": {
        "@id": "way/96211598",
        "highway": "residential"
      },
      "geometry": {
        "type": "LineString",
        "coordinates": [
          [
            14.201711,
            37.3008583
          ],
          [
            14.2016007,
            37.3010634
          ],
          [
            14.2014694,
            37.3013058
          ],
          [
            14.2013436,
            37.3014911
          ],
          [
            14.2011839,
            37.3016712
          ],
          [
            14.2010917,
            37.3017477
          ],
          [
            14.200969,
            37.3018113
          ],
          [
            14.2007841,
            37.3018859
          ],
          [
            14.200503,
            37.301959
          ]
        ]
      },
      "id": "way/96211598"
    },
    {
      "type": "Feature",
      "properties": {
        "@id": "way/96211599",
        "highway": "residential",
        "name": "Viale Carmelo Cannarozzo",
        "surface": "asphalt"
      },
      "geometry": {
        "type": "LineString",
        "coordinates": [
          [
            14.204886,
            37.3026552
          ],
          [
            14.2046501,
            37.3025365
          ],
          [
            14.204477,
            37.3024583
          ],
          [
            14.2042866,
            37.3023924
          ],
          [
            14.2042181,
            37.3023782
          ],
          [
            14.2041667,
            37.3023675
          ],
          [
            14.2039072,
            37.3023138
          ],
          [
            14.2031379,
            37.3022299
          ],
          [
            14.2029731,
            37.3022119
          ],
          [
            14.2027745,
            37.3021902
          ],
          [
            14.2023651,
            37.3021503
          ]
        ]
      },
      "id": "way/96211599"
    },
    {
      "type": "Feature",
      "properties": {
        "@id": "way/96211602",
        "highway": "residential",
        "name": "Via Luigi Pirandello",
        "surface": "asphalt"
      },
      "geometry": {
        "type": "LineString",
        "coordinates": [
          [
            14.2075883,
            37.2993639
          ],
          [
            14.2074735,
            37.2993051
          ],
          [
            14.2074071,
            37.2992769
          ],
          [
            14.2073308,
            37.2992531
          ],
          [
            14.2072512,
            37.2992374
          ],
          [
            14.2071697,
            37.2992302
          ],
          [
            14.2070878,
            37.2992313
          ],
          [
            14.2070067,
            37.299241
          ],
          [
            14.2069295,
            37.2992585
          ],
          [
            14.2068558,
            37.2992837
          ],
          [
            14.2068225,
            37.2992993
          ],
          [
            14.2067867,
            37.2993161
          ],
          [
            14.2067233,
            37.2993553
          ],
          [
            14.2067052,
            37.2993698
          ],
          [
            14.2066667,
            37.2994006
          ],
          [
            14.2065257,
            37.2995827
          ],
          [
            14.2064339,
            37.2997014
          ],
          [
            14.2062409,
            37.2999424
          ],
          [
            14.2060151,
            37.3001932
          ],
          [
            14.2058618,
            37.3004234
          ],
          [
            14.205807,
            37.300501
          ]
        ]
      },
      "id": "way/96211602"
    },
    {
      "type": "Feature",
      "properties": {
        "@id": "way/96211603",
        "bridge": "viaduct",
        "highway": "unclassified",
        "layer": "1"
      },
      "geometry": {
        "type": "LineString",
        "coordinates": [
          [
            14.2019528,
            37.302102
          ],
          [
            14.2014102,
            37.3020463
          ]
        ]
      },
      "id": "way/96211603"
    },
    {
      "type": "Feature",
      "properties": {
        "@id": "way/101783035",
        "highway": "unclassified"
      },
      "geometry": {
        "type": "LineString",
        "coordinates": [
          [
            14.196667,
            37.3083021
          ],
          [
            14.1965771,
            37.3083015
          ],
          [
            14.1964938,
            37.3082834
          ],
          [
            14.196361,
            37.3082322
          ],
          [
            14.1961628,
            37.3081746
          ],
          [
            14.1959777,
            37.3081522
          ],
          [
            14.1957846,
            37.3081778
          ],
          [
            14.1954842,
            37.3082973
          ],
          [
            14.1948512,
            37.3085959
          ],
          [
            14.1939177,
            37.3092526
          ],
          [
            14.193553,
            37.3095086
          ],
          [
            14.1929253,
            37.3097838
          ],
          [
            14.1917398,
            37.3102254
          ],
          [
            14.1916486,
            37.3102958
          ],
          [
            14.1916191,
            37.3103726
          ],
          [
            14.1915654,
            37.3109081
          ],
          [
            14.1914179,
            37.3111385
          ],
          [
            14.1911604,
            37.311548
          ],
          [
            14.1909808,
            37.3117358
          ],
          [
            14.1906373,
            37.3122073
          ],
          [
            14.1905587,
            37.3123416
          ],
          [
            14.1905801,
            37.3124909
          ],
          [
            14.1906291,
            37.3127794
          ],
          [
            14.1905828,
            37.3129155
          ],
          [
            14.1904539,
            37.3129515
          ]
        ]
      },
      "id": "way/101783035"
    },
    {
      "type": "Feature",
      "properties": {
        "@id": "way/153804332",
        "cycleway": "no",
        "highway": "residential",
        "maxspeed": "50",
        "name": "Viale Principe Umberto",
        "surface": "asphalt"
      },
      "geometry": {
        "type": "LineString",
        "coordinates": [
          [
            14.2181644,
            37.3049949
          ],
          [
            14.218191,
            37.3049107
          ],
          [
            14.218297,
            37.3048676
          ],
          [
            14.2183799,
            37.3048512
          ],
          [
            14.2184719,
            37.3048408
          ],
          [
            14.2187942,
            37.3048144
          ],
          [
            14.2191365,
            37.3047814
          ],
          [
            14.219179,
            37.3047784
          ],
          [
            14.2192966,
            37.3047679
          ],
          [
            14.2193799,
            37.30477
          ],
          [
            14.2194622,
            37.3047805
          ],
          [
            14.2195311,
            37.304796
          ],
          [
            14.2195974,
            37.3048174
          ],
          [
            14.2197278,
            37.304906
          ],
          [
            14.2197387,
            37.3049124
          ],
          [
            14.2197499,
            37.3049188
          ],
          [
            14.2197721,
            37.3049335
          ],
          [
            14.2197791,
            37.3049392
          ],
          [
            14.2198032,
            37.3049525
          ],
          [
            14.2198352,
            37.3049692
          ],
          [
            14.2198711,
            37.3049795
          ],
          [
            14.2199057,
            37.3049827
          ],
          [
            14.2199404,
            37.30498
          ],
          [
            14.2199735,
            37.3049715
          ],
          [
            14.2209141,
            37.3046846
          ],
          [
            14.2209771,
            37.3046654
          ],
          [
            14.2210628,
            37.3046496
          ],
          [
            14.221152,
            37.3046363
          ],
          [
            14.2212532,
            37.304632
          ]
        ]
      },
      "id": "way/153804332"
    },
    {
      "type": "Feature",
      "properties": {
        "@id": "way/153805293",
        "bicycle": "yes",
        "foot": "yes",
        "highway": "residential",
        "lanes": "1",
        "maxspeed": "50",
        "name": "Via Zara",
        "oneway": "yes",
        "surface": "paving_stones"
      },
      "geometry": {
        "type": "LineString",
        "coordinates": [
          [
            14.2190369,
            37.3032727
          ],
          [
            14.2189924,
            37.30342
          ],
          [
            14.2189843,
            37.3034455
          ],
          [
            14.2189455,
            37.3035756
          ],
          [
            14.2189382,
            37.3035925
          ],
          [
            14.2189303,
            37.3036106
          ],
          [
            14.218873,
            37.303768
          ],
          [
            14.2188708,
            37.3038062
          ],
          [
            14.2187832,
            37.3039186
          ],
          [
            14.2187038,
            37.3040197
          ],
          [
            14.2186698,
            37.3040569
          ],
          [
            14.2185662,
            37.3041702
          ],
          [
            14.2185496,
            37.3041892
          ],
          [
            14.2184331,
            37.3043225
          ],
          [
            14.2183116,
            37.3044615
          ]
        ]
      },
      "id": "way/153805293"
    },
    {
      "type": "Feature",
      "properties": {
        "@id": "way/202123277",
        "highway": "primary",
        "name": "Strada statale di Pietraperzia",
        "ref": "SS191",
        "surface": "asphalt"
      },
      "geometry": {
        "type": "LineString",
        "coordinates": [
          [
            14.2066938,
            37.2633825
          ],
          [
            14.2063504,
            37.2643078
          ],
          [
            14.2058338,
            37.2657492
          ],
          [
            14.2056788,
            37.2662353
          ],
          [
            14.2054235,
            37.2667964
          ],
          [
            14.20515,
            37.2671833
          ],
          [
            14.2046516,
            37.2677444
          ],
          [
            14.2042948,
            37.2680188
          ],
          [
            14.2029314,
            37.2688051
          ],
          [
            14.2017973,
            37.269469
          ],
          [
            14.2015243,
            37.2696644
          ],
          [
            14.201393,
            37.2697987
          ],
          [
            14.2012989,
            37.2699355
          ],
          [
            14.2012413,
            37.2700897
          ],
          [
            14.2012452,
            37.2703064
          ],
          [
            14.2013377,
            37.270493
          ],
          [
            14.2014792,
            37.2706105
          ],
          [
            14.2020178,
            37.2708875
          ],
          [
            14.2021165,
            37.2709425
          ],
          [
            14.2022082,
            37.271039
          ],
          [
            14.2024029,
            37.2712401
          ],
          [
            14.202691,
            37.271451
          ],
          [
            14.2029761,
            37.2716204
          ],
          [
            14.2031792,
            37.2717242
          ],
          [
            14.203426,
            37.2718113
          ],
          [
            14.2036459,
            37.2718693
          ],
          [
            14.2038125,
            37.2718759
          ],
          [
            14.2040522,
            37.2718452
          ],
          [
            14.2041752,
            37.2718399
          ],
          [
            14.2042986,
            37.271865
          ],
          [
            14.2046311,
            37.2720289
          ],
          [
            14.2048046,
            37.2721169
          ],
          [
            14.2049512,
            37.272168
          ],
          [
            14.2051137,
            37.2721789
          ],
          [
            14.2053062,
            37.2721767
          ],
          [
            14.2055105,
            37.2721894
          ],
          [
            14.2057296,
            37.2722629
          ],
          [
            14.2058432,
            37.272326
          ],
          [
            14.2059568,
            37.2724077
          ],
          [
            14.2060411,
            37.2725235
          ],
          [
            14.2060663,
            37.2726445
          ],
          [
            14.2060653,
            37.2728031
          ],
          [
            14.2060672,
            37.2729562
          ],
          [
            14.2061046,
            37.2730838
          ],
          [
            14.2062337,
            37.2732336
          ],
          [
            14.2065356,
            37.273506
          ],
          [
            14.2071299,
            37.274026
          ],
          [
            14.2076231,
            37.2744841
          ],
          [
            14.2079016,
            37.2748617
          ],
          [
            14.2084656,
            37.2757182
          ],
          [
            14.2087024,
            37.2762403
          ],
          [
            14.2088678,
            37.2766693
          ],
          [
            14.2089908,
            37.2769949
          ],
          [
            14.2090001,
            37.2772474
          ],
          [
            14.2088896,
            37.2775681
          ],
          [
            14.2086313,
            37.2781326
          ],
          [
            14.2084571,
            37.2785783
          ],
          [
            14.2083575,
            37.2789312
          ],
          [
            14.2083591,
            37.279227
          ],
          [
            14.2084618,
            37.2795712
          ],
          [
            14.2086438,
            37.2799884
          ],
          [
            14.2087776,
            37.2801172
          ],
          [
            14.2096987,
            37.2805034
          ],
          [
            14.2110072,
            37.2810754
          ],
          [
            14.2118847,
            37.2814653
          ],
          [
            14.2124293,
            37.2817773
          ],
          [
            14.212854,
            37.2821376
          ],
          [
            14.2132555,
            37.2825634
          ],
          [
            14.2135245,
            37.2829483
          ],
          [
            14.2137807,
            37.2833535
          ],
          [
            14.2140114,
            37.2837519
          ],
          [
            14.2140639,
            37.2839543
          ],
          [
            14.2140714,
            37.2841357
          ],
          [
            14.2140478,
            37.2842915
          ],
          [
            14.2139911,
            37.2844296
          ],
          [
            14.2138655,
            37.284586
          ],
          [
            14.2136904,
            37.2847049
          ],
          [
            14.2134048,
            37.2848317
          ],
          [
            14.2131898,
            37.2848628
          ],
          [
            14.2126923,
            37.2848755
          ],
          [
            14.2124523,
            37.2849267
          ],
          [
            14.2122724,
            37.2850417
          ],
          [
            14.2121376,
            37.2852285
          ],
          [
            14.2120496,
            37.2854183
          ],
          [
            14.2120115,
            37.2856144
          ],
          [
            14.212046,
            37.2858349
          ],
          [
            14.2121477,
            37.2860123
          ],
          [
            14.2122695,
            37.2861887
          ],
          [
            14.2123528,
            37.2863321
          ],
          [
            14.2124091,
            37.286505
          ],
          [
            14.2123636,
            37.2866552
          ],
          [
            14.2122481,
            37.2868566
          ],
          [
            14.2120234,
            37.2872061
          ],
          [
            14.2119718,
            37.2873688
          ],
          [
            14.2119674,
            37.2875299
          ],
          [
            14.2120522,
            37.287949
          ],
          [
            14.2120276,
            37.2881387
          ],
          [
            14.2119554,
            37.288279
          ],
          [
            14.2118776,
            37.2883794
          ],
          [
            14.2117352,
            37.2885119
          ],
          [
            14.2116082,
            37.2886948
          ],
          [
            14.2114867,
            37.2890747
          ],
          [
            14.2113981,
            37.2894733
          ],
          [
            14.2113029,
            37.2898302
          ],
          [
            14.2112156,
            37.290131
          ],
          [
            14.2111518,
            37.290267
          ],
          [
            14.2110264,
            37.290426
          ],
          [
            14.210742,
            37.2906672
          ],
          [
            14.2105405,
            37.2907871
          ],
          [
            14.2103634,
            37.2908609
          ],
          [
            14.2098448,
            37.2911583
          ],
          [
            14.2091337,
            37.2915814
          ],
          [
            14.2086232,
            37.2919755
          ],
          [
            14.2081491,
            37.2925218
          ],
          [
            14.2079881,
            37.2926646
          ],
          [
            14.207841,
            37.2927765
          ],
          [
            14.2076558,
            37.2928511
          ],
          [
            14.2073742,
            37.2929497
          ],
          [
            14.2065173,
            37.2932471
          ],
          [
            14.2059326,
            37.2934731
          ],
          [
            14.2057088,
            37.2935271
          ],
          [
            14.2054894,
            37.293538
          ],
          [
            14.2050916,
            37.2935135
          ],
          [
            14.2046314,
            37.2935218
          ],
          [
            14.2042693,
            37.2935627
          ],
          [
            14.2029465,
            37.2937351
          ],
          [
            14.2023113,
            37.2938194
          ],
          [
            14.2021485,
            37.2938443
          ],
          [
            14.2019588,
            37.293873
          ]
        ]
      },
      "id": "way/202123277"
    },
    {
      "type": "Feature",
      "properties": {
        "@id": "way/205696829",
        "highway": "unclassified"
      },
      "geometry": {
        "type": "LineString",
        "coordinates": [
          [
            14.2377901,
            37.3368282
          ],
          [
            14.2359692,
            37.3376469
          ],
          [
            14.2357417,
            37.3377483
          ],
          [
            14.2351696,
            37.3380033
          ],
          [
            14.2349278,
            37.3380933
          ],
          [
            14.2346277,
            37.3381525
          ],
          [
            14.2320689,
            37.3384319
          ],
          [
            14.2318436,
            37.3384319
          ],
          [
            14.2315754,
            37.3383551
          ],
          [
            14.2313967,
            37.3382835
          ],
          [
            14.2307385,
            37.3377751
          ],
          [
            14.230356,
            37.3375072
          ],
          [
            14.2298695,
            37.3372803
          ],
          [
            14.2296013,
            37.3372121
          ],
          [
            14.2293867,
            37.337195
          ],
          [
            14.2286571,
            37.3372803
          ],
          [
            14.2283889,
            37.337323
          ],
          [
            14.2278525,
            37.3375362
          ],
          [
            14.2273053,
            37.3377665
          ],
          [
            14.2258247,
            37.338193
          ],
          [
            14.2255029,
            37.3382442
          ],
          [
            14.2252706,
            37.3382237
          ],
          [
            14.2249771,
            37.3381163
          ],
          [
            14.2236827,
            37.337439
          ],
          [
            14.2234145,
            37.3372812
          ],
          [
            14.2203637,
            37.3348747
          ],
          [
            14.2200419,
            37.3346871
          ],
          [
            14.2160996,
            37.3326446
          ],
          [
            14.2156776,
            37.332426
          ],
          [
            14.2119738,
            37.330507
          ],
          [
            14.2116305,
            37.3303193
          ],
          [
            14.2111477,
            37.3299866
          ],
          [
            14.2101235,
            37.3292574
          ],
          [
            14.2004371,
            37.3223605
          ],
          [
            14.2001295,
            37.3221415
          ],
          [
            14.1961219,
            37.3192878
          ],
          [
            14.1959744,
            37.319179
          ],
          [
            14.1958353,
            37.3190594
          ],
          [
            14.1956981,
            37.3188783
          ],
          [
            14.1955479,
            37.3186137
          ],
          [
            14.1949099,
            37.3174511
          ],
          [
            14.1947352,
            37.3172081
          ],
          [
            14.194239,
            37.316711
          ],
          [
            14.1939386,
            37.316455
          ],
          [
            14.1937026,
            37.3162993
          ],
          [
            14.1934022,
            37.3162161
          ],
          [
            14.1932576,
            37.3162033
          ]
        ]
      },
      "id": "way/205696829"
    },
    {
      "type": "Feature",
      "properties": {
        "@id": "way/205696831",
        "highway": "unclassified"
      },
      "geometry": {
        "type": "LineString",
        "coordinates": [
          [
            14.223621,
            37.3160975
          ],
          [
            14.2236143,
            37.3162806
          ],
          [
            14.2238184,
            37.3166086
          ],
          [
            14.2240115,
            37.3169243
          ],
          [
            14.2242798,
            37.3171632
          ],
          [
            14.224666,
            37.3174277
          ],
          [
            14.2253741,
            37.3178714
          ],
          [
            14.2256101,
            37.3180165
          ],
          [
            14.2258247,
            37.3182298
          ],
          [
            14.2262515,
            37.3187203
          ],
          [
            14.2268118,
            37.319484
          ],
          [
            14.227434,
            37.3202093
          ],
          [
            14.2277237,
            37.3204567
          ],
          [
            14.2288181,
            37.3211137
          ],
          [
            14.2291936,
            37.3213441
          ],
          [
            14.2302396,
            37.3220479
          ],
          [
            14.230591,
            37.3222506
          ],
          [
            14.2308375,
            37.3223385
          ],
          [
            14.2312267,
            37.3224532
          ]
        ]
      },
      "id": "way/205696831"
    },
    {
      "type": "Feature",
      "properties": {
        "@id": "way/205696834",
        "highway": "unclassified"
      },
      "geometry": {
        "type": "LineString",
        "coordinates": [
          [
            14.2418324,
            37.3212971
          ],
          [
            14.2416983,
            37.3211436
          ],
          [
            14.2415535,
            37.3210454
          ],
          [
            14.2411868,
            37.3208842
          ],
          [
            14.2406147,
            37.320717
          ],
          [
            14.2397832,
            37.3204994
          ],
          [
            14.2387103,
            37.3201624
          ],
          [
            14.2385226,
            37.3201197
          ],
          [
            14.2382543,
            37.3200856
          ],
          [
            14.2379271,
            37.3200984
          ],
          [
            14.2373907,
            37.3201624
          ],
          [
            14.2369669,
            37.320205
          ],
          [
            14.2365538,
            37.3202221
          ],
          [
            14.2364197,
            37.3202136
          ],
          [
            14.2362856,
            37.3201709
          ],
          [
            14.2361515,
            37.320124
          ],
          [
            14.2360496,
            37.3200941
          ],
          [
            14.2359155,
            37.3200941
          ],
          [
            14.23554,
            37.3201496
          ],
          [
            14.2353415,
            37.3201496
          ],
          [
            14.2351537,
            37.3201666
          ],
          [
            14.2350411,
            37.3202008
          ],
          [
            14.2349177,
            37.3202562
          ],
          [
            14.2346709,
            37.3204695
          ],
          [
            14.2344402,
            37.3206188
          ],
          [
            14.2342667,
            37.3206581
          ],
          [
            14.2339789,
            37.3207042
          ],
          [
            14.2337643,
            37.3207084
          ],
          [
            14.2335766,
            37.3206914
          ],
          [
            14.2333601,
            37.3206453
          ],
          [
            14.233126,
            37.3205804
          ],
          [
            14.2329114,
            37.3204973
          ],
          [
            14.2326137,
            37.3204162
          ],
          [
            14.2323427,
            37.3203778
          ],
          [
            14.232104,
            37.3203757
          ],
          [
            14.2318573,
            37.3203927
          ],
          [
            14.2316642,
            37.3203991
          ],
          [
            14.2313611,
            37.3203778
          ],
          [
            14.2304116,
            37.3204055
          ],
          [
            14.2301433,
            37.320397
          ],
          [
            14.2298537,
            37.3203586
          ],
          [
            14.2296445,
            37.3202946
          ],
          [
            14.2294674,
            37.3202093
          ],
          [
            14.2293655,
            37.3200984
          ],
          [
            14.2292636,
            37.3199107
          ],
          [
            14.2291812,
            37.3196939
          ],
          [
            14.2290812,
            37.3195224
          ],
          [
            14.2289149,
            37.3193475
          ],
          [
            14.2286359,
            37.3191939
          ],
          [
            14.2283677,
            37.319083
          ],
          [
            14.2281424,
            37.3190233
          ],
          [
            14.2278474,
            37.3189593
          ],
          [
            14.2275612,
            37.3188706
          ],
          [
            14.2273806,
            37.3187567
          ],
          [
            14.2272573,
            37.3186351
          ],
          [
            14.2271642,
            37.3184354
          ],
          [
            14.2270857,
            37.3183001
          ],
          [
            14.2269979,
            37.3181837
          ],
          [
            14.226863,
            37.3180613
          ],
          [
            14.2265814,
            37.3178288
          ],
          [
            14.2264687,
            37.3177008
          ],
          [
            14.2263775,
            37.3175131
          ],
          [
            14.2263113,
            37.317275
          ],
          [
            14.2262005,
            37.3171078
          ],
          [
            14.2260127,
            37.31692
          ],
          [
            14.2258196,
            37.3167451
          ],
          [
            14.2256407,
            37.3166692
          ],
          [
            14.2253905,
            37.3166171
          ],
          [
            14.2244597,
            37.3163889
          ],
          [
            14.2238992,
            37.3162076
          ],
          [
            14.223621,
            37.3160975
          ],
          [
            14.2233064,
            37.3158684
          ],
          [
            14.2230731,
            37.3156828
          ],
          [
            14.2225902,
            37.3151879
          ],
          [
            14.2216139,
            37.3139634
          ],
          [
            14.2214959,
            37.3137971
          ],
          [
            14.2213672,
            37.3136861
          ],
          [
            14.2212062,
            37.3135539
          ],
          [
            14.2210614,
            37.3134088
          ],
          [
            14.2209541,
            37.3132595
          ],
          [
            14.2208736,
            37.3129907
          ],
          [
            14.2208361,
            37.3127518
          ],
          [
            14.2207932,
            37.312628
          ],
          [
            14.2206751,
            37.3123976
          ],
          [
            14.2206054,
            37.3121715
          ],
          [
            14.2205625,
            37.3119923
          ],
          [
            14.2204767,
            37.3118003
          ],
          [
            14.2203694,
            37.3116382
          ],
          [
            14.2203104,
            37.3114601
          ],
          [
            14.2202994,
            37.3112777
          ]
        ]
      },
      "id": "way/205696834"
    },
    {
      "type": "Feature",
      "properties": {
        "@id": "way/205696841",
        "highway": "tertiary",
        "oneway": "yes",
        "surface": "asphalt"
      },
      "geometry": {
        "type": "LineString",
        "coordinates": [
          [
            14.2223738,
            37.3112209
          ],
          [
            14.2224937,
            37.3111752
          ],
          [
            14.2225937,
            37.3111609
          ],
          [
            14.222609,
            37.3112178
          ],
          [
            14.2225822,
            37.3112562
          ],
          [
            14.2225286,
            37.3112925
          ],
          [
            14.2224814,
            37.3113136
          ]
        ]
      },
      "id": "way/205696841"
    },
    {
      "type": "Feature",
      "properties": {
        "@id": "way/205696843",
        "highway": "tertiary",
        "oneway": "yes",
        "surface": "asphalt"
      },
      "geometry": {
        "type": "LineString",
        "coordinates": [
          [
            14.2227615,
            37.3114148
          ],
          [
            14.2226366,
            37.3113532
          ],
          [
            14.2225473,
            37.3113267
          ],
          [
            14.2224814,
            37.3113136
          ],
          [
            14.2223059,
            37.3112606
          ]
        ]
      },
      "id": "way/205696843"
    },
    {
      "type": "Feature",
      "properties": {
        "@id": "way/220636221",
        "highway": "unclassified",
        "name": "Viale Carmelo Cannarozzo"
      },
      "geometry": {
        "type": "LineString",
        "coordinates": [
          [
            14.2022492,
            37.3021368
          ],
          [
            14.2019528,
            37.302102
          ]
        ]
      },
      "id": "way/220636221"
    },
    {
      "type": "Feature",
      "properties": {
        "@id": "way/220636233",
        "bridge": "viaduct",
        "highway": "unclassified",
        "layer": "1"
      },
      "geometry": {
        "type": "LineString",
        "coordinates": [
          [
            14.2023651,
            37.3021503
          ],
          [
            14.2022492,
            37.3021368
          ]
        ]
      },
      "id": "way/220636233"
    },
    {
      "type": "Feature",
      "properties": {
        "@id": "way/251668399",
        "highway": "secondary",
        "oneway": "yes",
        "surface": "asphalt"
      },
      "geometry": {
        "type": "LineString",
        "coordinates": [
          [
            14.2019588,
            37.293873
          ],
          [
            14.2019078,
            37.2938219
          ],
          [
            14.2018803,
            37.2937787
          ],
          [
            14.2018488,
            37.2937057
          ],
          [
            14.2018226,
            37.2935554
          ]
        ]
      },
      "id": "way/251668399"
    },
    {
      "type": "Feature",
      "properties": {
        "@id": "way/251668400",
        "highway": "secondary",
        "name": "Viale Europa",
        "surface": "asphalt"
      },
      "geometry": {
        "type": "LineString",
        "coordinates": [
          [
            14.2180544,
            37.3032921
          ],
          [
            14.2179581,
            37.3032772
          ],
          [
            14.2178607,
            37.3032514
          ],
          [
            14.2178025,
            37.3032362
          ],
          [
            14.2176009,
            37.303167
          ],
          [
            14.2174977,
            37.30313
          ],
          [
            14.2173901,
            37.3030785
          ],
          [
            14.2172701,
            37.3030169
          ],
          [
            14.2172411,
            37.3029944
          ],
          [
            14.2171493,
            37.3029233
          ],
          [
            14.216994,
            37.3027959
          ],
          [
            14.2167559,
            37.302596
          ],
          [
            14.2165308,
            37.302407
          ],
          [
            14.2163936,
            37.3023061
          ],
          [
            14.2162731,
            37.302205
          ],
          [
            14.2162047,
            37.3021463
          ],
          [
            14.216087,
            37.3020382
          ],
          [
            14.2160534,
            37.3020036
          ],
          [
            14.2159972,
            37.301892
          ],
          [
            14.2159784,
            37.3018011
          ],
          [
            14.2159149,
            37.3014731
          ],
          [
            14.215905,
            37.3014352
          ],
          [
            14.2158206,
            37.3012478
          ],
          [
            14.215777,
            37.3011836
          ],
          [
            14.215598,
            37.3010042
          ],
          [
            14.215506,
            37.3009386
          ],
          [
            14.2154427,
            37.3009019
          ],
          [
            14.2153627,
            37.3008656
          ],
          [
            14.2152694,
            37.3008232
          ],
          [
            14.2151293,
            37.3007907
          ],
          [
            14.2149902,
            37.3007862
          ],
          [
            14.214785,
            37.3008041
          ],
          [
            14.2145795,
            37.3008296
          ],
          [
            14.214507,
            37.3008391
          ],
          [
            14.2143634,
            37.3008533
          ]
        ]
      },
      "id": "way/251668400"
    },
    {
      "type": "Feature",
      "properties": {
        "@id": "way/251668401",
        "highway": "secondary",
        "name": "Strada provinciale 27 Mazzarino-Riesi",
        "ref": "SP27",
        "surface": "asphalt"
      },
      "geometry": {
        "type": "LineString",
        "coordinates": [
          [
            14.2018203,
            37.2933479
          ],
          [
            14.2017765,
            37.2928905
          ],
          [
            14.201753,
            37.2927658
          ],
          [
            14.2016971,
            37.2926274
          ],
          [
            14.2016105,
            37.2924893
          ],
          [
            14.2013731,
            37.2921606
          ],
          [
            14.201274,
            37.2920552
          ],
          [
            14.200962,
            37.2917711
          ],
          [
            14.2008661,
            37.2916527
          ],
          [
            14.2007658,
            37.2915121
          ],
          [
            14.2004124,
            37.2909549
          ],
          [
            14.2003104,
            37.2908337
          ],
          [
            14.2001833,
            37.290713
          ],
          [
            14.1999408,
            37.2905436
          ],
          [
            14.1992907,
            37.2901149
          ],
          [
            14.1983776,
            37.2895127
          ],
          [
            14.1981963,
            37.2894266
          ],
          [
            14.1980139,
            37.2893731
          ],
          [
            14.1978078,
            37.289337
          ],
          [
            14.1975186,
            37.289305
          ],
          [
            14.196052,
            37.2891426
          ],
          [
            14.1958271,
            37.2891305
          ],
          [
            14.1950177,
            37.2891361
          ],
          [
            14.1948422,
            37.2891275
          ],
          [
            14.1946572,
            37.2891026
          ],
          [
            14.1944712,
            37.2890616
          ],
          [
            14.1942777,
            37.2890143
          ],
          [
            14.1941228,
            37.2889643
          ],
          [
            14.1939651,
            37.2888915
          ],
          [
            14.1938233,
            37.2888186
          ],
          [
            14.1936426,
            37.2886856
          ],
          [
            14.1932219,
            37.2883435
          ],
          [
            14.1923304,
            37.2871738
          ],
          [
            14.1919461,
            37.286764
          ],
          [
            14.191518,
            37.2863693
          ],
          [
            14.1913626,
            37.2862466
          ],
          [
            14.1911557,
            37.2861475
          ],
          [
            14.1908517,
            37.2861153
          ],
          [
            14.1904414,
            37.2861113
          ],
          [
            14.1901946,
            37.2860897
          ],
          [
            14.189786,
            37.2860102
          ],
          [
            14.1893551,
            37.2859296
          ],
          [
            14.1891142,
            37.2859086
          ],
          [
            14.1886163,
            37.2859239
          ],
          [
            14.1882524,
            37.2859693
          ],
          [
            14.1879174,
            37.2860683
          ],
          [
            14.1876623,
            37.2861836
          ],
          [
            14.1873671,
            37.2863345
          ],
          [
            14.1871602,
            37.2863763
          ],
          [
            14.1869983,
            37.2863902
          ],
          [
            14.1869454,
            37.2863892
          ],
          [
            14.1865487,
            37.2863815
          ],
          [
            14.185931,
            37.2862651
          ],
          [
            14.184775,
            37.285765
          ],
          [
            14.1843493,
            37.2856217
          ],
          [
            14.1832969,
            37.2852674
          ],
          [
            14.1826419,
            37.2850542
          ],
          [
            14.182578,
            37.2850334
          ],
          [
            14.1816492,
            37.284693
          ],
          [
            14.1805989,
            37.2841867
          ],
          [
            14.1800189,
            37.2839194
          ],
          [
            14.179902,
            37.2838656
          ],
          [
            14.1793667,
            37.2835962
          ],
          [
            14.179026,
            37.28351
          ],
          [
            14.1787194,
            37.2834897
          ],
          [
            14.1779928,
            37.2835863
          ],
          [
            14.1777845,
            37.2836241
          ],
          [
            14.1774265,
            37.283689
          ],
          [
            14.1769286,
            37.2837026
          ],
          [
            14.1757446,
            37.2836643
          ],
          [
            14.1750008,
            37.2836494
          ],
          [
            14.1745232,
            37.2836148
          ],
          [
            14.1743911,
            37.2835938
          ],
          [
            14.1742664,
            37.2835739
          ],
          [
            14.1738184,
            37.2834427
          ],
          [
            14.1733391,
            37.2832941
          ],
          [
            14.1713182,
            37.2830151
          ],
          [
            14.1712854,
            37.2830106
          ],
          [
            14.1702056,
            37.2828943
          ],
          [
            14.1694167,
            37.2826417
          ],
          [
            14.1681424,
            37.2820636
          ],
          [
            14.1672665,
            37.2816823
          ],
          [
            14.1661882,
            37.2811983
          ],
          [
            14.1657723,
            37.2810078
          ],
          [
            14.1654585,
            37.280864
          ],
          [
            14.1645361,
            37.2804644
          ],
          [
            14.1644067,
            37.2804084
          ],
          [
            14.1636286,
            37.2800448
          ],
          [
            14.1633927,
            37.2799183
          ],
          [
            14.1631808,
            37.2797899
          ],
          [
            14.1618302,
            37.2788572
          ],
          [
            14.1608056,
            37.2781653
          ],
          [
            14.1603085,
            37.2778296
          ],
          [
            14.1594123,
            37.277197
          ],
          [
            14.1590125,
            37.2768912
          ],
          [
            14.1579622,
            37.2763316
          ],
          [
            14.156842,
            37.2757819
          ],
          [
            14.1558089,
            37.2752569
          ],
          [
            14.1549376,
            37.2747555
          ],
          [
            14.1544755,
            37.2745079
          ],
          [
            14.1539496,
            37.2741897
          ],
          [
            14.1530736,
            37.273562
          ],
          [
            14.1528053,
            37.2733351
          ],
          [
            14.1524263,
            37.2730147
          ],
          [
            14.1516515,
            37.2723424
          ],
          [
            14.1510105,
            37.2718323
          ],
          [
            14.1503912,
            37.2713755
          ],
          [
            14.1499011,
            37.2710424
          ],
          [
            14.1495013,
            37.2708468
          ],
          [
            14.1489147,
            37.2706289
          ],
          [
            14.1486416,
            37.2705037
          ],
          [
            14.1483717,
            37.2703911
          ],
          [
            14.1480604,
            37.2702098
          ],
          [
            14.1478824,
            37.2700603
          ],
          [
            14.1476067,
            37.2697129
          ],
          [
            14.1475268,
            37.2695516
          ],
          [
            14.1474777,
            37.2694104
          ],
          [
            14.1474101,
            37.269013
          ],
          [
            14.1472405,
            37.2684435
          ],
          [
            14.1468831,
            37.2675076
          ],
          [
            14.1466291,
            37.2668771
          ],
          [
            14.1464097,
            37.2665044
          ],
          [
            14.1460456,
            37.26605
          ],
          [
            14.1457593,
            37.2656934
          ],
          [
            14.1453035,
            37.2653789
          ],
          [
            14.1450834,
            37.2652638
          ],
          [
            14.1446002,
            37.2650111
          ],
          [
            14.1438114,
            37.2646409
          ],
          [
            14.1432575,
            37.2642942
          ],
          [
            14.1422103,
            37.2635475
          ],
          [
            14.1415335,
            37.2630534
          ],
          [
            14.1411586,
            37.2626646
          ],
          [
            14.1408178,
            37.2622287
          ],
          [
            14.140614,
            37.2619906
          ],
          [
            14.1403759,
            37.2617743
          ],
          [
            14.1395544,
            37.2610783
          ],
          [
            14.139293,
            37.2608195
          ],
          [
            14.1386847,
            37.2602189
          ],
          [
            14.1382786,
            37.2599601
          ],
          [
            14.1378974,
            37.2598053
          ],
          [
            14.1372641,
            37.2596803
          ],
          [
            14.1357363,
            37.2594004
          ],
          [
            14.1340574,
            37.2591478
          ],
          [
            14.132388,
            37.2589224
          ],
          [
            14.1316267,
            37.2587981
          ],
          [
            14.1311893,
            37.2586905
          ],
          [
            14.1309047,
            37.2586053
          ],
          [
            14.1293004,
            37.2580185
          ]
        ]
      },
      "id": "way/251668401"
    },
    {
      "type": "Feature",
      "properties": {
        "@id": "way/372569371",
        "highway": "residential",
        "name": "Via Gallo",
        "oneway": "yes",
        "surface": "asphalt"
      },
      "geometry": {
        "type": "LineString",
        "coordinates": [
          [
            14.2174829,
            37.3061865
          ],
          [
            14.2174842,
            37.3062775
          ],
          [
            14.2174668,
            37.3063715
          ],
          [
            14.2174225,
            37.3064279
          ],
          [
            14.2172669,
            37.3065645
          ],
          [
            14.2172058,
            37.3066087
          ],
          [
            14.2171254,
            37.3066592
          ],
          [
            14.2170596,
            37.3066908
          ],
          [
            14.2170175,
            37.3067132
          ],
          [
            14.2169796,
            37.3067399
          ],
          [
            14.2169464,
            37.3067704
          ],
          [
            14.2169118,
            37.3068141
          ],
          [
            14.2168869,
            37.3068618
          ],
          [
            14.2168727,
            37.3069122
          ],
          [
            14.2168102,
            37.307229
          ],
          [
            14.2167678,
            37.3073482
          ],
          [
            14.2167074,
            37.3074741
          ],
          [
            14.2166307,
            37.3075694
          ],
          [
            14.2165416,
            37.3076509
          ],
          [
            14.2164599,
            37.3077093
          ],
          [
            14.2164248,
            37.3077287
          ],
          [
            14.2163589,
            37.3077647
          ],
          [
            14.21625,
            37.3078027
          ],
          [
            14.2161129,
            37.3078443
          ],
          [
            14.2158482,
            37.3079224
          ],
          [
            14.215439,
            37.3080362
          ],
          [
            14.2149669,
            37.3081778
          ]
        ]
      },
      "id": "way/372569371"
    },
    {
      "type": "Feature",
      "properties": {
        "@id": "way/372569375",
        "highway": "residential",
        "name": "Via Guglielmo Marconi",
        "oneway": "yes",
        "surface": "paving_stones"
      },
      "geometry": {
        "type": "LineString",
        "coordinates": [
          [
            14.2176063,
            37.3061155
          ],
          [
            14.2176194,
            37.306078
          ],
          [
            14.2177232,
            37.3057804
          ],
          [
            14.2177514,
            37.3056996
          ],
          [
            14.2177862,
            37.3055997
          ],
          [
            14.2177955,
            37.3055731
          ],
          [
            14.2178891,
            37.3053047
          ],
          [
            14.2179005,
            37.305272
          ]
        ]
      },
      "id": "way/372569375"
    },
    {
      "type": "Feature",
      "properties": {
        "@id": "way/372569377",
        "highway": "residential",
        "name": "Via Anzaldi",
        "oneway": "yes"
      },
      "geometry": {
        "type": "LineString",
        "coordinates": [
          [
            14.2157622,
            37.3069133
          ],
          [
            14.215811,
            37.3069265
          ],
          [
            14.2159693,
            37.3069116
          ],
          [
            14.216153,
            37.3068892
          ],
          [
            14.2161958,
            37.3068826
          ],
          [
            14.2163382,
            37.3068306
          ],
          [
            14.2163736,
            37.3068081
          ],
          [
            14.2164675,
            37.306702
          ],
          [
            14.2165122,
            37.3066604
          ],
          [
            14.2165379,
            37.3066364
          ],
          [
            14.2165882,
            37.3066017
          ],
          [
            14.2166258,
            37.3065794
          ],
          [
            14.2169242,
            37.3064305
          ],
          [
            14.2170591,
            37.3063759
          ],
          [
            14.217158,
            37.3063358
          ],
          [
            14.217191,
            37.3063222
          ],
          [
            14.2172272,
            37.3063073
          ],
          [
            14.2174829,
            37.3061865
          ]
        ]
      },
      "id": "way/372569377"
    },
    {
      "type": "Feature",
      "properties": {
        "@id": "way/372569381",
        "highway": "residential",
        "name": "Via Bivona",
        "oneway": "yes"
      },
      "geometry": {
        "type": "LineString",
        "coordinates": [
          [
            14.213601,
            37.3059929
          ],
          [
            14.213584,
            37.3059807
          ],
          [
            14.2134864,
            37.3058967
          ],
          [
            14.2134418,
            37.3058583
          ],
          [
            14.2133576,
            37.3057858
          ],
          [
            14.2131699,
            37.3054946
          ],
          [
            14.2131138,
            37.3054076
          ],
          [
            14.2129432,
            37.3051415
          ],
          [
            14.2128889,
            37.3050834
          ],
          [
            14.2127836,
            37.305022
          ],
          [
            14.2127434,
            37.3049815
          ],
          [
            14.2127166,
            37.3049281
          ],
          [
            14.2127085,
            37.3048599
          ],
          [
            14.2127068,
            37.3047219
          ],
          [
            14.2127064,
            37.3046602
          ]
        ]
      },
      "id": "way/372569381"
    },
    {
      "type": "Feature",
      "properties": {
        "@id": "way/372569382",
        "highway": "residential"
      },
      "geometry": {
        "type": "LineString",
        "coordinates": [
          [
            14.21625,
            37.3078027
          ],
          [
            14.2162342,
            37.307837
          ],
          [
            14.2161007,
            37.3079122
          ],
          [
            14.2158955,
            37.3080241
          ],
          [
            14.2154074,
            37.3082769
          ],
          [
            14.2150058,
            37.308279
          ],
          [
            14.2149325,
            37.3082783
          ]
        ]
      },
      "id": "way/372569382"
    },
    {
      "type": "Feature",
      "properties": {
        "@id": "way/372569385",
        "highway": "residential",
        "name": "Via Bivona",
        "surface": "paving_stones"
      },
      "geometry": {
        "type": "LineString",
        "coordinates": [
          [
            14.213601,
            37.3059929
          ],
          [
            14.2135856,
            37.3060461
          ],
          [
            14.2136178,
            37.3061122
          ],
          [
            14.2136424,
            37.3061411
          ],
          [
            14.2138646,
            37.3064024
          ],
          [
            14.213937,
            37.30646
          ],
          [
            14.2140496,
            37.3065154
          ],
          [
            14.2148194,
            37.3068355
          ],
          [
            14.214856,
            37.3068506
          ],
          [
            14.2148815,
            37.3068633
          ],
          [
            14.2149025,
            37.3068804
          ],
          [
            14.2149179,
            37.306901
          ],
          [
            14.2149269,
            37.3069242
          ],
          [
            14.2149287,
            37.3069485
          ],
          [
            14.2149232,
            37.3069724
          ],
          [
            14.2148898,
            37.3070349
          ]
        ]
      },
      "id": "way/372569385"
    },
    {
      "type": "Feature",
      "properties": {
        "@id": "way/372569386",
        "highway": "residential",
        "oneway": "yes",
        "surface": "sett"
      },
      "geometry": {
        "type": "LineString",
        "coordinates": [
          [
            14.2169839,
            37.3051693
          ],
          [
            14.216982,
            37.305205
          ],
          [
            14.21698,
            37.3052422
          ],
          [
            14.216961,
            37.3053318
          ]
        ]
      },
      "id": "way/372569386"
    },
    {
      "type": "Feature",
      "properties": {
        "@id": "way/372569387",
        "highway": "track",
        "tracktype": "grade3"
      },
      "geometry": {
        "type": "LineString",
        "coordinates": [
          [
            14.2154074,
            37.3082769
          ],
          [
            14.2153925,
            37.3084337
          ],
          [
            14.2153906,
            37.3084544
          ],
          [
            14.2153936,
            37.3084749
          ],
          [
            14.2154015,
            37.3084947
          ],
          [
            14.2154198,
            37.3085193
          ],
          [
            14.2154456,
            37.3085393
          ],
          [
            14.2154771,
            37.3085532
          ],
          [
            14.2160881,
            37.3087854
          ],
          [
            14.2161745,
            37.3088348
          ],
          [
            14.2165017,
            37.3089628
          ],
          [
            14.2170167,
            37.3092102
          ],
          [
            14.2171261,
            37.3092313
          ],
          [
            14.2172849,
            37.3092273
          ],
          [
            14.2175263,
            37.3092518
          ],
          [
            14.2175934,
            37.3092701
          ],
          [
            14.2176569,
            37.309316
          ],
          [
            14.2177597,
            37.309417
          ],
          [
            14.2180275,
            37.3095967
          ],
          [
            14.2186042,
            37.309958
          ],
          [
            14.218594,
            37.3100412
          ],
          [
            14.2182393,
            37.3103071
          ],
          [
            14.2182622,
            37.3103599
          ],
          [
            14.2184026,
            37.3103132
          ],
          [
            14.2184485,
            37.3104329
          ],
          [
            14.2183229,
            37.310898
          ]
        ]
      },
      "id": "way/372569387"
    },
    {
      "type": "Feature",
      "properties": {
        "@id": "way/372573540",
        "highway": "residential",
        "name": "Via Bartolotta",
        "oneway": "yes",
        "surface": "sett"
      },
      "geometry": {
        "type": "LineString",
        "coordinates": [
          [
            14.2177955,
            37.3055731
          ],
          [
            14.2179657,
            37.3056578
          ],
          [
            14.2181364,
            37.3059503
          ]
        ]
      },
      "id": "way/372573540"
    },
    {
      "type": "Feature",
      "properties": {
        "@id": "way/372573542",
        "highway": "residential",
        "name": "Via Aiesi",
        "oneway": "yes",
        "surface": "sett"
      },
      "geometry": {
        "type": "LineString",
        "coordinates": [
          [
            14.2155403,
            37.3069338
          ],
          [
            14.2154464,
            37.3069742
          ],
          [
            14.2153277,
            37.3069998
          ],
          [
            14.215211,
            37.3070328
          ],
          [
            14.2151105,
            37.3070669
          ],
          [
            14.2150661,
            37.3070892
          ],
          [
            14.2150077,
            37.3071404
          ],
          [
            14.2149574,
            37.3071986
          ],
          [
            14.2149408,
            37.3072249
          ],
          [
            14.2149302,
            37.3072531
          ],
          [
            14.2149259,
            37.3072823
          ],
          [
            14.2149286,
            37.307314
          ],
          [
            14.2149387,
            37.3073447
          ],
          [
            14.2149689,
            37.3074217
          ],
          [
            14.2149898,
            37.3074442
          ],
          [
            14.2150173,
            37.3074616
          ],
          [
            14.215041,
            37.3074708
          ],
          [
            14.2150665,
            37.3074761
          ],
          [
            14.2150956,
            37.3074796
          ],
          [
            14.2151828,
            37.3074849
          ]
        ]
      },
      "id": "way/372573542"
    },
    {
      "type": "Feature",
      "properties": {
        "@id": "way/372573546",
        "highway": "footway",
        "name": "Via Concezione"
      },
      "geometry": {
        "type": "LineString",
        "coordinates": [
          [
            14.2154248,
            37.3060508
          ],
          [
            14.2153652,
            37.3058391
          ],
          [
            14.2150433,
            37.3058665
          ]
        ]
      },
      "id": "way/372573546"
    },
    {
      "type": "Feature",
      "properties": {
        "@id": "way/372573550",
        "highway": "footway",
        "name": "Via Luigi Longo",
        "surface": "sett"
      },
      "geometry": {
        "type": "LineString",
        "coordinates": [
          [
            14.2162095,
            37.3050481
          ],
          [
            14.2162342,
            37.3050283
          ],
          [
            14.2163225,
            37.3048687
          ],
          [
            14.2163677,
            37.3047969
          ],
          [
            14.2164508,
            37.3047196
          ],
          [
            14.2165984,
            37.3045857
          ],
          [
            14.2168599,
            37.3044123
          ],
          [
            14.2169597,
            37.3043947
          ],
          [
            14.2170276,
            37.3043948
          ]
        ]
      },
      "id": "way/372573550"
    },
    {
      "type": "Feature",
      "properties": {
        "@id": "way/372573551",
        "highway": "residential",
        "name": "Via Carini",
        "surface": "concrete"
      },
      "geometry": {
        "type": "LineString",
        "coordinates": [
          [
            14.2166527,
            37.3074328
          ],
          [
            14.2165811,
            37.3075274
          ],
          [
            14.2164982,
            37.3076032
          ],
          [
            14.2164231,
            37.3076569
          ],
          [
            14.2163917,
            37.3076742
          ],
          [
            14.2163277,
            37.3076997
          ],
          [
            14.2162602,
            37.3077182
          ],
          [
            14.2161859,
            37.307734
          ],
          [
            14.2160618,
            37.3077543
          ],
          [
            14.215675,
            37.3077976
          ],
          [
            14.2156107,
            37.3078044
          ],
          [
            14.2155458,
            37.3078033
          ],
          [
            14.2154819,
            37.3077944
          ],
          [
            14.2154203,
            37.3077778
          ],
          [
            14.2153478,
            37.307755
          ],
          [
            14.2152759,
            37.3077287
          ]
        ]
      },
      "id": "way/372573551"
    },
    {
      "type": "Feature",
      "properties": {
        "@id": "way/372573552",
        "highway": "residential",
        "name": "Via Marino",
        "narrow": "yes",
        "surface": "sett"
      },
      "geometry": {
        "type": "LineString",
        "coordinates": [
          [
            14.2168123,
            37.3060141
          ],
          [
            14.2167855,
            37.3060845
          ],
          [
            14.2165817,
            37.3062157
          ],
          [
            14.2166106,
            37.3062865
          ],
          [
            14.2163362,
            37.3064706
          ],
          [
            14.216319,
            37.306483
          ],
          [
            14.2161447,
            37.3065926
          ],
          [
            14.2160217,
            37.3066589
          ],
          [
            14.2158816,
            37.3067096
          ],
          [
            14.2158333,
            37.3067747
          ],
          [
            14.2158065,
            37.3068408
          ],
          [
            14.2157622,
            37.3069133
          ]
        ]
      },
      "id": "way/372573552"
    },
    {
      "type": "Feature",
      "properties": {
        "@id": "way/372573553",
        "highway": "residential",
        "name": "Via Margani"
      },
      "geometry": {
        "type": "LineString",
        "coordinates": [
          [
            14.2147143,
            37.3059477
          ],
          [
            14.2146825,
            37.3057825
          ],
          [
            14.2146585,
            37.3055533
          ],
          [
            14.2146585,
            37.3054658
          ],
          [
            14.2146684,
            37.3053934
          ]
        ]
      },
      "id": "way/372573553"
    },
    {
      "type": "Feature",
      "properties": {
        "@id": "way/372573556",
        "highway": "residential",
        "name": "Via Carmine",
        "oneway": "yes",
        "surface": "sett"
      },
      "geometry": {
        "type": "LineString",
        "coordinates": [
          [
            14.2136838,
            37.3050944
          ],
          [
            14.2136619,
            37.3051845
          ],
          [
            14.2137412,
            37.3053207
          ],
          [
            14.2137372,
            37.3054717
          ],
          [
            14.2137526,
            37.3054904
          ],
          [
            14.213792,
            37.3055393
          ],
          [
            14.2138753,
            37.3055645
          ]
        ]
      },
      "id": "way/372573556"
    },
    {
      "type": "Feature",
      "properties": {
        "@id": "way/372573558",
        "highway": "residential"
      },
      "geometry": {
        "type": "LineString",
        "coordinates": [
          [
            14.2172971,
            37.306053
          ],
          [
            14.2173614,
            37.3060465
          ],
          [
            14.2175231,
            37.3060749
          ],
          [
            14.2176063,
            37.3061155
          ]
        ]
      },
      "id": "way/372573558"
    },
    {
      "type": "Feature",
      "properties": {
        "@id": "way/372573562",
        "highway": "residential",
        "name": "Via Fonadaco Vecchio",
        "surface": "sett"
      },
      "geometry": {
        "type": "LineString",
        "coordinates": [
          [
            14.2179951,
            37.3048496
          ],
          [
            14.2180177,
            37.3047132
          ],
          [
            14.2180193,
            37.3046487
          ],
          [
            14.2180005,
            37.3045858
          ],
          [
            14.2180039,
            37.3044587
          ],
          [
            14.2180043,
            37.3044065
          ],
          [
            14.2180158,
            37.3043386
          ],
          [
            14.2179972,
            37.3042449
          ],
          [
            14.2180037,
            37.3041312
          ],
          [
            14.2180467,
            37.3040625
          ],
          [
            14.2180677,
            37.304
          ],
          [
            14.2180715,
            37.3039797
          ],
          [
            14.2181232,
            37.3039574
          ],
          [
            14.2181644,
            37.3038525
          ],
          [
            14.2181627,
            37.3038087
          ],
          [
            14.218152,
            37.303775
          ]
        ]
      },
      "id": "way/372573562"
    },
    {
      "type": "Feature",
      "properties": {
        "@id": "way/372573565",
        "highway": "residential",
        "name": "Via Collegio",
        "surface": "sett"
      },
      "geometry": {
        "type": "LineString",
        "coordinates": [
          [
            14.2150796,
            37.3055858
          ],
          [
            14.2151171,
            37.3055853
          ],
          [
            14.2153826,
            37.3055276
          ],
          [
            14.2156444,
            37.3054755
          ],
          [
            14.2158888,
            37.3054369
          ],
          [
            14.2159653,
            37.30543
          ]
        ]
      },
      "id": "way/372573565"
    },
    {
      "type": "Feature",
      "properties": {
        "@id": "way/372573574",
        "highway": "residential",
        "name": "Via Marrone"
      },
      "geometry": {
        "type": "LineString",
        "coordinates": [
          [
            14.2150941,
            37.3054858
          ],
          [
            14.2146684,
            37.3053934
          ],
          [
            14.214452,
            37.3053538
          ]
        ]
      },
      "id": "way/372573574"
    },
    {
      "type": "Feature",
      "properties": {
        "@id": "way/372574297",
        "highway": "residential",
        "name": "Via Salvino",
        "oneway": "yes"
      },
      "geometry": {
        "type": "LineString",
        "coordinates": [
          [
            14.212779,
            37.3046657
          ],
          [
            14.2127797,
            37.3046219
          ],
          [
            14.2127801,
            37.3045925
          ],
          [
            14.2127662,
            37.3045036
          ],
          [
            14.212758,
            37.3044176
          ],
          [
            14.2127193,
            37.3041558
          ],
          [
            14.212738,
            37.3040427
          ],
          [
            14.2127783,
            37.3039787
          ],
          [
            14.2127648,
            37.3039147
          ],
          [
            14.212726,
            37.3038774
          ]
        ]
      },
      "id": "way/372574297"
    },
    {
      "type": "Feature",
      "properties": {
        "@id": "way/372574298",
        "highway": "residential",
        "name": "Via Sortino",
        "surface": "sett"
      },
      "geometry": {
        "type": "LineString",
        "coordinates": [
          [
            14.2125336,
            37.3035771
          ],
          [
            14.211331,
            37.3037797
          ],
          [
            14.21118,
            37.3037996
          ]
        ]
      },
      "id": "way/372574298"
    },
    {
      "type": "Feature",
      "properties": {
        "@id": "way/372574300",
        "highway": "residential",
        "name": "Via Ferrara",
        "surface": "sett"
      },
      "geometry": {
        "type": "LineString",
        "coordinates": [
          [
            14.2125876,
            37.3037603
          ],
          [
            14.21181,
            37.3039583
          ]
        ]
      },
      "id": "way/372574300"
    },
    {
      "type": "Feature",
      "properties": {
        "@id": "way/372574301",
        "highway": "residential",
        "narrow": "yes",
        "oneway": "yes",
        "surface": "sett"
      },
      "geometry": {
        "type": "LineString",
        "coordinates": [
          [
            14.2146017,
            37.3043389
          ],
          [
            14.2146026,
            37.3043524
          ],
          [
            14.2146175,
            37.3044171
          ],
          [
            14.2145822,
            37.3045867
          ],
          [
            14.2145626,
            37.3046353
          ],
          [
            14.2145095,
            37.3047979
          ],
          [
            14.2144847,
            37.3048832
          ],
          [
            14.2144505,
            37.304967
          ]
        ]
      },
      "id": "way/372574301"
    },
    {
      "type": "Feature",
      "properties": {
        "@id": "way/372574303",
        "highway": "residential",
        "name": "Via Pisano",
        "oneway": "yes"
      },
      "geometry": {
        "type": "LineString",
        "coordinates": [
          [
            14.2146017,
            37.3043389
          ],
          [
            14.2145324,
            37.3043308
          ],
          [
            14.2144647,
            37.3043286
          ],
          [
            14.2142862,
            37.3043296
          ],
          [
            14.2142192,
            37.3043413
          ],
          [
            14.2141744,
            37.3043569
          ],
          [
            14.2139563,
            37.3043771
          ],
          [
            14.2138505,
            37.3044023
          ],
          [
            14.2136627,
            37.3044497
          ],
          [
            14.2134625,
            37.3044792
          ]
        ]
      },
      "id": "way/372574303"
    },
    {
      "type": "Feature",
      "properties": {
        "@id": "way/372574429",
        "highway": "primary",
        "oneway": "yes",
        "surface": "sett"
      },
      "geometry": {
        "type": "LineString",
        "coordinates": [
          [
            14.2114506,
            37.3046032
          ],
          [
            14.2115953,
            37.3046108
          ],
          [
            14.2116831,
            37.3046159
          ],
          [
            14.2118731,
            37.3046263
          ]
        ]
      },
      "id": "way/372574429"
    },
    {
      "type": "Feature",
      "properties": {
        "@id": "way/372574430",
        "highway": "residential",
        "name": "Via Almicare Ponchielli"
      },
      "geometry": {
        "type": "LineString",
        "coordinates": [
          [
            14.2110413,
            37.3030934
          ],
          [
            14.2105018,
            37.303333
          ]
        ]
      },
      "id": "way/372574430"
    },
    {
      "type": "Feature",
      "properties": {
        "@id": "way/372574431",
        "highway": "residential",
        "name": "Via Arrigo Boito",
        "oneway": "yes"
      },
      "geometry": {
        "type": "LineString",
        "coordinates": [
          [
            14.2110782,
            37.3032707
          ],
          [
            14.2106101,
            37.3034875
          ]
        ]
      },
      "id": "way/372574431"
    },
    {
      "type": "Feature",
      "properties": {
        "@id": "way/372574432",
        "alt_name": "Corso Vittorio Emanuele II",
        "highway": "primary",
        "name": "Corso Vittorio Emanuele Secondo",
        "oneway": "yes",
        "surface": "asphalt"
      },
      "geometry": {
        "type": "LineString",
        "coordinates": [
          [
            14.2099813,
            37.3043483
          ],
          [
            14.2099267,
            37.3043358
          ],
          [
            14.2097999,
            37.3043104
          ],
          [
            14.2094987,
            37.3042499
          ],
          [
            14.2094347,
            37.3042352
          ],
          [
            14.2093088,
            37.3042063
          ],
          [
            14.2091227,
            37.3041626
          ]
        ]
      },
      "id": "way/372574432"
    },
    {
      "type": "Feature",
      "properties": {
        "@id": "way/372574433",
        "highway": "residential",
        "name": "Via Vincenzo bellini",
        "oneway": "yes"
      },
      "geometry": {
        "type": "LineString",
        "coordinates": [
          [
            14.2107131,
            37.303628
          ],
          [
            14.2111163,
            37.3034537
          ]
        ]
      },
      "id": "way/372574433"
    },
    {
      "type": "Feature",
      "properties": {
        "@id": "way/372574434",
        "highway": "primary",
        "oneway": "yes",
        "surface": "asphalt"
      },
      "geometry": {
        "type": "LineString",
        "coordinates": [
          [
            14.2118731,
            37.3046263
          ],
          [
            14.2118904,
            37.30468
          ],
          [
            14.211806,
            37.305053
          ],
          [
            14.2117493,
            37.3051094
          ]
        ]
      },
      "id": "way/372574434"
    },
    {
      "type": "Feature",
      "properties": {
        "@id": "way/372574565",
        "highway": "residential",
        "name": "Via Gioachino Rossini",
        "oneway": "yes"
      },
      "geometry": {
        "type": "LineString",
        "coordinates": [
          [
            14.210932,
            37.302617
          ],
          [
            14.2106208,
            37.3027274
          ],
          [
            14.2103973,
            37.3028067
          ],
          [
            14.2101721,
            37.3028866
          ]
        ]
      },
      "id": "way/372574565"
    },
    {
      "type": "Feature",
      "properties": {
        "@id": "way/372574566",
        "highway": "residential",
        "name": "Via Pietro Mascagni"
      },
      "geometry": {
        "type": "LineString",
        "coordinates": [
          [
            14.2110055,
            37.3029146
          ],
          [
            14.2108022,
            37.3030026
          ],
          [
            14.2105998,
            37.3030922
          ],
          [
            14.2103926,
            37.3031802
          ]
        ]
      },
      "id": "way/372574566"
    },
    {
      "type": "Feature",
      "properties": {
        "@id": "way/372574567",
        "highway": "residential",
        "name": "Via Niccolò Paganini"
      },
      "geometry": {
        "type": "LineString",
        "coordinates": [
          [
            14.2105998,
            37.3030922
          ],
          [
            14.2103973,
            37.3028067
          ]
        ]
      },
      "id": "way/372574567"
    },
    {
      "type": "Feature",
      "properties": {
        "@id": "way/372574568",
        "highway": "footway",
        "name": "Via Perno",
        "surface": "sett"
      },
      "geometry": {
        "type": "LineString",
        "coordinates": [
          [
            14.2129432,
            37.3051415
          ],
          [
            14.2131927,
            37.3050252
          ],
          [
            14.2135199,
            37.3048886
          ],
          [
            14.2136211,
            37.3048516
          ]
        ]
      },
      "id": "way/372574568"
    },
    {
      "type": "Feature",
      "properties": {
        "@id": "way/372574569",
        "highway": "residential",
        "name": "Via Gaetano Donizetti"
      },
      "geometry": {
        "type": "LineString",
        "coordinates": [
          [
            14.2108022,
            37.3030026
          ],
          [
            14.2106208,
            37.3027274
          ]
        ]
      },
      "id": "way/372574569"
    },
    {
      "type": "Feature",
      "properties": {
        "@id": "way/372574570",
        "highway": "residential",
        "name": "Via Nicolosi",
        "narrow": "yes",
        "oneway": "yes",
        "surface": "sett"
      },
      "geometry": {
        "type": "LineString",
        "coordinates": [
          [
            14.2131138,
            37.3054076
          ],
          [
            14.2132579,
            37.3053399
          ],
          [
            14.2134139,
            37.3052738
          ],
          [
            14.2136619,
            37.3051845
          ]
        ]
      },
      "id": "way/372574570"
    },
    {
      "type": "Feature",
      "properties": {
        "@id": "way/372574903",
        "highway": "track",
        "tracktype": "grade2"
      },
      "geometry": {
        "type": "LineString",
        "coordinates": [
          [
            14.2118647,
            37.3057793
          ],
          [
            14.2118851,
            37.3058306
          ],
          [
            14.2118878,
            37.305965
          ],
          [
            14.2118744,
            37.3061101
          ],
          [
            14.2118288,
            37.3061954
          ],
          [
            14.2117429,
            37.3062808
          ],
          [
            14.2115176,
            37.3063832
          ],
          [
            14.2108846,
            37.3066306
          ],
          [
            14.210574,
            37.3067591
          ],
          [
            14.2100671,
            37.3068252
          ],
          [
            14.2099088,
            37.3068039
          ],
          [
            14.2098498,
            37.3067911
          ],
          [
            14.2098042,
            37.3068124
          ],
          [
            14.2097903,
            37.3068653
          ],
          [
            14.2097855,
            37.3069511
          ],
          [
            14.2098734,
            37.3070445
          ],
          [
            14.2101502,
            37.3073671
          ],
          [
            14.2102597,
            37.3074264
          ],
          [
            14.2105144,
            37.3074542
          ],
          [
            14.2107559,
            37.3073901
          ],
          [
            14.2109442,
            37.3073479
          ]
        ]
      },
      "id": "way/372574903"
    },
    {
      "type": "Feature",
      "properties": {
        "@id": "way/372574907",
        "highway": "residential"
      },
      "geometry": {
        "type": "LineString",
        "coordinates": [
          [
            14.2125235,
            37.3060407
          ],
          [
            14.2124624,
            37.3059173
          ],
          [
            14.2124382,
            37.305863
          ],
          [
            14.212384,
            37.3056813
          ],
          [
            14.2123289,
            37.3055896
          ],
          [
            14.2122781,
            37.3054914
          ],
          [
            14.2122308,
            37.3054212
          ],
          [
            14.2122143,
            37.3054042
          ],
          [
            14.2121923,
            37.3053917
          ],
          [
            14.2121667,
            37.3053847
          ],
          [
            14.2121406,
            37.3053839
          ],
          [
            14.2121151,
            37.3053888
          ],
          [
            14.2120924,
            37.3053992
          ],
          [
            14.2120743,
            37.3054143
          ],
          [
            14.2120487,
            37.3054487
          ],
          [
            14.2120216,
            37.3054978
          ],
          [
            14.21192,
            37.3056823
          ],
          [
            14.2118647,
            37.3057793
          ],
          [
            14.2118333,
            37.3057905
          ],
          [
            14.2118033,
            37.3058178
          ],
          [
            14.2117188,
            37.3059479
          ],
          [
            14.2116607,
            37.3059697
          ],
          [
            14.2115984,
            37.3059652
          ]
        ]
      },
      "id": "way/372574907"
    },
    {
      "type": "Feature",
      "properties": {
        "@id": "way/372575832",
        "highway": "residential",
        "name": "Via Palmiro Togliatti",
        "surface": "asphalt"
      },
      "geometry": {
        "type": "LineString",
        "coordinates": [
          [
            14.2084206,
            37.3028369
          ],
          [
            14.2080611,
            37.3027341
          ],
          [
            14.2079169,
            37.3026948
          ],
          [
            14.2076328,
            37.3026154
          ],
          [
            14.2075266,
            37.3025855
          ],
          [
            14.2071029,
            37.3024675
          ],
          [
            14.2064511,
            37.302292
          ],
          [
            14.2060355,
            37.3021771
          ],
          [
            14.2056407,
            37.3020669
          ],
          [
            14.2051852,
            37.3019418
          ]
        ]
      },
      "id": "way/372575832"
    },
    {
      "type": "Feature",
      "properties": {
        "@id": "way/372575834",
        "highway": "primary",
        "name": "Via Galileo Galilei",
        "oneway": "yes",
        "surface": "asphalt"
      },
      "geometry": {
        "type": "LineString",
        "coordinates": [
          [
            14.2080063,
            37.303874
          ],
          [
            14.2083723,
            37.302958
          ],
          [
            14.2084206,
            37.3028369
          ],
          [
            14.2085226,
            37.3025816
          ],
          [
            14.2085645,
            37.3024768
          ],
          [
            14.2086272,
            37.3023199
          ],
          [
            14.2086772,
            37.3021947
          ],
          [
            14.2087379,
            37.3020427
          ],
          [
            14.208852,
            37.3017569
          ]
        ]
      },
      "id": "way/372575834"
    },
    {
      "type": "Feature",
      "properties": {
        "@id": "way/372575836",
        "highway": "residential",
        "surface": "asphalt"
      },
      "geometry": {
        "type": "LineString",
        "coordinates": [
          [
            14.2049511,
            37.3018154
          ],
          [
            14.2049892,
            37.3019476
          ],
          [
            14.2050809,
            37.3020163
          ],
          [
            14.2051437,
            37.3020377
          ]
        ]
      },
      "id": "way/372575836"
    },
    {
      "type": "Feature",
      "properties": {
        "@id": "way/372597219",
        "highway": "residential",
        "surface": "sett"
      },
      "geometry": {
        "type": "LineString",
        "coordinates": [
          [
            14.2184016,
            37.3053791
          ],
          [
            14.2184209,
            37.3053433
          ],
          [
            14.2185455,
            37.3051251
          ],
          [
            14.2182223,
            37.3050358
          ],
          [
            14.2181542,
            37.3050194
          ]
        ]
      },
      "id": "way/372597219"
    },
    {
      "type": "Feature",
      "properties": {
        "@id": "way/372597225",
        "highway": "residential",
        "oneway": "yes",
        "surface": "sett"
      },
      "geometry": {
        "type": "LineString",
        "coordinates": [
          [
            14.2136801,
            37.3048648
          ],
          [
            14.2136982,
            37.3048688
          ],
          [
            14.2144292,
            37.3050258
          ],
          [
            14.2144531,
            37.3050308
          ],
          [
            14.2150555,
            37.3051625
          ],
          [
            14.2151766,
            37.3051751
          ],
          [
            14.2152198,
            37.3051732
          ]
        ]
      },
      "id": "way/372597225"
    },
    {
      "type": "Feature",
      "properties": {
        "@id": "way/375814221",
        "highway": "residential",
        "name": "Via Teano",
        "surface": "asphalt"
      },
      "geometry": {
        "type": "LineString",
        "coordinates": [
          [
            14.2141314,
            37.3001854
          ],
          [
            14.214063,
            37.3001999
          ],
          [
            14.2136276,
            37.3002921
          ],
          [
            14.213517,
            37.3003082
          ],
          [
            14.213405,
            37.3003158
          ],
          [
            14.213299,
            37.3003152
          ],
          [
            14.2131988,
            37.3003071
          ],
          [
            14.2131118,
            37.3002885
          ],
          [
            14.2130328,
            37.3002636
          ],
          [
            14.2129689,
            37.3002379
          ],
          [
            14.212908,
            37.3002081
          ],
          [
            14.2126191,
            37.3000321
          ],
          [
            14.2124856,
            37.2999507
          ],
          [
            14.2124541,
            37.2999318
          ],
          [
            14.2123357,
            37.2998717
          ],
          [
            14.2122556,
            37.2998422
          ],
          [
            14.2120786,
            37.299808
          ],
          [
            14.2120052,
            37.2998022
          ],
          [
            14.2117554,
            37.2998016
          ],
          [
            14.2115017,
            37.2998054
          ],
          [
            14.2114377,
            37.2998074
          ],
          [
            14.2112164,
            37.2998144
          ],
          [
            14.2110607,
            37.2998304
          ],
          [
            14.2109521,
            37.2998422
          ],
          [
            14.210889,
            37.2998827
          ],
          [
            14.2109319,
            37.3000854
          ],
          [
            14.2110178,
            37.3003791
          ]
        ]
      },
      "id": "way/375814221"
    },
    {
      "type": "Feature",
      "properties": {
        "@id": "way/375814222",
        "highway": "residential",
        "name": "Via degli Orti",
        "surface": "sett"
      },
      "geometry": {
        "type": "LineString",
        "coordinates": [
          [
            14.2154315,
            37.3026175
          ],
          [
            14.2156222,
            37.3029605
          ],
          [
            14.2157193,
            37.303162
          ],
          [
            14.2157953,
            37.3033392
          ],
          [
            14.2160278,
            37.303819
          ],
          [
            14.2160818,
            37.3039503
          ]
        ]
      },
      "id": "way/375814222"
    },
    {
      "type": "Feature",
      "properties": {
        "@id": "way/375814224",
        "highway": "residential",
        "name": "Via Adige",
        "surface": "paving_stones"
      },
      "geometry": {
        "type": "LineString",
        "coordinates": [
          [
            14.2141072,
            37.3017585
          ],
          [
            14.214141,
            37.3019484
          ],
          [
            14.2141838,
            37.3020212
          ],
          [
            14.2142477,
            37.3020485
          ]
        ]
      },
      "id": "way/375814224"
    },
    {
      "type": "Feature",
      "properties": {
        "@id": "way/375814231",
        "alt_name": "Via I Maggio",
        "highway": "residential",
        "name": "Via Primo Maggio",
        "sorting_name": "Via 1 Maggio",
        "surface": "sett"
      },
      "geometry": {
        "type": "LineString",
        "coordinates": [
          [
            14.20603,
            37.3032936
          ],
          [
            14.2061909,
            37.3029001
          ],
          [
            14.2063144,
            37.3026115
          ],
          [
            14.2064511,
            37.302292
          ],
          [
            14.2065916,
            37.3019661
          ],
          [
            14.2066594,
            37.301811
          ]
        ]
      },
      "id": "way/375814231"
    },
    {
      "type": "Feature",
      "properties": {
        "@id": "way/375814234",
        "highway": "residential",
        "name": "Largo Spirito Santo",
        "oneway": "yes"
      },
      "geometry": {
        "type": "LineString",
        "coordinates": [
          [
            14.2145598,
            37.3032414
          ],
          [
            14.2144818,
            37.3032217
          ],
          [
            14.2144042,
            37.3032089
          ],
          [
            14.2142702,
            37.3032188
          ],
          [
            14.2141252,
            37.3032281
          ],
          [
            14.214026,
            37.3032047
          ],
          [
            14.2139934,
            37.3031521
          ]
        ]
      },
      "id": "way/375814234"
    },
    {
      "type": "Feature",
      "properties": {
        "@id": "way/375814235",
        "highway": "residential",
        "name": "Via Roma",
        "oneway": "yes",
        "surface": "paving_stones"
      },
      "geometry": {
        "type": "LineString",
        "coordinates": [
          [
            14.2147947,
            37.3019783
          ],
          [
            14.2147245,
            37.3019988
          ],
          [
            14.214632,
            37.3021038
          ],
          [
            14.2145624,
            37.3021956
          ],
          [
            14.2145477,
            37.3022584
          ],
          [
            14.2145445,
            37.3023374
          ],
          [
            14.2145417,
            37.3024995
          ],
          [
            14.2145369,
            37.3027696
          ],
          [
            14.2145423,
            37.3028858
          ],
          [
            14.2145525,
            37.3031074
          ],
          [
            14.2145597,
            37.3032196
          ],
          [
            14.2145598,
            37.3032414
          ]
        ]
      },
      "id": "way/375814235"
    },
    {
      "type": "Feature",
      "properties": {
        "@id": "way/375814236",
        "highway": "residential",
        "name": "Via Casabona"
      },
      "geometry": {
        "type": "LineString",
        "coordinates": [
          [
            14.211851,
            37.3026675
          ],
          [
            14.2119096,
            37.3026222
          ],
          [
            14.2121564,
            37.302571
          ],
          [
            14.2123271,
            37.302526
          ],
          [
            14.2125696,
            37.3025082
          ]
        ]
      },
      "id": "way/375814236"
    },
    {
      "type": "Feature",
      "properties": {
        "@id": "way/375814237",
        "highway": "residential",
        "name": "Via Enrico Mattei",
        "surface": "sett"
      },
      "geometry": {
        "type": "LineString",
        "coordinates": [
          [
            14.2066659,
            37.3034957
          ],
          [
            14.206843,
            37.3030894
          ],
          [
            14.2069694,
            37.302787
          ],
          [
            14.2071029,
            37.3024675
          ],
          [
            14.2072395,
            37.302143
          ],
          [
            14.2073673,
            37.3018389
          ]
        ]
      },
      "id": "way/375814237"
    },
    {
      "type": "Feature",
      "properties": {
        "@id": "way/375814239",
        "highway": "residential",
        "name": "Via Massimo d'Azeglio",
        "surface": "sett"
      },
      "geometry": {
        "type": "LineString",
        "coordinates": [
          [
            14.2147535,
            37.3018367
          ],
          [
            14.2150904,
            37.3015917
          ],
          [
            14.2151336,
            37.3015704
          ],
          [
            14.2151846,
            37.301549
          ],
          [
            14.2152741,
            37.3015317
          ],
          [
            14.2155095,
            37.3014888
          ],
          [
            14.2157378,
            37.3014582
          ],
          [
            14.215905,
            37.3014352
          ]
        ]
      },
      "id": "way/375814239"
    },
    {
      "type": "Feature",
      "properties": {
        "@id": "way/375814240",
        "highway": "residential",
        "name": "Via Mentana",
        "surface": "sett"
      },
      "geometry": {
        "type": "LineString",
        "coordinates": [
          [
            14.2117244,
            37.3020966
          ],
          [
            14.21174,
            37.3019335
          ],
          [
            14.2117641,
            37.3017704
          ],
          [
            14.2117899,
            37.301596
          ],
          [
            14.2118152,
            37.3014249
          ],
          [
            14.2118404,
            37.3012545
          ],
          [
            14.2118658,
            37.3010832
          ],
          [
            14.2118919,
            37.3009169
          ],
          [
            14.2119165,
            37.3007402
          ],
          [
            14.2119544,
            37.3004919
          ]
        ]
      },
      "id": "way/375814240"
    },
    {
      "type": "Feature",
      "properties": {
        "@id": "way/375814241",
        "highway": "residential",
        "name": "Via Rodolfo Morandi",
        "surface": "sett"
      },
      "geometry": {
        "type": "LineString",
        "coordinates": [
          [
            14.2055032,
            37.3023843
          ],
          [
            14.2056407,
            37.3020669
          ],
          [
            14.2057762,
            37.3017434
          ],
          [
            14.2059056,
            37.3014348
          ],
          [
            14.2059582,
            37.3013036
          ]
        ]
      },
      "id": "way/375814241"
    },
    {
      "type": "Feature",
      "properties": {
        "@id": "way/375814242",
        "highway": "residential",
        "name": "Via Bisenti"
      },
      "geometry": {
        "type": "LineString",
        "coordinates": [
          [
            14.2119714,
            37.3027759
          ],
          [
            14.2119258,
            37.3026905
          ],
          [
            14.211851,
            37.3026675
          ],
          [
            14.2118078,
            37.3026542
          ],
          [
            14.2116421,
            37.3025994
          ],
          [
            14.2115691,
            37.3025753
          ],
          [
            14.2114269,
            37.3024985
          ],
          [
            14.211325,
            37.3024111
          ],
          [
            14.2112798,
            37.3023577
          ],
          [
            14.2112203,
            37.3022873
          ],
          [
            14.211176,
            37.3022291
          ],
          [
            14.2110353,
            37.3020441
          ],
          [
            14.2109307,
            37.3018585
          ],
          [
            14.2108744,
            37.301818
          ],
          [
            14.2108047,
            37.3018052
          ],
          [
            14.2107281,
            37.3018175
          ]
        ]
      },
      "id": "way/375814242"
    },
    {
      "type": "Feature",
      "properties": {
        "@id": "way/375814243",
        "highway": "residential",
        "name": "Via Villafranca",
        "surface": "asphalt"
      },
      "geometry": {
        "type": "LineString",
        "coordinates": [
          [
            14.2131988,
            37.3003071
          ],
          [
            14.2131627,
            37.300536
          ],
          [
            14.2131101,
            37.3009959
          ]
        ]
      },
      "id": "way/375814243"
    },
    {
      "type": "Feature",
      "properties": {
        "@id": "way/375814244",
        "highway": "residential",
        "name": "Via Mallia",
        "surface": "sett"
      },
      "geometry": {
        "type": "LineString",
        "coordinates": [
          [
            14.2125696,
            37.3025082
          ],
          [
            14.21254,
            37.3024686
          ],
          [
            14.2125267,
            37.3024561
          ],
          [
            14.2122691,
            37.3022596
          ],
          [
            14.2120733,
            37.3021465
          ],
          [
            14.211976,
            37.3021272
          ],
          [
            14.2119231,
            37.3021167
          ],
          [
            14.2117638,
            37.3021006
          ],
          [
            14.2117244,
            37.3020966
          ],
          [
            14.2116087,
            37.3021076
          ],
          [
            14.2115125,
            37.3021366
          ],
          [
            14.2112203,
            37.3022873
          ]
        ]
      },
      "id": "way/375814244"
    },
    {
      "type": "Feature",
      "properties": {
        "@id": "way/375814245",
        "highway": "residential",
        "name": "Via Monreale",
        "surface": "sett"
      },
      "geometry": {
        "type": "LineString",
        "coordinates": [
          [
            14.2146457,
            37.3030921
          ],
          [
            14.2148741,
            37.3030548
          ],
          [
            14.2151852,
            37.302994
          ]
        ]
      },
      "id": "way/375814245"
    },
    {
      "type": "Feature",
      "properties": {
        "@id": "way/375814246",
        "highway": "residential",
        "name": "Via John Fitzgerald Kennedy",
        "surface": "sett"
      },
      "geometry": {
        "type": "LineString",
        "coordinates": [
          [
            14.2080624,
            37.3014285
          ],
          [
            14.2079419,
            37.30165
          ],
          [
            14.2078039,
            37.3019607
          ],
          [
            14.2076678,
            37.30226
          ],
          [
            14.2075266,
            37.3025855
          ],
          [
            14.2074747,
            37.3027024
          ],
          [
            14.2074142,
            37.3028385
          ],
          [
            14.2073963,
            37.3028788
          ],
          [
            14.2073839,
            37.3029068
          ],
          [
            14.2072523,
            37.3032032
          ]
        ]
      },
      "id": "way/375814246"
    },
    {
      "type": "Feature",
      "properties": {
        "@id": "way/375814247",
        "highway": "residential",
        "name": "Via Maria Santissima delle Lacrime"
      },
      "geometry": {
        "type": "LineString",
        "coordinates": [
          [
            14.2138962,
            37.3027317
          ],
          [
            14.2133635,
            37.3027332
          ],
          [
            14.2132455,
            37.3027332
          ],
          [
            14.2130067,
            37.3027332
          ],
          [
            14.212701,
            37.3027204
          ],
          [
            14.2126122,
            37.3027282
          ]
        ]
      },
      "id": "way/375814247"
    },
    {
      "type": "Feature",
      "properties": {
        "@id": "way/375814248",
        "highway": "residential"
      },
      "geometry": {
        "type": "LineString",
        "coordinates": [
          [
            14.2144334,
            37.3010321
          ],
          [
            14.2143583,
            37.3010412
          ],
          [
            14.2137795,
            37.3011192
          ]
        ]
      },
      "id": "way/375814248"
    },
    {
      "type": "Feature",
      "properties": {
        "@id": "way/375814249",
        "highway": "residential",
        "name": "Via Quarto",
        "surface": "sett"
      },
      "geometry": {
        "type": "LineString",
        "coordinates": [
          [
            14.2131627,
            37.300536
          ],
          [
            14.2136717,
            37.3005724
          ],
          [
            14.2137424,
            37.3005671
          ],
          [
            14.2141721,
            37.3005147
          ],
          [
            14.2142381,
            37.3005067
          ]
        ]
      },
      "id": "way/375814249"
    },
    {
      "type": "Feature",
      "properties": {
        "@id": "way/375814250",
        "highway": "residential",
        "name": "Via Solferino",
        "surface": "sett"
      },
      "geometry": {
        "type": "LineString",
        "coordinates": [
          [
            14.2127699,
            37.301856
          ],
          [
            14.2123699,
            37.3018241
          ],
          [
            14.2120281,
            37.3017938
          ],
          [
            14.2117641,
            37.3017704
          ],
          [
            14.211342,
            37.301733
          ]
        ]
      },
      "id": "way/375814250"
    },
    {
      "type": "Feature",
      "properties": {
        "@id": "way/375814251",
        "highway": "residential",
        "name": "Via Campania",
        "surface": "asphalt"
      },
      "geometry": {
        "type": "LineString",
        "coordinates": [
          [
            14.2091399,
            37.3012379
          ],
          [
            14.2093818,
            37.3013289
          ],
          [
            14.2096499,
            37.3014293
          ],
          [
            14.2099524,
            37.301546
          ]
        ]
      },
      "id": "way/375814251"
    },
    {
      "type": "Feature",
      "properties": {
        "@id": "way/375814252",
        "highway": "residential",
        "name": "Via Zuccalà"
      },
      "geometry": {
        "type": "LineString",
        "coordinates": [
          [
            14.2139187,
            37.3029487
          ],
          [
            14.2124851,
            37.3029998
          ]
        ]
      },
      "id": "way/375814252"
    },
    {
      "type": "Feature",
      "properties": {
        "@id": "way/375814253",
        "highway": "residential",
        "name": "Via Calabria",
        "surface": "asphalt"
      },
      "geometry": {
        "type": "LineString",
        "coordinates": [
          [
            14.2092924,
            37.3020073
          ],
          [
            14.2094866,
            37.3016936
          ],
          [
            14.209613,
            37.301489
          ],
          [
            14.2096499,
            37.3014293
          ],
          [
            14.2097578,
            37.3012546
          ],
          [
            14.2098497,
            37.3011058
          ]
        ]
      },
      "id": "way/375814253"
    },
    {
      "type": "Feature",
      "properties": {
        "@id": "way/375814254",
        "highway": "residential",
        "name": "Via Pastrengo",
        "surface": "sett"
      },
      "geometry": {
        "type": "LineString",
        "coordinates": [
          [
            14.2113127,
            37.3015534
          ],
          [
            14.2117899,
            37.301596
          ],
          [
            14.2120553,
            37.3016197
          ],
          [
            14.2123436,
            37.3016453
          ],
          [
            14.2127936,
            37.3016831
          ]
        ]
      },
      "id": "way/375814254"
    },
    {
      "type": "Feature",
      "properties": {
        "@id": "way/375814255",
        "highway": "residential",
        "name": "Via Spagliarisi",
        "narrow": "yes"
      },
      "geometry": {
        "type": "LineString",
        "coordinates": [
          [
            14.2145826,
            37.3038831
          ],
          [
            14.2143331,
            37.3038863
          ],
          [
            14.2142446,
            37.3038885
          ],
          [
            14.2141622,
            37.3038997
          ],
          [
            14.214016,
            37.3038901
          ],
          [
            14.2139502,
            37.3039161
          ]
        ]
      },
      "id": "way/375814255"
    },
    {
      "type": "Feature",
      "properties": {
        "@id": "way/375814256",
        "highway": "residential",
        "name": "Via San Martino",
        "surface": "sett"
      },
      "geometry": {
        "type": "LineString",
        "coordinates": [
          [
            14.2120633,
            37.3015578
          ],
          [
            14.2120823,
            37.3014473
          ],
          [
            14.2121087,
            37.3012782
          ],
          [
            14.2121353,
            37.3011085
          ],
          [
            14.2121623,
            37.3009355
          ],
          [
            14.2121892,
            37.3007638
          ],
          [
            14.2122079,
            37.3006438
          ]
        ]
      },
      "id": "way/375814256"
    },
    {
      "type": "Feature",
      "properties": {
        "@id": "way/375814257",
        "highway": "residential",
        "name": "Via Camillo Benso di Cavour"
      },
      "geometry": {
        "type": "LineString",
        "coordinates": [
          [
            14.2157645,
            37.3024064
          ],
          [
            14.215743,
            37.3023535
          ],
          [
            14.2157144,
            37.3022565
          ],
          [
            14.2156174,
            37.3018613
          ],
          [
            14.2155095,
            37.3014888
          ],
          [
            14.2154591,
            37.3012917
          ]
        ]
      },
      "id": "way/375814257"
    },
    {
      "type": "Feature",
      "properties": {
        "@id": "way/375814258",
        "highway": "residential",
        "name": "Via degli Orti",
        "narrow": "yes",
        "surface": "sett"
      },
      "geometry": {
        "type": "LineString",
        "coordinates": [
          [
            14.2147947,
            37.3019783
          ],
          [
            14.2148153,
            37.3019811
          ],
          [
            14.214851,
            37.3019817
          ],
          [
            14.2149728,
            37.3019605
          ],
          [
            14.2150089,
            37.3019672
          ],
          [
            14.2151202,
            37.3019672
          ],
          [
            14.2151676,
            37.3020149
          ],
          [
            14.2153066,
            37.302409
          ],
          [
            14.2153623,
            37.3025464
          ],
          [
            14.2154315,
            37.3026175
          ]
        ]
      },
      "id": "way/375814258"
    },
    {
      "type": "Feature",
      "properties": {
        "@id": "way/375814259",
        "highway": "residential",
        "name": "Via Sardegna",
        "surface": "asphalt"
      },
      "geometry": {
        "type": "LineString",
        "coordinates": [
          [
            14.2097402,
            37.3019123
          ],
          [
            14.2098711,
            37.3019096
          ],
          [
            14.210712,
            37.3017632
          ]
        ]
      },
      "id": "way/375814259"
    },
    {
      "type": "Feature",
      "properties": {
        "@id": "way/375814260",
        "highway": "residential"
      },
      "geometry": {
        "type": "LineString",
        "coordinates": [
          [
            14.2104698,
            37.3009693
          ],
          [
            14.2109274,
            37.3008738
          ],
          [
            14.2111452,
            37.3008287
          ]
        ]
      },
      "id": "way/375814260"
    },
    {
      "type": "Feature",
      "properties": {
        "@id": "way/375814261",
        "highway": "residential",
        "name": "Via Purgatorio",
        "surface": "sett"
      },
      "geometry": {
        "type": "LineString",
        "coordinates": [
          [
            14.2123726,
            37.302082
          ],
          [
            14.2125506,
            37.3020826
          ],
          [
            14.2127191,
            37.3020831
          ],
          [
            14.212739,
            37.3020833
          ],
          [
            14.2128016,
            37.3020858
          ],
          [
            14.2129475,
            37.3020865
          ],
          [
            14.2131604,
            37.302094
          ],
          [
            14.2134116,
            37.3021218
          ],
          [
            14.2134698,
            37.3021313
          ],
          [
            14.2135928,
            37.3021571
          ],
          [
            14.2139335,
            37.3022286
          ],
          [
            14.2141615,
            37.3022791
          ],
          [
            14.2144771,
            37.3023273
          ],
          [
            14.2145445,
            37.3023374
          ]
        ]
      },
      "id": "way/375814261"
    },
    {
      "type": "Feature",
      "properties": {
        "@id": "way/375814262",
        "highway": "residential"
      },
      "geometry": {
        "type": "LineString",
        "coordinates": [
          [
            14.2134559,
            37.3015021
          ],
          [
            14.2135242,
            37.3018184
          ],
          [
            14.2135226,
            37.3019234
          ],
          [
            14.2134698,
            37.3021313
          ]
        ]
      },
      "id": "way/375814262"
    },
    {
      "type": "Feature",
      "properties": {
        "@id": "way/375814263",
        "highway": "residential",
        "name": "Via Capici",
        "oneway": "yes"
      },
      "geometry": {
        "type": "LineString",
        "coordinates": [
          [
            14.2110615,
            37.3031904
          ],
          [
            14.2120522,
            37.3029911
          ]
        ]
      },
      "id": "way/375814263"
    },
    {
      "type": "Feature",
      "properties": {
        "@id": "way/375814264",
        "highway": "residential",
        "name": "Via Legnano",
        "oneway": "yes",
        "surface": "sett"
      },
      "geometry": {
        "type": "LineString",
        "coordinates": [
          [
            14.212739,
            37.3020833
          ],
          [
            14.2127584,
            37.3019398
          ],
          [
            14.2127699,
            37.301856
          ],
          [
            14.2127936,
            37.3016831
          ],
          [
            14.212816,
            37.3015184
          ],
          [
            14.2128402,
            37.3013423
          ],
          [
            14.2128637,
            37.3011711
          ],
          [
            14.2128884,
            37.3009908
          ]
        ]
      },
      "id": "way/375814264"
    },
    {
      "type": "Feature",
      "properties": {
        "@id": "way/375814265",
        "highway": "residential",
        "name": "Via Faraci"
      },
      "geometry": {
        "type": "LineString",
        "coordinates": [
          [
            14.2128421,
            37.3038388
          ],
          [
            14.2129808,
            37.3037771
          ],
          [
            14.2135251,
            37.3037288
          ],
          [
            14.2136054,
            37.3037174
          ],
          [
            14.2137306,
            37.3036707
          ],
          [
            14.2139535,
            37.3036464
          ],
          [
            14.2139708,
            37.3035912
          ],
          [
            14.2139778,
            37.303504
          ],
          [
            14.2139663,
            37.3034549
          ]
        ]
      },
      "id": "way/375814265"
    },
    {
      "type": "Feature",
      "properties": {
        "@id": "way/375814266",
        "highway": "residential",
        "name": "Via Montanara",
        "surface": "sett"
      },
      "geometry": {
        "type": "LineString",
        "coordinates": [
          [
            14.2112844,
            37.30138
          ],
          [
            14.2118152,
            37.3014249
          ],
          [
            14.2120823,
            37.3014473
          ],
          [
            14.2123226,
            37.3014678
          ],
          [
            14.212816,
            37.3015184
          ],
          [
            14.2130233,
            37.3015422
          ]
        ]
      },
      "id": "way/375814266"
    },
    {
      "type": "Feature",
      "properties": {
        "@id": "way/375814267",
        "highway": "residential",
        "name": "Via Tagliamento",
        "surface": "sett"
      },
      "geometry": {
        "type": "LineString",
        "coordinates": [
          [
            14.2115125,
            37.3021366
          ],
          [
            14.2114216,
            37.3020441
          ],
          [
            14.2113813,
            37.3019737
          ],
          [
            14.2113699,
            37.3019038
          ],
          [
            14.211342,
            37.301733
          ],
          [
            14.2113127,
            37.3015534
          ],
          [
            14.2112844,
            37.30138
          ],
          [
            14.2112555,
            37.3012031
          ],
          [
            14.2112524,
            37.3011842
          ],
          [
            14.2112411,
            37.3011459
          ],
          [
            14.2111903,
            37.3009752
          ],
          [
            14.2111452,
            37.3008287
          ],
          [
            14.2111389,
            37.3008019
          ],
          [
            14.2110982,
            37.300665
          ],
          [
            14.2110178,
            37.3003791
          ]
        ]
      },
      "id": "way/375814267"
    },
    {
      "type": "Feature",
      "properties": {
        "@id": "way/375814269",
        "highway": "residential",
        "name": "Via Marsala",
        "surface": "sett"
      },
      "geometry": {
        "type": "LineString",
        "coordinates": [
          [
            14.2115247,
            37.3004067
          ],
          [
            14.211557,
            37.300582
          ],
          [
            14.2115808,
            37.300711
          ],
          [
            14.211585,
            37.300734
          ],
          [
            14.2116049,
            37.3008982
          ],
          [
            14.2116253,
            37.3010668
          ]
        ]
      },
      "id": "way/375814269"
    },
    {
      "type": "Feature",
      "properties": {
        "@id": "way/375814270",
        "highway": "residential",
        "name": "Via Garigliano",
        "surface": "sett"
      },
      "geometry": {
        "type": "LineString",
        "coordinates": [
          [
            14.21433,
            37.3017356
          ],
          [
            14.2141072,
            37.3017585
          ],
          [
            14.2138975,
            37.30178
          ],
          [
            14.2135242,
            37.3018184
          ]
        ]
      },
      "id": "way/375814270"
    },
    {
      "type": "Feature",
      "properties": {
        "@id": "way/375814271",
        "highway": "residential",
        "name": "Via Montebello",
        "surface": "sett"
      },
      "geometry": {
        "type": "LineString",
        "coordinates": [
          [
            14.2127584,
            37.3019398
          ],
          [
            14.2125537,
            37.3019562
          ],
          [
            14.2123971,
            37.3019687
          ],
          [
            14.2123699,
            37.3018241
          ],
          [
            14.2123436,
            37.3016453
          ],
          [
            14.2123201,
            37.3014851
          ],
          [
            14.2123226,
            37.3014678
          ],
          [
            14.2123467,
            37.3012992
          ],
          [
            14.2123708,
            37.3011306
          ],
          [
            14.2123952,
            37.3009603
          ],
          [
            14.2124247,
            37.300789
          ]
        ]
      },
      "id": "way/375814271"
    },
    {
      "type": "Feature",
      "properties": {
        "@id": "way/375814272",
        "highway": "residential",
        "name": "Via Marengo",
        "surface": "sett"
      },
      "geometry": {
        "type": "LineString",
        "coordinates": [
          [
            14.2113699,
            37.3019038
          ],
          [
            14.21174,
            37.3019335
          ],
          [
            14.212003,
            37.3019546
          ],
          [
            14.2122423,
            37.3019737
          ]
        ]
      },
      "id": "way/375814272"
    },
    {
      "type": "Feature",
      "properties": {
        "@id": "way/375814273",
        "highway": "residential",
        "name": "Via Alessi",
        "oneway": "yes"
      },
      "geometry": {
        "type": "LineString",
        "coordinates": [
          [
            14.2111455,
            37.3035942
          ],
          [
            14.2116959,
            37.3034612
          ],
          [
            14.212143,
            37.3033794
          ],
          [
            14.212289,
            37.3033574
          ]
        ]
      },
      "id": "way/375814273"
    },
    {
      "type": "Feature",
      "properties": {
        "@id": "way/375814274",
        "highway": "residential",
        "name": "Via Puglie",
        "surface": "asphalt"
      },
      "geometry": {
        "type": "LineString",
        "coordinates": [
          [
            14.208998,
            37.3015007
          ],
          [
            14.2090132,
            37.3014726
          ],
          [
            14.2091399,
            37.3012379
          ],
          [
            14.2092542,
            37.3010263
          ],
          [
            14.2092942,
            37.3007627
          ],
          [
            14.2093352,
            37.3005018
          ],
          [
            14.209341,
            37.3004536
          ],
          [
            14.2093561,
            37.3003542
          ],
          [
            14.2093536,
            37.3002805
          ]
        ]
      },
      "id": "way/375814274"
    },
    {
      "type": "Feature",
      "properties": {
        "@id": "way/375814275",
        "highway": "residential",
        "name": "Via Abruzzi",
        "surface": "asphalt"
      },
      "geometry": {
        "type": "LineString",
        "coordinates": [
          [
            14.2092542,
            37.3010263
          ],
          [
            14.2095359,
            37.3010646
          ],
          [
            14.2096941,
            37.301086
          ],
          [
            14.2098497,
            37.3011058
          ],
          [
            14.2100515,
            37.301122
          ],
          [
            14.2101795,
            37.3011142
          ],
          [
            14.2105099,
            37.3010928
          ]
        ]
      },
      "id": "way/375814275"
    },
    {
      "type": "Feature",
      "properties": {
        "@id": "way/375814276",
        "highway": "residential",
        "name": "Via Enrico Toti",
        "surface": "sett"
      },
      "geometry": {
        "type": "LineString",
        "coordinates": [
          [
            14.2152741,
            37.3015317
          ],
          [
            14.2153837,
            37.3019012
          ],
          [
            14.2155117,
            37.3023528
          ],
          [
            14.2155616,
            37.3025312
          ]
        ]
      },
      "id": "way/375814276"
    },
    {
      "type": "Feature",
      "properties": {
        "@id": "way/375814277",
        "highway": "residential",
        "name": "Via Curatone",
        "surface": "sett"
      },
      "geometry": {
        "type": "LineString",
        "coordinates": [
          [
            14.2115808,
            37.300711
          ],
          [
            14.2119165,
            37.3007402
          ],
          [
            14.2121892,
            37.3007638
          ]
        ]
      },
      "id": "way/375814277"
    },
    {
      "type": "Feature",
      "properties": {
        "@id": "way/375814280",
        "highway": "residential",
        "name": "Via Soldati Ferrigno e Maddalena",
        "surface": "asphalt"
      },
      "geometry": {
        "type": "LineString",
        "coordinates": [
          [
            14.2115017,
            37.2998054
          ],
          [
            14.21147,
            37.2999863
          ],
          [
            14.2114661,
            37.3000086
          ],
          [
            14.2114231,
            37.3002543
          ],
          [
            14.2113975,
            37.3004004
          ]
        ]
      },
      "id": "way/375814280"
    },
    {
      "type": "Feature",
      "properties": {
        "@id": "way/375814281",
        "highway": "residential",
        "name": "Via D'Auria"
      },
      "geometry": {
        "type": "LineString",
        "coordinates": [
          [
            14.2125229,
            37.3033692
          ],
          [
            14.2131139,
            37.303401
          ],
          [
            14.2139663,
            37.3034549
          ]
        ]
      },
      "id": "way/375814281"
    },
    {
      "type": "Feature",
      "properties": {
        "@id": "way/375814282",
        "alt_name": "Via II Giugno",
        "highway": "residential",
        "name": "Via Due Giugno",
        "sorting_name": "Via 2 Giugno",
        "surface": "sett"
      },
      "geometry": {
        "type": "LineString",
        "coordinates": [
          [
            14.2132427,
            37.301528
          ],
          [
            14.2131604,
            37.302094
          ]
        ]
      },
      "id": "way/375814282"
    },
    {
      "type": "Feature",
      "properties": {
        "@id": "way/375814283",
        "highway": "footway",
        "name": "Via Pozzillo"
      },
      "geometry": {
        "type": "LineString",
        "coordinates": [
          [
            14.2125267,
            37.3024561
          ],
          [
            14.2126204,
            37.3023811
          ],
          [
            14.2126453,
            37.3022506
          ]
        ]
      },
      "id": "way/375814283"
    },
    {
      "type": "Feature",
      "properties": {
        "@id": "way/375814284",
        "highway": "residential",
        "name": "Via Benedetto Croce",
        "surface": "sett"
      },
      "geometry": {
        "type": "LineString",
        "coordinates": [
          [
            14.205046,
            37.3022631
          ],
          [
            14.2051376,
            37.3022874
          ],
          [
            14.2055032,
            37.3023843
          ],
          [
            14.2058414,
            37.3024795
          ],
          [
            14.2058991,
            37.3024957
          ],
          [
            14.2063144,
            37.3026115
          ],
          [
            14.2069694,
            37.302787
          ],
          [
            14.2073839,
            37.3029068
          ]
        ]
      },
      "id": "way/375814284"
    },
    {
      "type": "Feature",
      "properties": {
        "@id": "way/375814285",
        "highway": "residential"
      },
      "geometry": {
        "type": "LineString",
        "coordinates": [
          [
            14.2154552,
            37.3037425
          ],
          [
            14.2154637,
            37.3036778
          ],
          [
            14.2154583,
            37.3036169
          ],
          [
            14.2154406,
            37.3035764
          ],
          [
            14.2152823,
            37.3032155
          ],
          [
            14.2151852,
            37.302994
          ],
          [
            14.2151298,
            37.3028825
          ],
          [
            14.2150854,
            37.3027818
          ],
          [
            14.2150747,
            37.3027577
          ],
          [
            14.2150205,
            37.3026457
          ],
          [
            14.2149822,
            37.3025358
          ],
          [
            14.2149827,
            37.302489
          ],
          [
            14.215039,
            37.3024394
          ]
        ]
      },
      "id": "way/375814285"
    },
    {
      "type": "Feature",
      "properties": {
        "@id": "way/375814286",
        "highway": "residential",
        "name": "Via Curatone",
        "surface": "sett"
      },
      "geometry": {
        "type": "LineString",
        "coordinates": [
          [
            14.2111389,
            37.3008019
          ],
          [
            14.211585,
            37.300734
          ]
        ]
      },
      "id": "way/375814286"
    },
    {
      "type": "Feature",
      "properties": {
        "@id": "way/375814287",
        "highway": "residential",
        "name": "Via Calatafimi",
        "surface": "sett"
      },
      "geometry": {
        "type": "LineString",
        "coordinates": [
          [
            14.2111903,
            37.3009752
          ],
          [
            14.2116049,
            37.3008982
          ],
          [
            14.2118919,
            37.3009169
          ],
          [
            14.2121623,
            37.3009355
          ],
          [
            14.2123952,
            37.3009603
          ]
        ]
      },
      "id": "way/375814287"
    },
    {
      "type": "Feature",
      "properties": {
        "@id": "way/375814288",
        "highway": "residential",
        "name": "Via Volturno",
        "surface": "sett"
      },
      "geometry": {
        "type": "LineString",
        "coordinates": [
          [
            14.211557,
            37.300582
          ],
          [
            14.2110982,
            37.300665
          ]
        ]
      },
      "id": "way/375814288"
    },
    {
      "type": "Feature",
      "properties": {
        "@id": "way/375814289",
        "highway": "residential",
        "name": "Via Custoza",
        "surface": "sett"
      },
      "geometry": {
        "type": "LineString",
        "coordinates": [
          [
            14.2130588,
            37.3013697
          ],
          [
            14.2128402,
            37.3013423
          ],
          [
            14.2123467,
            37.3012992
          ],
          [
            14.2121087,
            37.3012782
          ],
          [
            14.2118404,
            37.3012545
          ],
          [
            14.2112555,
            37.3012031
          ]
        ]
      },
      "id": "way/375814289"
    },
    {
      "type": "Feature",
      "properties": {
        "@id": "way/375814290",
        "highway": "residential",
        "name": "Via Sardegna",
        "surface": "asphalt"
      },
      "geometry": {
        "type": "LineString",
        "coordinates": [
          [
            14.2097946,
            37.3018183
          ],
          [
            14.2094866,
            37.3016936
          ],
          [
            14.2092281,
            37.3015925
          ],
          [
            14.208998,
            37.3015007
          ]
        ]
      },
      "id": "way/375814290"
    },
    {
      "type": "Feature",
      "properties": {
        "@id": "way/375814291",
        "highway": "residential",
        "name": "Via San Giuseppe",
        "oneway": "yes",
        "surface": "paving_stones"
      },
      "geometry": {
        "type": "LineString",
        "coordinates": [
          [
            14.215311,
            37.3051693
          ],
          [
            14.215316,
            37.3051398
          ],
          [
            14.2153394,
            37.3050018
          ],
          [
            14.2153591,
            37.3048847
          ],
          [
            14.2153807,
            37.3047569
          ],
          [
            14.2153832,
            37.3047429
          ],
          [
            14.2154027,
            37.3045589
          ],
          [
            14.2154336,
            37.3043905
          ],
          [
            14.2154684,
            37.3041509
          ],
          [
            14.2154717,
            37.3041036
          ]
        ]
      },
      "id": "way/375814291"
    },
    {
      "type": "Feature",
      "properties": {
        "@id": "way/375814293",
        "highway": "residential",
        "name": "Via Sicilia"
      },
      "geometry": {
        "type": "LineString",
        "coordinates": [
          [
            14.2097578,
            37.3012546
          ],
          [
            14.2099864,
            37.3013229
          ],
          [
            14.2100305,
            37.3013247
          ]
        ]
      },
      "id": "way/375814293"
    },
    {
      "type": "Feature",
      "properties": {
        "@id": "way/375814294",
        "highway": "residential",
        "name": "Via Calì",
        "oneway": "yes"
      },
      "geometry": {
        "type": "LineString",
        "coordinates": [
          [
            14.2139934,
            37.3031521
          ],
          [
            14.2138316,
            37.3031609
          ],
          [
            14.21356,
            37.3031812
          ],
          [
            14.2133098,
            37.3032047
          ],
          [
            14.2131302,
            37.3032154
          ],
          [
            14.2127922,
            37.3032388
          ],
          [
            14.2126708,
            37.3032442
          ],
          [
            14.212512,
            37.303244
          ]
        ]
      },
      "id": "way/375814294"
    },
    {
      "type": "Feature",
      "properties": {
        "@id": "way/375814295",
        "highway": "residential",
        "name": "Via Antonio Gramsci",
        "surface": "sett"
      },
      "geometry": {
        "type": "LineString",
        "coordinates": [
          [
            14.2078039,
            37.3019607
          ],
          [
            14.2073673,
            37.3018389
          ],
          [
            14.2073535,
            37.3018346
          ],
          [
            14.2070501,
            37.3017518
          ],
          [
            14.2067389,
            37.3016662
          ],
          [
            14.2067229,
            37.3016618
          ],
          [
            14.2063057,
            37.3015464
          ],
          [
            14.2059056,
            37.3014348
          ],
          [
            14.2054566,
            37.3013092
          ]
        ]
      },
      "id": "way/375814295"
    },
    {
      "type": "Feature",
      "properties": {
        "@id": "way/375814296",
        "highway": "residential",
        "name": "Via Lucania",
        "surface": "asphalt"
      },
      "geometry": {
        "type": "LineString",
        "coordinates": [
          [
            14.2090626,
            37.3018757
          ],
          [
            14.2092281,
            37.3015925
          ],
          [
            14.2093818,
            37.3013289
          ],
          [
            14.2095359,
            37.3010646
          ]
        ]
      },
      "id": "way/375814296"
    },
    {
      "type": "Feature",
      "properties": {
        "@id": "way/375814297",
        "highway": "residential",
        "name": "Via Benedetto Cairoli",
        "surface": "sett"
      },
      "geometry": {
        "type": "LineString",
        "coordinates": [
          [
            14.2159575,
            37.3022967
          ],
          [
            14.2159397,
            37.3022195
          ],
          [
            14.2158301,
            37.3018251
          ],
          [
            14.2157378,
            37.3014582
          ],
          [
            14.2156835,
            37.3012691
          ]
        ]
      },
      "id": "way/375814297"
    },
    {
      "type": "Feature",
      "properties": {
        "@id": "way/375814298",
        "highway": "residential",
        "name": "Via Santa Lucia",
        "oneway": "yes",
        "surface": "asphalt"
      },
      "geometry": {
        "type": "LineString",
        "coordinates": [
          [
            14.2128421,
            37.3038388
          ],
          [
            14.2131147,
            37.3040884
          ],
          [
            14.2131516,
            37.3041029
          ],
          [
            14.2132731,
            37.3042562
          ],
          [
            14.2134044,
            37.3044299
          ],
          [
            14.2134625,
            37.3044792
          ]
        ]
      },
      "id": "way/375814298"
    },
    {
      "type": "Feature",
      "properties": {
        "@id": "way/375814299",
        "highway": "residential",
        "name": "Via Villafranca",
        "surface": "asphalt"
      },
      "geometry": {
        "type": "LineString",
        "coordinates": [
          [
            14.2131101,
            37.3009959
          ],
          [
            14.213079,
            37.3011882
          ]
        ]
      },
      "id": "way/375814299"
    },
    {
      "type": "Feature",
      "properties": {
        "@id": "way/375814301",
        "highway": "residential",
        "name": "Via Ugo Bassi",
        "source": "Bing",
        "surface": "sett"
      },
      "geometry": {
        "type": "LineString",
        "coordinates": [
          [
            14.2159784,
            37.3018011
          ],
          [
            14.2158301,
            37.3018251
          ],
          [
            14.2156174,
            37.3018613
          ],
          [
            14.2153837,
            37.3019012
          ]
        ]
      },
      "id": "way/375814301"
    },
    {
      "type": "Feature",
      "properties": {
        "@id": "way/375815044",
        "highway": "residential",
        "name": "Via Fratelli Cervi",
        "surface": "sett"
      },
      "geometry": {
        "type": "LineString",
        "coordinates": [
          [
            14.205585,
            37.301017
          ],
          [
            14.2060252,
            37.3011365
          ],
          [
            14.2064331,
            37.3012491
          ]
        ]
      },
      "id": "way/375815044"
    },
    {
      "type": "Feature",
      "properties": {
        "@id": "way/375815046",
        "highway": "residential",
        "name": "Via Giuseppe Di Vittorio",
        "surface": "sett"
      },
      "geometry": {
        "type": "LineString",
        "coordinates": [
          [
            14.2064905,
            37.3011104
          ],
          [
            14.2064331,
            37.3012491
          ],
          [
            14.2063057,
            37.3015464
          ],
          [
            14.2061747,
            37.3018523
          ],
          [
            14.2060355,
            37.3021771
          ],
          [
            14.2058991,
            37.3024957
          ]
        ]
      },
      "id": "way/375815046"
    },
    {
      "type": "Feature",
      "properties": {
        "@id": "way/375815047",
        "highway": "residential",
        "name": "Via Bruno Buozzi",
        "surface": "sett"
      },
      "geometry": {
        "type": "LineString",
        "coordinates": [
          [
            14.2053238,
            37.3016199
          ],
          [
            14.2057762,
            37.3017434
          ],
          [
            14.2061747,
            37.3018523
          ],
          [
            14.2065916,
            37.3019661
          ],
          [
            14.2072395,
            37.302143
          ],
          [
            14.2076678,
            37.30226
          ]
        ]
      },
      "id": "way/375815047"
    },
    {
      "type": "Feature",
      "properties": {
        "@id": "way/375815058",
        "highway": "steps"
      },
      "geometry": {
        "type": "LineString",
        "coordinates": [
          [
            14.2063672,
            37.3009259
          ],
          [
            14.2063329,
            37.3009162
          ],
          [
            14.2063057,
            37.3009086
          ]
        ]
      },
      "id": "way/375815058"
    },
    {
      "type": "Feature",
      "properties": {
        "@id": "way/375815062",
        "highway": "residential",
        "name": "Via Pino Santangelo",
        "surface": "sett"
      },
      "geometry": {
        "type": "LineString",
        "coordinates": [
          [
            14.2056482,
            37.300872
          ],
          [
            14.2060876,
            37.3009945
          ],
          [
            14.2063091,
            37.3010562
          ],
          [
            14.2064824,
            37.301108
          ],
          [
            14.2064905,
            37.3011104
          ],
          [
            14.2068582,
            37.3012104
          ]
        ]
      },
      "id": "way/375815062"
    },
    {
      "type": "Feature",
      "properties": {
        "@id": "way/377842261",
        "highway": "residential",
        "name": "Cortile Corvo"
      },
      "geometry": {
        "type": "LineString",
        "coordinates": [
          [
            14.2091227,
            37.3041626
          ],
          [
            14.2090596,
            37.3043078
          ],
          [
            14.2090251,
            37.3043579
          ],
          [
            14.2089959,
            37.3043788
          ]
        ]
      },
      "id": "way/377842261"
    },
    {
      "type": "Feature",
      "properties": {
        "@id": "way/377842263",
        "highway": "residential",
        "name": "Via Torquato Tasso",
        "surface": "sett"
      },
      "geometry": {
        "type": "LineString",
        "coordinates": [
          [
            14.2093581,
            37.3036687
          ],
          [
            14.2094294,
            37.3034945
          ],
          [
            14.2094983,
            37.3033302
          ],
          [
            14.2095693,
            37.3031628
          ]
        ]
      },
      "id": "way/377842263"
    },
    {
      "type": "Feature",
      "properties": {
        "@id": "way/377842265",
        "highway": "residential",
        "name": "Via Francesco Guicciardini",
        "surface": "sett"
      },
      "geometry": {
        "type": "LineString",
        "coordinates": [
          [
            14.2086272,
            37.3023199
          ],
          [
            14.2089762,
            37.302449
          ],
          [
            14.2092901,
            37.302565
          ],
          [
            14.2094588,
            37.3027266
          ],
          [
            14.209659,
            37.3029124
          ]
        ]
      },
      "id": "way/377842265"
    },
    {
      "type": "Feature",
      "properties": {
        "@id": "way/377842267",
        "highway": "residential",
        "surface": "sett"
      },
      "geometry": {
        "type": "LineString",
        "coordinates": [
          [
            14.2088185,
            37.3042373
          ],
          [
            14.2087689,
            37.3042778
          ],
          [
            14.2087263,
            37.3043606
          ]
        ]
      },
      "id": "way/377842267"
    },
    {
      "type": "Feature",
      "properties": {
        "@id": "way/377842269",
        "highway": "residential"
      },
      "geometry": {
        "type": "LineString",
        "coordinates": [
          [
            14.2106259,
            37.3050951
          ],
          [
            14.2106699,
            37.3049765
          ]
        ]
      },
      "id": "way/377842269"
    },
    {
      "type": "Feature",
      "properties": {
        "@id": "way/377842271",
        "highway": "residential",
        "name": "Via Gueli",
        "surface": "sett"
      },
      "geometry": {
        "type": "LineString",
        "coordinates": [
          [
            14.2080384,
            37.3045395
          ],
          [
            14.2081007,
            37.304389
          ],
          [
            14.2081332,
            37.3043105
          ],
          [
            14.2082396,
            37.3040667
          ]
        ]
      },
      "id": "way/377842271"
    },
    {
      "type": "Feature",
      "properties": {
        "@id": "way/377842274",
        "highway": "residential"
      },
      "geometry": {
        "type": "LineString",
        "coordinates": [
          [
            14.2108969,
            37.3058866
          ],
          [
            14.2107122,
            37.305846
          ],
          [
            14.210502,
            37.3057788
          ],
          [
            14.2104768,
            37.3057798
          ],
          [
            14.2104615,
            37.3057909
          ]
        ]
      },
      "id": "way/377842274"
    },
    {
      "type": "Feature",
      "properties": {
        "@id": "way/377842275",
        "highway": "residential",
        "name": "Via Giuseppe Parini",
        "surface": "sett"
      },
      "geometry": {
        "type": "LineString",
        "coordinates": [
          [
            14.2093581,
            37.3036687
          ],
          [
            14.2101344,
            37.3038831
          ]
        ]
      },
      "id": "way/377842275"
    },
    {
      "type": "Feature",
      "properties": {
        "@id": "way/377842277",
        "highway": "residential",
        "name": "Via Antonio Gramsci",
        "surface": "sett"
      },
      "geometry": {
        "type": "LineString",
        "coordinates": [
          [
            14.2078039,
            37.3019607
          ],
          [
            14.2086772,
            37.3021947
          ]
        ]
      },
      "id": "way/377842277"
    },
    {
      "type": "Feature",
      "properties": {
        "@id": "way/377842281",
        "highway": "residential",
        "name": "Via Giacomo Leopardi",
        "surface": "sett"
      },
      "geometry": {
        "type": "LineString",
        "coordinates": [
          [
            14.2094294,
            37.3034945
          ],
          [
            14.2102111,
            37.3037156
          ]
        ]
      },
      "id": "way/377842281"
    },
    {
      "type": "Feature",
      "properties": {
        "@id": "way/377842282",
        "alt_name": "Via XXIV Maggio",
        "highway": "residential",
        "name": "Via Ventiquattro Maggio",
        "sorting_name": "Via 24 Maggio",
        "surface": "sett"
      },
      "geometry": {
        "type": "LineString",
        "coordinates": [
          [
            14.2110716,
            37.305735
          ],
          [
            14.2111243,
            37.3056182
          ],
          [
            14.2111336,
            37.3055975
          ],
          [
            14.2109944,
            37.3055675
          ],
          [
            14.2107792,
            37.3055238
          ],
          [
            14.2105743,
            37.3054721
          ],
          [
            14.210446,
            37.3054273
          ],
          [
            14.2103725,
            37.3053926
          ],
          [
            14.2102022,
            37.305303
          ],
          [
            14.2101123,
            37.305399
          ]
        ]
      },
      "id": "way/377842282"
    },
    {
      "type": "Feature",
      "properties": {
        "@id": "way/377842283",
        "highway": "residential",
        "name": "Via Aleardo Aleardi"
      },
      "geometry": {
        "type": "LineString",
        "coordinates": [
          [
            14.2091465,
            37.3021667
          ],
          [
            14.2087379,
            37.3020427
          ]
        ]
      },
      "id": "way/377842283"
    },
    {
      "type": "Feature",
      "properties": {
        "@id": "way/377842284",
        "alt_name": "Via IV Novembre",
        "highway": "residential",
        "name": "Via Quattro Novembre",
        "sorting_name": "Via 4 Novembre",
        "surface": "sett"
      },
      "geometry": {
        "type": "LineString",
        "coordinates": [
          [
            14.2081332,
            37.3043105
          ],
          [
            14.2083009,
            37.3043578
          ],
          [
            14.2084577,
            37.3044021
          ],
          [
            14.2087979,
            37.3044994
          ],
          [
            14.2090425,
            37.3045659
          ],
          [
            14.2093439,
            37.3046449
          ]
        ]
      },
      "id": "way/377842284"
    },
    {
      "type": "Feature",
      "properties": {
        "@id": "way/377842286",
        "highway": "residential",
        "name": "Via Don Giovanni Bosco"
      },
      "geometry": {
        "type": "LineString",
        "coordinates": [
          [
            14.2101021,
            37.3039534
          ],
          [
            14.210295,
            37.3040026
          ],
          [
            14.2106078,
            37.3038657
          ],
          [
            14.210814,
            37.3037725
          ]
        ]
      },
      "id": "way/377842286"
    },
    {
      "type": "Feature",
      "properties": {
        "@id": "way/377842287",
        "highway": "residential",
        "name": "Via Vincenzo Monti",
        "surface": "sett"
      },
      "geometry": {
        "type": "LineString",
        "coordinates": [
          [
            14.2100701,
            37.3040231
          ],
          [
            14.2093053,
            37.3038116
          ]
        ]
      },
      "id": "way/377842287"
    },
    {
      "type": "Feature",
      "properties": {
        "@id": "way/377842288",
        "highway": "residential",
        "name": "Via Salvatore Giujusa",
        "old_name": "Via Pecorella",
        "surface": "paving_stones"
      },
      "geometry": {
        "type": "LineString",
        "coordinates": [
          [
            14.2099813,
            37.3043483
          ],
          [
            14.2099628,
            37.304395
          ],
          [
            14.2099557,
            37.304413
          ],
          [
            14.209882,
            37.3045986
          ],
          [
            14.2098361,
            37.3047142
          ],
          [
            14.2097933,
            37.3048027
          ],
          [
            14.209771,
            37.3048457
          ],
          [
            14.2097308,
            37.3049255
          ],
          [
            14.2099213,
            37.3050131
          ]
        ]
      },
      "id": "way/377842288"
    },
    {
      "type": "Feature",
      "properties": {
        "@id": "way/377842292",
        "highway": "residential",
        "name": "Via Aprile",
        "surface": "sett"
      },
      "geometry": {
        "type": "LineString",
        "coordinates": [
          [
            14.2103725,
            37.3053926
          ],
          [
            14.2105688,
            37.3049444
          ],
          [
            14.2107001,
            37.3045986
          ]
        ]
      },
      "id": "way/377842292"
    },
    {
      "type": "Feature",
      "properties": {
        "@id": "way/377842297",
        "highway": "residential",
        "name": "Via Cilona",
        "surface": "paving_stones"
      },
      "geometry": {
        "type": "LineString",
        "coordinates": [
          [
            14.2113408,
            37.3047782
          ],
          [
            14.2111776,
            37.3051145
          ],
          [
            14.2110778,
            37.3053464
          ],
          [
            14.2109944,
            37.3055675
          ]
        ]
      },
      "id": "way/377842297"
    },
    {
      "type": "Feature",
      "properties": {
        "@id": "way/377842300",
        "highway": "residential",
        "name": "Via Raffaello Sanzio",
        "surface": "sett"
      },
      "geometry": {
        "type": "LineString",
        "coordinates": [
          [
            14.2098389,
            37.3028292
          ],
          [
            14.2096391,
            37.3026177
          ],
          [
            14.209385,
            37.3024003
          ]
        ]
      },
      "id": "way/377842300"
    },
    {
      "type": "Feature",
      "properties": {
        "@id": "way/377842301",
        "highway": "residential",
        "name": "Via Giuseppe Verdi",
        "surface": "sett"
      },
      "geometry": {
        "type": "LineString",
        "coordinates": [
          [
            14.2092582,
            37.3028627
          ],
          [
            14.2094588,
            37.3027266
          ],
          [
            14.2096391,
            37.3026177
          ],
          [
            14.2097237,
            37.3025711
          ],
          [
            14.2098721,
            37.3024977
          ]
        ]
      },
      "id": "way/377842301"
    },
    {
      "type": "Feature",
      "properties": {
        "@id": "way/377842303",
        "highway": "residential"
      },
      "geometry": {
        "type": "LineString",
        "coordinates": [
          [
            14.211035,
            37.3026191
          ],
          [
            14.2110833,
            37.3025935
          ],
          [
            14.2111047,
            37.3025401
          ],
          [
            14.2111123,
            37.3025126
          ],
          [
            14.2111235,
            37.3024719
          ],
          [
            14.2111825,
            37.3024036
          ],
          [
            14.2112798,
            37.3023577
          ]
        ]
      },
      "id": "way/377842303"
    },
    {
      "type": "Feature",
      "properties": {
        "@id": "way/377842304",
        "highway": "residential",
        "name": "Via Ugo Foscolo",
        "surface": "sett"
      },
      "geometry": {
        "type": "LineString",
        "coordinates": [
          [
            14.2091529,
            37.3028204
          ],
          [
            14.209198,
            37.3027247
          ],
          [
            14.2092901,
            37.302565
          ],
          [
            14.209385,
            37.3024003
          ],
          [
            14.209473,
            37.3022318
          ],
          [
            14.2095201,
            37.3021843
          ]
        ]
      },
      "id": "way/377842304"
    },
    {
      "type": "Feature",
      "properties": {
        "@id": "way/377842306",
        "highway": "service",
        "service": "driveway"
      },
      "geometry": {
        "type": "LineString",
        "coordinates": [
          [
            14.2090476,
            37.3030156
          ],
          [
            14.2090333,
            37.3030474
          ]
        ]
      },
      "id": "way/377842306"
    },
    {
      "type": "Feature",
      "properties": {
        "@id": "way/377842307",
        "highway": "residential",
        "name": "Via Giuseppe Giusti",
        "surface": "sett"
      },
      "geometry": {
        "type": "LineString",
        "coordinates": [
          [
            14.2099717,
            37.3032804
          ],
          [
            14.2101224,
            37.3032052
          ],
          [
            14.2103301,
            37.3031016
          ]
        ]
      },
      "id": "way/377842307"
    },
    {
      "type": "Feature",
      "properties": {
        "@id": "way/377842309",
        "highway": "residential",
        "name": "Via Niccolò Macchiavelli",
        "surface": "sett"
      },
      "geometry": {
        "type": "LineString",
        "coordinates": [
          [
            14.2091529,
            37.3028204
          ],
          [
            14.2092582,
            37.3028627
          ],
          [
            14.2094875,
            37.3029592
          ],
          [
            14.2095307,
            37.3029666
          ],
          [
            14.2095658,
            37.3029592
          ],
          [
            14.209659,
            37.3029124
          ],
          [
            14.2098389,
            37.3028292
          ],
          [
            14.2100483,
            37.3027264
          ]
        ]
      },
      "id": "way/377842309"
    },
    {
      "type": "Feature",
      "properties": {
        "@id": "way/377842311",
        "highway": "residential",
        "name": "Via Alessandro Volta",
        "surface": "sett"
      },
      "geometry": {
        "type": "LineString",
        "coordinates": [
          [
            14.2115098,
            37.3060455
          ],
          [
            14.2114838,
            37.3060174
          ],
          [
            14.2114508,
            37.3059943
          ],
          [
            14.2114151,
            37.3059782
          ],
          [
            14.2113761,
            37.3059681
          ],
          [
            14.2113354,
            37.3059644
          ],
          [
            14.2112147,
            37.3059692
          ],
          [
            14.211094,
            37.3059665
          ],
          [
            14.2109875,
            37.305958
          ],
          [
            14.2108821,
            37.3059438
          ],
          [
            14.2105871,
            37.3058524
          ],
          [
            14.2104615,
            37.3057909
          ],
          [
            14.2104165,
            37.3057579
          ],
          [
            14.2103685,
            37.3057063
          ],
          [
            14.2102498,
            37.3055484
          ],
          [
            14.2101908,
            37.305477
          ],
          [
            14.2101123,
            37.305399
          ],
          [
            14.2099541,
            37.3052924
          ],
          [
            14.20965,
            37.3051227
          ],
          [
            14.2094176,
            37.3050043
          ],
          [
            14.2092157,
            37.3049248
          ],
          [
            14.2089922,
            37.3048443
          ],
          [
            14.2086304,
            37.3047174
          ],
          [
            14.2083836,
            37.3046174
          ],
          [
            14.2083548,
            37.3046085
          ],
          [
            14.2082019,
            37.3045787
          ],
          [
            14.2081062,
            37.30456
          ],
          [
            14.2080384,
            37.3045395
          ],
          [
            14.2079196,
            37.304487
          ],
          [
            14.2078667,
            37.3044473
          ],
          [
            14.2078217,
            37.3044018
          ],
          [
            14.2077855,
            37.3043516
          ],
          [
            14.2077581,
            37.3042951
          ],
          [
            14.2077419,
            37.3042359
          ],
          [
            14.2077372,
            37.3041755
          ],
          [
            14.2077644,
            37.3040922
          ],
          [
            14.2078124,
            37.3040057
          ],
          [
            14.2079024,
            37.3038454
          ]
        ]
      },
      "id": "way/377842311"
    },
    {
      "type": "Feature",
      "properties": {
        "@id": "way/377842313",
        "highway": "residential",
        "name": "Via Giousè Carducci"
      },
      "geometry": {
        "type": "LineString",
        "coordinates": [
          [
            14.2099267,
            37.3043358
          ],
          [
            14.2099632,
            37.3042563
          ],
          [
            14.2099728,
            37.3042346
          ],
          [
            14.2100701,
            37.3040231
          ],
          [
            14.2101021,
            37.3039534
          ],
          [
            14.2101344,
            37.3038831
          ],
          [
            14.2102111,
            37.3037156
          ],
          [
            14.2102853,
            37.3035539
          ],
          [
            14.2103577,
            37.3035252
          ]
        ]
      },
      "id": "way/377842313"
    },
    {
      "type": "Feature",
      "properties": {
        "@id": "way/377842315",
        "highway": "residential",
        "name": "Via Celso",
        "oneway": "no"
      },
      "geometry": {
        "type": "LineString",
        "coordinates": [
          [
            14.2119832,
            37.302815
          ],
          [
            14.2118218,
            37.3028056
          ],
          [
            14.2117082,
            37.3028196
          ],
          [
            14.2116358,
            37.3027962
          ],
          [
            14.2114481,
            37.3028026
          ]
        ]
      },
      "id": "way/377842315"
    },
    {
      "type": "Feature",
      "properties": {
        "@id": "way/377842316",
        "highway": "residential",
        "name": "Via De Maria",
        "surface": "sett"
      },
      "geometry": {
        "type": "LineString",
        "coordinates": [
          [
            14.2098361,
            37.3047142
          ],
          [
            14.2105688,
            37.3049444
          ],
          [
            14.2106699,
            37.3049765
          ],
          [
            14.2111776,
            37.3051145
          ],
          [
            14.2114464,
            37.3051809
          ]
        ]
      },
      "id": "way/377842316"
    },
    {
      "type": "Feature",
      "properties": {
        "@id": "way/377842318",
        "highway": "residential",
        "name": "Via Ludovico Ariosto",
        "surface": "asphalt"
      },
      "geometry": {
        "type": "LineString",
        "coordinates": [
          [
            14.2088882,
            37.3026036
          ],
          [
            14.2089762,
            37.302449
          ],
          [
            14.2091465,
            37.3021667
          ],
          [
            14.209255,
            37.301987
          ]
        ]
      },
      "id": "way/377842318"
    },
    {
      "type": "Feature",
      "properties": {
        "@id": "way/377842319",
        "highway": "residential",
        "name": "Via Giovanni Pascoli",
        "surface": "asphalt"
      },
      "geometry": {
        "type": "LineString",
        "coordinates": [
          [
            14.2085645,
            37.3024768
          ],
          [
            14.2088882,
            37.3026036
          ],
          [
            14.209198,
            37.3027247
          ]
        ]
      },
      "id": "way/377842319"
    },
    {
      "type": "Feature",
      "properties": {
        "@id": "way/377842321",
        "highway": "residential",
        "name": "Via Vittorio Alfieri",
        "surface": "sett"
      },
      "geometry": {
        "type": "LineString",
        "coordinates": [
          [
            14.2094983,
            37.3033302
          ],
          [
            14.2102853,
            37.3035539
          ]
        ]
      },
      "id": "way/377842321"
    },
    {
      "type": "Feature",
      "properties": {
        "@id": "way/377842322",
        "highway": "residential",
        "name": "Via Siciliano",
        "surface": "sett"
      },
      "geometry": {
        "type": "LineString",
        "coordinates": [
          [
            14.2083548,
            37.3046085
          ],
          [
            14.2084577,
            37.3044021
          ],
          [
            14.2085948,
            37.3040795
          ]
        ]
      },
      "id": "way/377842322"
    },
    {
      "type": "Feature",
      "properties": {
        "@id": "way/377842323",
        "highway": "residential",
        "name": "Via Dante Alighieri",
        "oneway": "yes",
        "surface": "sett"
      },
      "geometry": {
        "type": "LineString",
        "coordinates": [
          [
            14.2099717,
            37.3032804
          ],
          [
            14.2095693,
            37.3031628
          ],
          [
            14.2090476,
            37.3030156
          ],
          [
            14.2084206,
            37.3028369
          ]
        ]
      },
      "id": "way/377842323"
    },
    {
      "type": "Feature",
      "properties": {
        "@id": "way/377842324",
        "highway": "residential"
      },
      "geometry": {
        "type": "LineString",
        "coordinates": [
          [
            14.2081062,
            37.30456
          ],
          [
            14.208098,
            37.3045947
          ],
          [
            14.2083058,
            37.3047387
          ],
          [
            14.2085609,
            37.3048339
          ],
          [
            14.208912,
            37.3049649
          ],
          [
            14.2091659,
            37.3050587
          ],
          [
            14.2094029,
            37.305159
          ],
          [
            14.209595,
            37.3052689
          ],
          [
            14.2097747,
            37.3053894
          ],
          [
            14.2099005,
            37.3054716
          ],
          [
            14.2100238,
            37.3055804
          ],
          [
            14.2102062,
            37.3057895
          ],
          [
            14.2105095,
            37.3060128
          ],
          [
            14.2105294,
            37.3060274
          ],
          [
            14.2105656,
            37.3060486
          ],
          [
            14.2106064,
            37.3060635
          ],
          [
            14.2106502,
            37.3060716
          ],
          [
            14.2106968,
            37.3060724
          ],
          [
            14.2107426,
            37.3060654
          ],
          [
            14.2107855,
            37.3060508
          ],
          [
            14.2108181,
            37.3060273
          ],
          [
            14.2108821,
            37.3059438
          ]
        ]
      },
      "id": "way/377842324"
    },
    {
      "type": "Feature",
      "properties": {
        "@id": "way/377842325",
        "highway": "residential",
        "name": "Via Selvaggio",
        "surface": "paving_stones"
      },
      "geometry": {
        "type": "LineString",
        "coordinates": [
          [
            14.2094987,
            37.3042499
          ],
          [
            14.2094861,
            37.3042886
          ],
          [
            14.2093439,
            37.3046449
          ],
          [
            14.2092943,
            37.3047803
          ]
        ]
      },
      "id": "way/377842325"
    },
    {
      "type": "Feature",
      "properties": {
        "@id": "way/377842327",
        "access": "permit",
        "highway": "service",
        "service": "driveway"
      },
      "geometry": {
        "type": "LineString",
        "coordinates": [
          [
            14.2090787,
            37.303593
          ],
          [
            14.2086938,
            37.3034511
          ],
          [
            14.2084055,
            37.303241
          ],
          [
            14.208392,
            37.3031706
          ],
          [
            14.2084722,
            37.3029807
          ],
          [
            14.2090045,
            37.3031147
          ],
          [
            14.2094179,
            37.3032389
          ]
        ]
      },
      "id": "way/377842327"
    },
    {
      "type": "Feature",
      "properties": {
        "@id": "way/377844824",
        "highway": "residential",
        "surface": "asphalt"
      },
      "geometry": {
        "type": "LineString",
        "coordinates": [
          [
            14.2126259,
            37.2994906
          ],
          [
            14.212532,
            37.2995936
          ],
          [
            14.2125126,
            37.2996581
          ],
          [
            14.2124981,
            37.2996755
          ],
          [
            14.2123357,
            37.2998717
          ]
        ]
      },
      "id": "way/377844824"
    },
    {
      "type": "Feature",
      "properties": {
        "@id": "way/377844825",
        "highway": "residential",
        "name": "Via Cesare Balbo",
        "surface": "sett"
      },
      "geometry": {
        "type": "LineString",
        "coordinates": [
          [
            14.2159156,
            37.3004577
          ],
          [
            14.2157168,
            37.3004749
          ],
          [
            14.2155342,
            37.3004907
          ],
          [
            14.2153414,
            37.3005074
          ],
          [
            14.2149531,
            37.3005411
          ]
        ]
      },
      "id": "way/377844825"
    },
    {
      "type": "Feature",
      "properties": {
        "@id": "way/377844827",
        "highway": "residential",
        "name": "Via Francesco Barracca",
        "surface": "sett"
      },
      "geometry": {
        "type": "LineString",
        "coordinates": [
          [
            14.2157168,
            37.3004749
          ],
          [
            14.215771,
            37.3008818
          ]
        ]
      },
      "id": "way/377844827"
    },
    {
      "type": "Feature",
      "properties": {
        "@id": "way/377844828",
        "highway": "residential"
      },
      "geometry": {
        "type": "LineString",
        "coordinates": [
          [
            14.2149902,
            37.3007862
          ],
          [
            14.2150356,
            37.3013134
          ],
          [
            14.2150495,
            37.3014902
          ],
          [
            14.2150592,
            37.3015444
          ],
          [
            14.2150904,
            37.3015917
          ]
        ]
      },
      "id": "way/377844828"
    },
    {
      "type": "Feature",
      "properties": {
        "@id": "way/377844829",
        "access": "private",
        "highway": "service",
        "service": "driveway"
      },
      "geometry": {
        "type": "LineString",
        "coordinates": [
          [
            14.2161053,
            37.3011061
          ],
          [
            14.2161677,
            37.3012001
          ],
          [
            14.2161824,
            37.3012705
          ],
          [
            14.2161664,
            37.3014701
          ]
        ]
      },
      "id": "way/377844829"
    },
    {
      "type": "Feature",
      "properties": {
        "@id": "way/377844830",
        "highway": "residential",
        "name": "Via Antonino Agostino",
        "surface": "asphalt"
      },
      "geometry": {
        "type": "LineString",
        "coordinates": [
          [
            14.2114658,
            37.2977224
          ],
          [
            14.2127868,
            37.297839
          ],
          [
            14.2131413,
            37.2978711
          ]
        ]
      },
      "id": "way/377844830"
    },
    {
      "type": "Feature",
      "properties": {
        "@id": "way/377844831",
        "highway": "service"
      },
      "geometry": {
        "type": "LineString",
        "coordinates": [
          [
            14.2096416,
            37.2980092
          ],
          [
            14.209568,
            37.2979944
          ],
          [
            14.2091391,
            37.2981076
          ],
          [
            14.2090698,
            37.2981404
          ]
        ]
      },
      "id": "way/377844831"
    },
    {
      "type": "Feature",
      "properties": {
        "@id": "way/377844832",
        "highway": "residential",
        "name": "Via Luigi Mercantini",
        "surface": "sett"
      },
      "geometry": {
        "type": "LineString",
        "coordinates": [
          [
            14.2172946,
            37.3025726
          ],
          [
            14.216994,
            37.3027959
          ]
        ]
      },
      "id": "way/377844832"
    },
    {
      "type": "Feature",
      "properties": {
        "@id": "way/377844834",
        "highway": "unclassified",
        "lanes": "2",
        "name": "contrada Madonnuzza",
        "surface": "asphalt"
      },
      "geometry": {
        "type": "LineString",
        "coordinates": [
          [
            14.2107935,
            37.2954102
          ],
          [
            14.20882,
            37.2950821
          ],
          [
            14.2084945,
            37.296389
          ],
          [
            14.2082884,
            37.2972467
          ]
        ]
      },
      "id": "way/377844834"
    },
    {
      "type": "Feature",
      "properties": {
        "@id": "way/377844835",
        "highway": "service"
      },
      "geometry": {
        "type": "LineString",
        "coordinates": [
          [
            14.2120948,
            37.300454
          ],
          [
            14.212019,
            37.3004166
          ],
          [
            14.2119774,
            37.3003814
          ],
          [
            14.2119405,
            37.3002913
          ],
          [
            14.2119353,
            37.3001665
          ],
          [
            14.2119593,
            37.300063
          ],
          [
            14.211971,
            37.2999966
          ],
          [
            14.2120052,
            37.2998022
          ]
        ]
      },
      "id": "way/377844835"
    },
    {
      "type": "Feature",
      "properties": {
        "@id": "way/377844836",
        "highway": "residential",
        "name": "Via Roma",
        "surface": "sett"
      },
      "geometry": {
        "type": "LineString",
        "coordinates": [
          [
            14.2148534,
            37.303838
          ],
          [
            14.2145837,
            37.3038436
          ]
        ]
      },
      "id": "way/377844836"
    },
    {
      "type": "Feature",
      "properties": {
        "@id": "way/377844838",
        "highway": "residential",
        "name": "Via Antonio Sciesa",
        "surface": "sett"
      },
      "geometry": {
        "type": "LineString",
        "coordinates": [
          [
            14.2159557,
            37.3008695
          ],
          [
            14.215771,
            37.3008818
          ],
          [
            14.2155895,
            37.3008977
          ],
          [
            14.2155413,
            37.3009057
          ],
          [
            14.215506,
            37.3009386
          ]
        ]
      },
      "id": "way/377844838"
    },
    {
      "type": "Feature",
      "properties": {
        "@id": "way/377844839",
        "highway": "residential",
        "name": "Via Martiri di Belfiore",
        "oneway": "yes",
        "surface": "sett"
      },
      "geometry": {
        "type": "LineString",
        "coordinates": [
          [
            14.2141526,
            37.2996264
          ],
          [
            14.2142249,
            37.2996178
          ],
          [
            14.2143914,
            37.2995978
          ],
          [
            14.2145917,
            37.2995738
          ],
          [
            14.2148024,
            37.2995485
          ],
          [
            14.2150219,
            37.2995222
          ]
        ]
      },
      "id": "way/377844839"
    },
    {
      "type": "Feature",
      "properties": {
        "@id": "way/377844841",
        "highway": "residential",
        "name": "Via Nino Bixio",
        "surface": "sett"
      },
      "geometry": {
        "type": "LineString",
        "coordinates": [
          [
            14.2163687,
            37.3017655
          ],
          [
            14.2160534,
            37.3020036
          ]
        ]
      },
      "id": "way/377844841"
    },
    {
      "type": "Feature",
      "properties": {
        "@id": "way/377844842",
        "highway": "residential",
        "name": "Via Giuseppe Garibaldi",
        "surface": "sett"
      },
      "geometry": {
        "type": "LineString",
        "coordinates": [
          [
            14.2143914,
            37.2995978
          ],
          [
            14.2144466,
            37.299959
          ],
          [
            14.2144739,
            37.3001379
          ],
          [
            14.2145795,
            37.3008296
          ]
        ]
      },
      "id": "way/377844842"
    },
    {
      "type": "Feature",
      "properties": {
        "@id": "way/377844843",
        "highway": "residential",
        "name": "Via Goffredo Mameli",
        "surface": "sett"
      },
      "geometry": {
        "type": "LineString",
        "coordinates": [
          [
            14.214785,
            37.3008041
          ],
          [
            14.2146803,
            37.3001182
          ],
          [
            14.2145917,
            37.2995738
          ]
        ]
      },
      "id": "way/377844843"
    },
    {
      "type": "Feature",
      "properties": {
        "@id": "way/377844844",
        "highway": "residential",
        "name": "Via Adige",
        "narrow": "yes",
        "surface": "sett"
      },
      "geometry": {
        "type": "LineString",
        "coordinates": [
          [
            14.2142477,
            37.3020485
          ],
          [
            14.2143364,
            37.3020659
          ],
          [
            14.2143767,
            37.3020883
          ],
          [
            14.2144061,
            37.3021325
          ]
        ]
      },
      "id": "way/377844844"
    },
    {
      "type": "Feature",
      "properties": {
        "@id": "way/377844845",
        "highway": "residential",
        "name": "Via Agostino De Pretis",
        "surface": "sett"
      },
      "geometry": {
        "type": "LineString",
        "coordinates": [
          [
            14.2158893,
            37.3024272
          ],
          [
            14.215905,
            37.3024678
          ],
          [
            14.2162518,
            37.303199
          ],
          [
            14.2164345,
            37.303584
          ]
        ]
      },
      "id": "way/377844845"
    },
    {
      "type": "Feature",
      "properties": {
        "@id": "way/377844846",
        "highway": "residential",
        "surface": "asphalt"
      },
      "geometry": {
        "type": "LineString",
        "coordinates": [
          [
            14.2124851,
            37.2982779
          ],
          [
            14.2124851,
            37.2986055
          ],
          [
            14.2124828,
            37.2988393
          ],
          [
            14.2124819,
            37.2989315
          ]
        ]
      },
      "id": "way/377844846"
    },
    {
      "type": "Feature",
      "properties": {
        "@id": "way/377844847",
        "highway": "residential",
        "name": "Via San Francesco da Paola",
        "oneway": "yes",
        "surface": "sett"
      },
      "geometry": {
        "type": "LineString",
        "coordinates": [
          [
            14.2180544,
            37.3032921
          ],
          [
            14.2180011,
            37.3033199
          ],
          [
            14.2179803,
            37.3033274
          ],
          [
            14.2179447,
            37.3033306
          ],
          [
            14.2178321,
            37.303306
          ],
          [
            14.2177301,
            37.3032858
          ],
          [
            14.2173815,
            37.303386
          ],
          [
            14.2171415,
            37.3034635
          ],
          [
            14.2168088,
            37.3035743
          ],
          [
            14.2167207,
            37.3036129
          ],
          [
            14.2166719,
            37.3036346
          ],
          [
            14.2162548,
            37.3038799
          ],
          [
            14.2161757,
            37.3039268
          ],
          [
            14.2160818,
            37.3039503
          ],
          [
            14.2158204,
            37.3040309
          ]
        ]
      },
      "id": "way/377844847"
    },
    {
      "type": "Feature",
      "properties": {
        "@id": "way/377844849",
        "highway": "residential",
        "surface": "unpaved"
      },
      "geometry": {
        "type": "LineString",
        "coordinates": [
          [
            14.2108398,
            37.2946595
          ],
          [
            14.2108918,
            37.2949804
          ],
          [
            14.2108989,
            37.2950934
          ],
          [
            14.2108746,
            37.2951973
          ],
          [
            14.2107935,
            37.2954102
          ],
          [
            14.2104679,
            37.2962649
          ],
          [
            14.2099788,
            37.2975486
          ],
          [
            14.2098847,
            37.2975773
          ],
          [
            14.2097856,
            37.2976574
          ],
          [
            14.2096416,
            37.2980092
          ],
          [
            14.2094678,
            37.2984478
          ],
          [
            14.209405,
            37.2984943
          ]
        ]
      },
      "id": "way/377844849"
    },
    {
      "type": "Feature",
      "properties": {
        "@id": "way/377844850",
        "highway": "service"
      },
      "geometry": {
        "type": "LineString",
        "coordinates": [
          [
            14.211971,
            37.2999966
          ],
          [
            14.2122865,
            37.2999627
          ],
          [
            14.2124099,
            37.2999755
          ]
        ]
      },
      "id": "way/377844850"
    },
    {
      "type": "Feature",
      "properties": {
        "@id": "way/377844851",
        "highway": "residential",
        "name": "Via Ninni Cassarà",
        "surface": "asphalt"
      },
      "geometry": {
        "type": "LineString",
        "coordinates": [
          [
            14.2132987,
            37.299068
          ],
          [
            14.2131145,
            37.2990372
          ],
          [
            14.21294,
            37.2990081
          ],
          [
            14.2124819,
            37.2989315
          ],
          [
            14.2119625,
            37.2988405
          ],
          [
            14.2118153,
            37.2984966
          ],
          [
            14.2117115,
            37.298254
          ],
          [
            14.2115827,
            37.2979753
          ],
          [
            14.2114658,
            37.2977224
          ]
        ]
      },
      "id": "way/377844851"
    },
    {
      "type": "Feature",
      "properties": {
        "@id": "way/377844852",
        "highway": "residential",
        "name": "Via Gugliemo Pepe",
        "surface": "sett"
      },
      "geometry": {
        "type": "LineString",
        "coordinates": [
          [
            14.2166485,
            37.3035052
          ],
          [
            14.2168821,
            37.3034186
          ],
          [
            14.2170837,
            37.3033461
          ],
          [
            14.2175571,
            37.3032078
          ],
          [
            14.2176009,
            37.303167
          ]
        ]
      },
      "id": "way/377844852"
    },
    {
      "type": "Feature",
      "properties": {
        "@id": "way/377844854",
        "highway": "service",
        "service": "driveway"
      },
      "geometry": {
        "type": "LineString",
        "coordinates": [
          [
            14.216045,
            37.3015104
          ],
          [
            14.2160822,
            37.301488
          ]
        ]
      },
      "id": "way/377844854"
    },
    {
      "type": "Feature",
      "properties": {
        "@id": "way/377844855",
        "highway": "service",
        "service": "parking_aisle"
      },
      "geometry": {
        "type": "LineString",
        "coordinates": [
          [
            14.2164574,
            37.3011767
          ],
          [
            14.2162317,
            37.3011893
          ],
          [
            14.2161677,
            37.3012001
          ]
        ]
      },
      "id": "way/377844855"
    },
    {
      "type": "Feature",
      "properties": {
        "@id": "way/377844856",
        "highway": "residential",
        "name": "Via Matteo Bartoli",
        "narrow": "yes",
        "surface": "sett"
      },
      "geometry": {
        "type": "LineString",
        "coordinates": [
          [
            14.2145626,
            37.3046353
          ],
          [
            14.2141628,
            37.3046245
          ],
          [
            14.2136794,
            37.3046294
          ]
        ]
      },
      "id": "way/377844856"
    },
    {
      "type": "Feature",
      "properties": {
        "@id": "way/377844858",
        "highway": "residential",
        "name": "Via Giovanni Berchet",
        "oneway": "yes",
        "surface": "sett"
      },
      "geometry": {
        "type": "LineString",
        "coordinates": [
          [
            14.2173901,
            37.3030785
          ],
          [
            14.2176674,
            37.3028696
          ]
        ]
      },
      "id": "way/377844858"
    },
    {
      "type": "Feature",
      "properties": {
        "@id": "way/377844859",
        "highway": "residential",
        "name": "Via Daniele Manin",
        "surface": "sett"
      },
      "geometry": {
        "type": "LineString",
        "coordinates": [
          [
            14.2167207,
            37.3036129
          ],
          [
            14.2166485,
            37.3035052
          ],
          [
            14.2166264,
            37.3034532
          ],
          [
            14.2164674,
            37.3031328
          ],
          [
            14.2161137,
            37.3023949
          ],
          [
            14.2160778,
            37.3023199
          ]
        ]
      },
      "id": "way/377844859"
    },
    {
      "type": "Feature",
      "properties": {
        "@id": "way/377844861",
        "highway": "footway",
        "name": "Via Lidestri"
      },
      "geometry": {
        "type": "LineString",
        "coordinates": [
          [
            14.2163515,
            37.3042799
          ],
          [
            14.2163956,
            37.3042213
          ],
          [
            14.2164312,
            37.3041797
          ],
          [
            14.2164997,
            37.3041032
          ],
          [
            14.216507,
            37.3040764
          ],
          [
            14.2164958,
            37.3040429
          ],
          [
            14.216424,
            37.3039949
          ],
          [
            14.2167438,
            37.3037493
          ],
          [
            14.2168625,
            37.3036484
          ]
        ]
      },
      "id": "way/377844861"
    },
    {
      "type": "Feature",
      "properties": {
        "@id": "way/377844862",
        "highway": "residential",
        "name": "Via Santa Lucia",
        "oneway": "yes",
        "surface": "paving_stones"
      },
      "geometry": {
        "type": "LineString",
        "coordinates": [
          [
            14.2134625,
            37.3044792
          ],
          [
            14.2135613,
            37.3045995
          ],
          [
            14.2135726,
            37.3046263
          ]
        ]
      },
      "id": "way/377844862"
    },
    {
      "type": "Feature",
      "properties": {
        "@id": "way/377844863",
        "highway": "residential"
      },
      "geometry": {
        "type": "LineString",
        "coordinates": [
          [
            14.216045,
            37.3015104
          ],
          [
            14.2159787,
            37.3014733
          ],
          [
            14.2159149,
            37.3014731
          ]
        ]
      },
      "id": "way/377844863"
    },
    {
      "type": "Feature",
      "properties": {
        "@id": "way/377844864",
        "highway": "residential",
        "name": "Via Ciro Menotti",
        "surface": "sett"
      },
      "geometry": {
        "type": "LineString",
        "coordinates": [
          [
            14.2155342,
            37.3004907
          ],
          [
            14.2155895,
            37.3008977
          ]
        ]
      },
      "id": "way/377844864"
    },
    {
      "type": "Feature",
      "properties": {
        "@id": "way/377844865",
        "highway": "residential"
      },
      "geometry": {
        "type": "LineString",
        "coordinates": [
          [
            14.2168587,
            37.3021569
          ],
          [
            14.2165308,
            37.302407
          ]
        ]
      },
      "id": "way/377844865"
    },
    {
      "type": "Feature",
      "properties": {
        "@id": "way/377844866",
        "highway": "residential",
        "name": "Via Pietro Micca",
        "surface": "asphalt"
      },
      "geometry": {
        "type": "LineString",
        "coordinates": [
          [
            14.2153627,
            37.3008656
          ],
          [
            14.2153757,
            37.30079
          ],
          [
            14.2153414,
            37.3005074
          ],
          [
            14.2153219,
            37.3003321
          ],
          [
            14.215127,
            37.3003489
          ],
          [
            14.21509,
            37.3000792
          ],
          [
            14.2150219,
            37.2995222
          ]
        ]
      },
      "id": "way/377844866"
    },
    {
      "type": "Feature",
      "properties": {
        "@id": "way/377844868",
        "highway": "residential",
        "name": "Via Carlo Pisacane",
        "surface": "sett"
      },
      "geometry": {
        "type": "LineString",
        "coordinates": [
          [
            14.2170837,
            37.3033461
          ],
          [
            14.2169265,
            37.3029918
          ]
        ]
      },
      "id": "way/377844868"
    },
    {
      "type": "Feature",
      "properties": {
        "@id": "way/377844869",
        "highway": "residential",
        "name": "Via Bellanti",
        "oneway": "yes",
        "surface": "sett"
      },
      "geometry": {
        "type": "LineString",
        "coordinates": [
          [
            14.2159525,
            37.3048032
          ],
          [
            14.2157251,
            37.3047936
          ],
          [
            14.2156199,
            37.3047762
          ],
          [
            14.2153807,
            37.3047569
          ]
        ]
      },
      "id": "way/377844869"
    },
    {
      "type": "Feature",
      "properties": {
        "@id": "way/377844870",
        "highway": "residential",
        "name": "Via Generale Cascino",
        "surface": "sett"
      },
      "geometry": {
        "type": "LineString",
        "coordinates": [
          [
            14.2148024,
            37.2995485
          ],
          [
            14.2148858,
            37.3000987
          ],
          [
            14.2149531,
            37.3005411
          ],
          [
            14.2149902,
            37.3007862
          ]
        ]
      },
      "id": "way/377844870"
    },
    {
      "type": "Feature",
      "properties": {
        "@id": "way/377844872",
        "highway": "residential",
        "name": "Via Rosario Livatino",
        "surface": "asphalt"
      },
      "geometry": {
        "type": "LineString",
        "coordinates": [
          [
            14.2122459,
            37.2985963
          ],
          [
            14.2124851,
            37.2986055
          ],
          [
            14.2131856,
            37.2986355
          ]
        ]
      },
      "id": "way/377844872"
    },
    {
      "type": "Feature",
      "properties": {
        "@id": "way/377844873",
        "highway": "residential",
        "name": "Via Bandiera",
        "surface": "asphalt"
      },
      "geometry": {
        "type": "LineString",
        "coordinates": [
          [
            14.2141271,
            37.3001709
          ],
          [
            14.2144739,
            37.3001379
          ],
          [
            14.2146803,
            37.3001182
          ],
          [
            14.2148858,
            37.3000987
          ],
          [
            14.21509,
            37.3000792
          ]
        ]
      },
      "id": "way/377844873"
    },
    {
      "type": "Feature",
      "properties": {
        "@id": "way/377844874",
        "highway": "residential",
        "name": "Via Silvio Pellico",
        "oneway": "yes",
        "surface": "sett"
      },
      "geometry": {
        "type": "LineString",
        "coordinates": [
          [
            14.2171493,
            37.3029233
          ],
          [
            14.2169265,
            37.3029918
          ],
          [
            14.2167122,
            37.3030576
          ],
          [
            14.2164674,
            37.3031328
          ],
          [
            14.2162518,
            37.303199
          ],
          [
            14.2160404,
            37.3032639
          ]
        ]
      },
      "id": "way/377844874"
    },
    {
      "type": "Feature",
      "properties": {
        "@id": "way/377844875",
        "highway": "residential",
        "name": "Via Luigi Settembrini",
        "surface": "sett"
      },
      "geometry": {
        "type": "LineString",
        "coordinates": [
          [
            14.2168821,
            37.3034186
          ],
          [
            14.2167122,
            37.3030576
          ],
          [
            14.2163662,
            37.3023331
          ],
          [
            14.2163936,
            37.3023061
          ]
        ]
      },
      "id": "way/377844875"
    },
    {
      "type": "Feature",
      "properties": {
        "@id": "way/377844876",
        "highway": "residential",
        "name": "Via Cesare Abba",
        "surface": "asphalt"
      },
      "geometry": {
        "type": "LineString",
        "coordinates": [
          [
            14.216045,
            37.3015104
          ],
          [
            14.2163687,
            37.3017655
          ],
          [
            14.2168587,
            37.3021569
          ],
          [
            14.2170888,
            37.3023511
          ],
          [
            14.2172043,
            37.3024485
          ]
        ]
      },
      "id": "way/377844876"
    },
    {
      "type": "Feature",
      "properties": {
        "@id": "way/377844877",
        "highway": "residential",
        "name": "Via Mario Francese",
        "surface": "asphalt"
      },
      "geometry": {
        "type": "LineString",
        "coordinates": [
          [
            14.2117115,
            37.298254
          ],
          [
            14.2124851,
            37.2982779
          ],
          [
            14.2127984,
            37.2982876
          ],
          [
            14.2131421,
            37.2982982
          ]
        ]
      },
      "id": "way/377844877"
    },
    {
      "type": "Feature",
      "properties": {
        "@id": "way/377844878",
        "highway": "residential",
        "name": "Via Gugliemo Pepe",
        "oneway": "yes",
        "surface": "sett"
      },
      "geometry": {
        "type": "LineString",
        "coordinates": [
          [
            14.2160278,
            37.303819
          ],
          [
            14.2160685,
            37.3037968
          ],
          [
            14.2162467,
            37.3036997
          ],
          [
            14.2163072,
            37.3036602
          ],
          [
            14.2164345,
            37.303584
          ],
          [
            14.2165687,
            37.3034895
          ],
          [
            14.2166264,
            37.3034532
          ]
        ]
      },
      "id": "way/377844878"
    },
    {
      "type": "Feature",
      "properties": {
        "@id": "way/377844880",
        "highway": "residential",
        "name": "Via Giuseppe Mazzini",
        "surface": "sett"
      },
      "geometry": {
        "type": "LineString",
        "coordinates": [
          [
            14.2162467,
            37.3036997
          ],
          [
            14.2160404,
            37.3032639
          ],
          [
            14.2157159,
            37.3025942
          ],
          [
            14.2156845,
            37.3025349
          ]
        ]
      },
      "id": "way/377844880"
    },
    {
      "type": "Feature",
      "properties": {
        "@id": "way/403537366",
        "highway": "track",
        "surface": "asphalt",
        "tracktype": "grade2"
      },
      "geometry": {
        "type": "LineString",
        "coordinates": [
          [
            14.1989057,
            37.2993568
          ],
          [
            14.1987454,
            37.2992617
          ],
          [
            14.1980904,
            37.2989263
          ],
          [
            14.1974788,
            37.2985615
          ],
          [
            14.196996,
            37.2983246
          ],
          [
            14.1969261,
            37.2983076
          ],
          [
            14.1966447,
            37.2982393
          ],
          [
            14.1963818,
            37.2982116
          ],
          [
            14.1956576,
            37.2981902
          ],
          [
            14.1954994,
            37.2981667
          ],
          [
            14.195376,
            37.2981113
          ],
          [
            14.1952419,
            37.2979683
          ],
          [
            14.1952016,
            37.297836
          ],
          [
            14.1952633,
            37.2976056
          ],
          [
            14.1952338,
            37.2973495
          ],
          [
            14.1951534,
            37.2971042
          ],
          [
            14.1950246,
            37.2968524
          ],
          [
            14.1949254,
            37.2965451
          ],
          [
            14.1948208,
            37.2963894
          ],
          [
            14.1946813,
            37.2962976
          ],
          [
            14.1942843,
            37.2960778
          ],
          [
            14.1940805,
            37.2959882
          ],
          [
            14.1939893,
            37.2959114
          ],
          [
            14.1939383,
            37.2958154
          ],
          [
            14.1939169,
            37.2957066
          ],
          [
            14.193941,
            37.2952201
          ],
          [
            14.1939625,
            37.2949982
          ],
          [
            14.1939517,
            37.294836
          ],
          [
            14.1938954,
            37.2947016
          ],
          [
            14.1937988,
            37.2945842
          ],
          [
            14.1935816,
            37.2944156
          ],
          [
            14.1933777,
            37.2942492
          ],
          [
            14.193139,
            37.2939462
          ],
          [
            14.1930585,
            37.2938843
          ],
          [
            14.1929727,
            37.2938673
          ],
          [
            14.1926562,
            37.2938395
          ],
          [
            14.1924095,
            37.2938502
          ],
          [
            14.1918435,
            37.2939355
          ],
          [
            14.1916477,
            37.2939611
          ],
          [
            14.1915485,
            37.2939419
          ],
          [
            14.1914304,
            37.2938395
          ],
          [
            14.1910523,
            37.293432
          ],
          [
            14.1909289,
            37.2933402
          ],
          [
            14.1906848,
            37.2932271
          ],
          [
            14.1906392,
            37.2931439
          ],
          [
            14.1905909,
            37.2929817
          ],
          [
            14.1905346,
            37.2928729
          ],
          [
            14.1903978,
            37.2927427
          ],
          [
            14.1902583,
            37.2926659
          ],
          [
            14.190092,
            37.2926296
          ],
          [
            14.1899767,
            37.2925955
          ],
          [
            14.1897138,
            37.2924184
          ],
          [
            14.1894644,
            37.2922968
          ],
          [
            14.1893625,
            37.2921666
          ],
          [
            14.189274,
            37.2918935
          ],
          [
            14.1890433,
            37.2911295
          ],
          [
            14.1889575,
            37.2908329
          ],
          [
            14.1889387,
            37.290579
          ],
          [
            14.1890057,
            37.2899815
          ],
          [
            14.1890513,
            37.2898855
          ],
          [
            14.1892525,
            37.28983
          ],
          [
            14.1894242,
            37.2898108
          ],
          [
            14.1899257,
            37.2898812
          ],
          [
            14.1903602,
            37.2899687
          ],
          [
            14.1906392,
            37.2899986
          ],
          [
            14.1910174,
            37.2900028
          ],
          [
            14.1913366,
            37.2900071
          ],
          [
            14.191578,
            37.2899687
          ],
          [
            14.1917067,
            37.2899047
          ],
          [
            14.191865,
            37.2898044
          ],
          [
            14.192152,
            37.289512
          ],
          [
            14.1923156,
            37.2893712
          ],
          [
            14.1927099,
            37.2891834
          ],
          [
            14.1938233,
            37.2888186
          ]
        ]
      },
      "id": "way/403537366"
    },
    {
      "type": "Feature",
      "properties": {
        "@id": "way/404098755",
        "highway": "tertiary",
        "name": "Strada provinciale 26 Mazzarino-Passo di Mastro Diego",
        "ref": "SP26",
        "surface": "asphalt"
      },
      "geometry": {
        "type": "LineString",
        "coordinates": [
          [
            14.26548,
            37.3426545
          ],
          [
            14.2645857,
            37.3422724
          ],
          [
            14.2643818,
            37.3422063
          ],
          [
            14.264234,
            37.3421744
          ],
          [
            14.2640573,
            37.3421679
          ],
          [
            14.2638692,
            37.3421765
          ],
          [
            14.2637435,
            37.342202
          ],
          [
            14.2609432,
            37.3428354
          ],
          [
            14.2600282,
            37.3430552
          ],
          [
            14.2571047,
            37.3439891
          ],
          [
            14.2564398,
            37.3442086
          ],
          [
            14.2561474,
            37.344328
          ],
          [
            14.2551815,
            37.3448079
          ],
          [
            14.2544469,
            37.3451809
          ],
          [
            14.2543044,
            37.3452344
          ],
          [
            14.2541063,
            37.3452812
          ],
          [
            14.2538488,
            37.3453238
          ],
          [
            14.2535672,
            37.345343
          ],
          [
            14.2530626,
            37.3453644
          ],
          [
            14.2523464,
            37.3454007
          ],
          [
            14.2512658,
            37.3453664
          ],
          [
            14.2501577,
            37.3453154
          ],
          [
            14.2496592,
            37.3453025
          ],
          [
            14.2493997,
            37.3452779
          ],
          [
            14.2485139,
            37.3450892
          ],
          [
            14.2477475,
            37.3449409
          ],
          [
            14.2454372,
            37.3446134
          ],
          [
            14.2453717,
            37.344607
          ],
          [
            14.2451133,
            37.3445814
          ],
          [
            14.245027,
            37.3445778
          ],
          [
            14.2447794,
            37.344563
          ],
          [
            14.2441914,
            37.3445306
          ],
          [
            14.2438737,
            37.3445071
          ],
          [
            14.2436196,
            37.344427
          ],
          [
            14.2423502,
            37.3438291
          ],
          [
            14.2419018,
            37.3436116
          ],
          [
            14.2416743,
            37.3434282
          ],
          [
            14.2414899,
            37.3431945
          ],
          [
            14.240652,
            37.3417927
          ],
          [
            14.2403875,
            37.3412519
          ],
          [
            14.2396542,
            37.3392422
          ],
          [
            14.2394074,
            37.3387475
          ],
          [
            14.2383191,
            37.3368748
          ],
          [
            14.2381571,
            37.3365961
          ],
          [
            14.2379931,
            37.336314
          ],
          [
            14.2365321,
            37.3337999
          ],
          [
            14.2363535,
            37.3334552
          ],
          [
            14.2360654,
            37.3323497
          ],
          [
            14.2359954,
            37.3321073
          ],
          [
            14.2355397,
            37.3305304
          ],
          [
            14.2354565,
            37.3302873
          ],
          [
            14.2354109,
            37.329914
          ],
          [
            14.2354217,
            37.3296496
          ],
          [
            14.2354807,
            37.3294064
          ],
          [
            14.2356014,
            37.3291782
          ],
          [
            14.2357597,
            37.3289756
          ],
          [
            14.2369183,
            37.3283059
          ],
          [
            14.2370149,
            37.3281438
          ],
          [
            14.2370364,
            37.3280073
          ],
          [
            14.2370042,
            37.3277173
          ],
          [
            14.2368325,
            37.3269238
          ],
          [
            14.236693,
            37.3266594
          ],
          [
            14.2363068,
            37.3259598
          ],
          [
            14.2361566,
            37.3258318
          ],
          [
            14.2359313,
            37.3257721
          ],
          [
            14.2342898,
            37.325851
          ],
          [
            14.2340836,
            37.3258402
          ],
          [
            14.2339089,
            37.3257785
          ],
          [
            14.2332628,
            37.3255139
          ],
          [
            14.2327985,
            37.3253796
          ],
          [
            14.2325601,
            37.3253497
          ],
          [
            14.2323612,
            37.325354
          ],
          [
            14.2320474,
            37.3254223
          ],
          [
            14.2315255,
            37.3255127
          ],
          [
            14.2309746,
            37.3255503
          ],
          [
            14.2305082,
            37.3255587
          ],
          [
            14.2301592,
            37.3255332
          ],
          [
            14.2299982,
            37.3254905
          ],
          [
            14.2297944,
            37.3253817
          ],
          [
            14.2297086,
            37.3252602
          ],
          [
            14.2294913,
            37.3249722
          ],
          [
            14.2293116,
            37.3248421
          ],
          [
            14.2290219,
            37.3246544
          ],
          [
            14.228743,
            37.324535
          ],
          [
            14.2285069,
            37.3244838
          ],
          [
            14.2280134,
            37.3244155
          ],
          [
            14.2276865,
            37.3244005
          ],
          [
            14.2273589,
            37.3243558
          ],
          [
            14.2271336,
            37.3242705
          ],
          [
            14.226965,
            37.3241936
          ],
          [
            14.226801,
            37.324087
          ],
          [
            14.2266831,
            37.3239506
          ],
          [
            14.2264577,
            37.3236284
          ],
          [
            14.226396,
            37.3234941
          ],
          [
            14.2263638,
            37.3232915
          ],
          [
            14.2263504,
            37.3231187
          ],
          [
            14.2263186,
            37.3230269
          ],
          [
            14.2262082,
            37.3229331
          ],
          [
            14.2260528,
            37.322899
          ],
          [
            14.225809,
            37.3228904
          ],
          [
            14.2256316,
            37.3228692
          ],
          [
            14.2248806,
            37.3226836
          ],
          [
            14.2242798,
            37.3225215
          ],
          [
            14.2230245,
            37.3219285
          ],
          [
            14.2228636,
            37.3218005
          ],
          [
            14.2227777,
            37.3216747
          ],
          [
            14.2222949,
            37.3205442
          ],
          [
            14.2222922,
            37.3204076
          ],
          [
            14.2223442,
            37.3202897
          ],
          [
            14.2224397,
            37.3202179
          ],
          [
            14.2225793,
            37.320173
          ],
          [
            14.2228796,
            37.3201368
          ],
          [
            14.2229897,
            37.3200771
          ],
          [
            14.2230487,
            37.3199555
          ],
          [
            14.2230674,
            37.3198083
          ],
          [
            14.2231533,
            37.3195395
          ],
          [
            14.2233249,
            37.3191513
          ],
          [
            14.2233474,
            37.3190355
          ]
        ]
      },
      "id": "way/404098755"
    },
    {
      "type": "Feature",
      "properties": {
        "@id": "way/450656473",
        "highway": "tertiary",
        "oneway": "yes",
        "surface": "asphalt"
      },
      "geometry": {
        "type": "LineString",
        "coordinates": [
          [
            14.2223059,
            37.3112606
          ],
          [
            14.2223738,
            37.3112209
          ],
          [
            14.2223899,
            37.3111655
          ],
          [
            14.2223757,
            37.3111006
          ],
          [
            14.2223424,
            37.3110235
          ]
        ]
      },
      "id": "way/450656473"
    },
    {
      "type": "Feature",
      "properties": {
        "@id": "way/481833107",
        "highway": "secondary",
        "name": "Strada provinciale 13 Mazzarino-Cimia",
        "ref": "SP13",
        "surface": "asphalt"
      },
      "geometry": {
        "type": "LineString",
        "coordinates": [
          [
            14.2232087,
            37.3064877
          ],
          [
            14.2232394,
            37.3065927
          ],
          [
            14.2232623,
            37.3066428
          ],
          [
            14.2232931,
            37.3066903
          ],
          [
            14.2233312,
            37.3067342
          ],
          [
            14.223376,
            37.3067739
          ],
          [
            14.2234268,
            37.3068088
          ],
          [
            14.223485,
            37.3068393
          ],
          [
            14.2235478,
            37.3068633
          ],
          [
            14.223614,
            37.3068806
          ],
          [
            14.2236824,
            37.3068908
          ],
          [
            14.2237518,
            37.3068957
          ],
          [
            14.2238317,
            37.3069013
          ],
          [
            14.2245367,
            37.3069734
          ],
          [
            14.2245911,
            37.3069817
          ],
          [
            14.2246427,
            37.3069931
          ],
          [
            14.2246904,
            37.3070123
          ],
          [
            14.2247324,
            37.3070386
          ],
          [
            14.2247671,
            37.307071
          ],
          [
            14.224793,
            37.3071082
          ],
          [
            14.2248092,
            37.3071488
          ],
          [
            14.224815,
            37.3071912
          ],
          [
            14.2248102,
            37.3072336
          ],
          [
            14.2247949,
            37.3072744
          ],
          [
            14.2247698,
            37.3073121
          ],
          [
            14.2247358,
            37.307345
          ],
          [
            14.2246187,
            37.307466
          ],
          [
            14.2236791,
            37.3083283
          ],
          [
            14.2232291,
            37.3086348
          ],
          [
            14.2230237,
            37.3087927
          ],
          [
            14.2228324,
            37.308947
          ],
          [
            14.2227047,
            37.3090863
          ],
          [
            14.2217898,
            37.3103399
          ],
          [
            14.2217145,
            37.3104828
          ],
          [
            14.2217208,
            37.3106154
          ],
          [
            14.2217721,
            37.3107222
          ],
          [
            14.2218896,
            37.3108212
          ],
          [
            14.222217,
            37.3109679
          ],
          [
            14.2223424,
            37.3110235
          ],
          [
            14.2224886,
            37.3110882
          ],
          [
            14.2225937,
            37.3111609
          ],
          [
            14.2226468,
            37.3111976
          ],
          [
            14.2227362,
            37.3113343
          ],
          [
            14.2227615,
            37.3114148
          ],
          [
            14.2227942,
            37.3116278
          ],
          [
            14.2228614,
            37.31177
          ],
          [
            14.2229952,
            37.311887
          ],
          [
            14.2231726,
            37.311996
          ],
          [
            14.2237161,
            37.3123079
          ],
          [
            14.2239396,
            37.3124774
          ],
          [
            14.2239946,
            37.3125567
          ],
          [
            14.2240199,
            37.312645
          ],
          [
            14.2240358,
            37.3127591
          ],
          [
            14.2240199,
            37.3129394
          ],
          [
            14.2240358,
            37.3130599
          ],
          [
            14.2241149,
            37.3132567
          ],
          [
            14.2242526,
            37.3133921
          ],
          [
            14.2249057,
            37.3138802
          ],
          [
            14.2251898,
            37.3140741
          ],
          [
            14.2254737,
            37.3142108
          ],
          [
            14.2257721,
            37.3143205
          ],
          [
            14.2260036,
            37.3143617
          ],
          [
            14.2262804,
            37.3143685
          ],
          [
            14.2267302,
            37.3143354
          ],
          [
            14.2269838,
            37.3142812
          ],
          [
            14.2271784,
            37.3142056
          ],
          [
            14.2275394,
            37.3140415
          ],
          [
            14.2278144,
            37.3138884
          ],
          [
            14.2282116,
            37.313592
          ],
          [
            14.2283209,
            37.3135403
          ],
          [
            14.2284137,
            37.3135386
          ],
          [
            14.2285261,
            37.3135685
          ],
          [
            14.2286327,
            37.3136587
          ],
          [
            14.2286705,
            37.3137189
          ],
          [
            14.228643,
            37.3138583
          ],
          [
            14.2285571,
            37.314047
          ],
          [
            14.2284677,
            37.3142548
          ],
          [
            14.2283508,
            37.3146705
          ],
          [
            14.2282771,
            37.3149241
          ],
          [
            14.2282838,
            37.3151705
          ],
          [
            14.2283222,
            37.315367
          ],
          [
            14.2284235,
            37.3155766
          ],
          [
            14.2285781,
            37.3157586
          ],
          [
            14.2289422,
            37.3161061
          ],
          [
            14.2295438,
            37.3166065
          ],
          [
            14.2299633,
            37.3169154
          ],
          [
            14.2304894,
            37.3172463
          ],
          [
            14.2308022,
            37.3173776
          ],
          [
            14.2311392,
            37.317476
          ],
          [
            14.231538,
            37.3176072
          ],
          [
            14.2317993,
            37.3176182
          ],
          [
            14.2321878,
            37.3175526
          ],
          [
            14.2324528,
            37.3175535
          ],
          [
            14.2328226,
            37.3175818
          ],
          [
            14.2328541,
            37.3175842
          ],
          [
            14.2332917,
            37.3176075
          ],
          [
            14.233492,
            37.3175924
          ],
          [
            14.2336731,
            37.3175444
          ],
          [
            14.2338324,
            37.3174505
          ],
          [
            14.2340092,
            37.3173273
          ],
          [
            14.234292,
            37.3170959
          ],
          [
            14.2345636,
            37.3168088
          ],
          [
            14.2347871,
            37.3165846
          ],
          [
            14.2348421,
            37.3164834
          ],
          [
            14.2348387,
            37.316344
          ],
          [
            14.2347837,
            37.316169
          ],
          [
            14.234904,
            37.3159967
          ],
          [
            14.2351034,
            37.3158545
          ],
          [
            14.2353579,
            37.3156795
          ],
          [
            14.2356123,
            37.3155619
          ],
          [
            14.2358702,
            37.3155811
          ],
          [
            14.2362862,
            37.3156275
          ],
          [
            14.2367091,
            37.3156439
          ],
          [
            14.2369085,
            37.315551
          ],
          [
            14.2373692,
            37.3152748
          ],
          [
            14.2374827,
            37.3151545
          ],
          [
            14.2376615,
            37.3149193
          ],
          [
            14.2378609,
            37.3147088
          ],
          [
            14.2381978,
            37.3145283
          ],
          [
            14.2387204,
            37.3142248
          ],
          [
            14.239023,
            37.3140415
          ],
          [
            14.2391227,
            37.3139076
          ],
          [
            14.2390986,
            37.3137243
          ],
          [
            14.2389542,
            37.3133853
          ],
          [
            14.2389027,
            37.3132485
          ],
          [
            14.2389199,
            37.3131227
          ],
          [
            14.2390092,
            37.3130352
          ],
          [
            14.2391743,
            37.3129915
          ],
          [
            14.2392602,
            37.3130134
          ],
          [
            14.2393806,
            37.31312
          ],
          [
            14.2395456,
            37.3133005
          ],
          [
            14.2396694,
            37.3133333
          ],
          [
            14.2399513,
            37.3133689
          ],
          [
            14.240137,
            37.3134099
          ],
          [
            14.2404327,
            37.3135111
          ],
          [
            14.2407387,
            37.3135876
          ],
          [
            14.241024,
            37.3135575
          ],
          [
            14.2413782,
            37.3135028
          ],
          [
            14.2417014,
            37.3134564
          ],
          [
            14.2417061,
            37.3134568
          ],
          [
            14.2420246,
            37.313481
          ],
          [
            14.2425025,
            37.3135281
          ],
          [
            14.2429237,
            37.3135589
          ],
          [
            14.2432073,
            37.313494
          ],
          [
            14.2437574,
            37.3133538
          ],
          [
            14.2440153,
            37.3132273
          ],
          [
            14.2445138,
            37.3129607
          ],
          [
            14.24466,
            37.3128308
          ],
          [
            14.2447852,
            37.3126659
          ],
          [
            14.2448686,
            37.3125995
          ],
          [
            14.2449796,
            37.312551
          ],
          [
            14.2457049,
            37.3125031
          ],
          [
            14.2461717,
            37.31248
          ],
          [
            14.2469152,
            37.3125407
          ]
        ]
      },
      "id": "way/481833107"
    },
    {
      "type": "Feature",
      "properties": {
        "@id": "way/481846834",
        "highway": "service",
        "surface": "compacted"
      },
      "geometry": {
        "type": "LineString",
        "coordinates": [
          [
            14.2232071,
            37.3061195
          ],
          [
            14.2235116,
            37.3061045
          ],
          [
            14.2239125,
            37.3060822
          ],
          [
            14.2239859,
            37.3060805
          ],
          [
            14.2240398,
            37.3060804
          ],
          [
            14.2240931,
            37.306087
          ],
          [
            14.2241445,
            37.3061002
          ],
          [
            14.2241873,
            37.3061173
          ],
          [
            14.2242267,
            37.3061389
          ],
          [
            14.2242618,
            37.3061647
          ],
          [
            14.2243029,
            37.3061984
          ],
          [
            14.2245268,
            37.3063872
          ],
          [
            14.2247239,
            37.3065547
          ],
          [
            14.2249439,
            37.3067104
          ],
          [
            14.2254615,
            37.3070433
          ],
          [
            14.225652,
            37.3070603
          ],
          [
            14.225888,
            37.3070518
          ],
          [
            14.2262635,
            37.307039
          ],
          [
            14.2270038,
            37.3070155
          ],
          [
            14.2274464,
            37.3070241
          ],
          [
            14.227787,
            37.3070518
          ],
          [
            14.2280901,
            37.3071137
          ],
          [
            14.2284012,
            37.3071414
          ],
          [
            14.2287016,
            37.3071371
          ],
          [
            14.2289913,
            37.3071222
          ],
          [
            14.2293668,
            37.3070838
          ],
          [
            14.2296136,
            37.3070518
          ],
          [
            14.2298764,
            37.3069963
          ],
          [
            14.2302144,
            37.3068513
          ],
          [
            14.2304317,
            37.3067702
          ],
          [
            14.2306543,
            37.3067126
          ],
          [
            14.2308313,
            37.3066784
          ],
          [
            14.231011,
            37.3066806
          ],
          [
            14.2311988,
            37.3067168
          ],
          [
            14.2313597,
            37.3067766
          ],
          [
            14.2316306,
            37.3069921
          ],
          [
            14.2316601,
            37.3070838
          ],
          [
            14.2316494,
            37.307199
          ],
          [
            14.2316011,
            37.3074571
          ],
          [
            14.2315904,
            37.307743
          ],
          [
            14.2315501,
            37.3078497
          ],
          [
            14.2314777,
            37.3080097
          ],
          [
            14.2314643,
            37.3081462
          ],
          [
            14.2314804,
            37.3084726
          ],
          [
            14.2314831,
            37.3086647
          ],
          [
            14.2314992,
            37.3087436
          ],
          [
            14.2316574,
            37.3089783
          ],
          [
            14.2316735,
            37.3090764
          ],
          [
            14.2316306,
            37.309198
          ],
          [
            14.231577,
            37.3093601
          ],
          [
            14.2315528,
            37.3096161
          ],
          [
            14.2315153,
            37.3097655
          ],
          [
            14.2313624,
            37.3100684
          ],
          [
            14.2312591,
            37.3102615
          ],
          [
            14.2312243,
            37.3104343
          ],
          [
            14.2312752,
            37.3105687
          ],
          [
            14.2313396,
            37.3106988
          ],
          [
            14.2314388,
            37.3108183
          ],
          [
            14.2315542,
            37.3109164
          ],
          [
            14.2316802,
            37.3109953
          ],
          [
            14.2318626,
            37.3110956
          ],
          [
            14.2320262,
            37.3112172
          ],
          [
            14.2320987,
            37.3113601
          ],
          [
            14.232104,
            37.3115735
          ],
          [
            14.2320692,
            37.3117143
          ],
          [
            14.2319753,
            37.3118956
          ],
          [
            14.2319109,
            37.3121281
          ],
          [
            14.2318331,
            37.3125612
          ],
          [
            14.2317687,
            37.3128449
          ],
          [
            14.2317687,
            37.3131841
          ],
          [
            14.2316185,
            37.3136577
          ],
          [
            14.2316829,
            37.3141035
          ]
        ]
      },
      "id": "way/481846834"
    },
    {
      "type": "Feature",
      "properties": {
        "@id": "way/481846838",
        "highway": "track",
        "surface": "ground",
        "tracktype": "grade3"
      },
      "geometry": {
        "type": "LineString",
        "coordinates": [
          [
            14.239979,
            37.303475
          ],
          [
            14.2395082,
            37.3035294
          ],
          [
            14.2387304,
            37.3037171
          ],
          [
            14.2382074,
            37.3038644
          ],
          [
            14.2378694,
            37.3038942
          ],
          [
            14.2375583,
            37.3039305
          ],
          [
            14.2375073,
            37.3038964
          ],
          [
            14.2373866,
            37.3037513
          ],
          [
            14.2372605,
            37.3036681
          ],
          [
            14.2370567,
            37.3035998
          ],
          [
            14.2367563,
            37.3035465
          ],
          [
            14.2364478,
            37.3033352
          ],
          [
            14.2363432,
            37.3028339
          ],
          [
            14.2362681,
            37.3026909
          ],
          [
            14.2361367,
            37.302548
          ],
          [
            14.2360106,
            37.3024882
          ],
          [
            14.2358551,
            37.3024605
          ],
          [
            14.2353079,
            37.3023837
          ],
          [
            14.2350423,
            37.302341
          ],
          [
            14.2347714,
            37.3023794
          ],
          [
            14.2345274,
            37.3024968
          ],
          [
            14.2343477,
            37.302565
          ],
          [
            14.2342457,
            37.3026696
          ],
          [
            14.2341492,
            37.3026781
          ],
          [
            14.2340607,
            37.3026056
          ],
          [
            14.2340312,
            37.3023282
          ],
          [
            14.2339909,
            37.3022258
          ],
          [
            14.2338917,
            37.3021405
          ],
          [
            14.2336986,
            37.302038
          ],
          [
            14.2334974,
            37.3019527
          ],
          [
            14.2333606,
            37.3019143
          ],
          [
            14.2332211,
            37.3018076
          ],
          [
            14.2328966,
            37.3015409
          ],
          [
            14.232792,
            37.3014684
          ],
          [
            14.2325613,
            37.3012657
          ],
          [
            14.2321858,
            37.3011249
          ],
          [
            14.2319927,
            37.3010694
          ],
          [
            14.231821,
            37.3011078
          ],
          [
            14.2313784,
            37.301255
          ],
          [
            14.2309305,
            37.3014385
          ],
          [
            14.2307964,
            37.3014385
          ],
          [
            14.2304906,
            37.3013212
          ],
          [
            14.2301875,
            37.301334
          ],
          [
            14.2296565,
            37.3014598
          ],
          [
            14.2291629,
            37.3016775
          ],
          [
            14.228951,
            37.3018332
          ],
          [
            14.228719,
            37.3020626
          ],
          [
            14.2286681,
            37.3021543
          ],
          [
            14.2286493,
            37.3022546
          ],
          [
            14.2286332,
            37.3024189
          ],
          [
            14.2285688,
            37.3026301
          ],
          [
            14.2285822,
            37.3027368
          ],
          [
            14.2286278,
            37.3029309
          ],
          [
            14.2286681,
            37.3030696
          ],
          [
            14.2286252,
            37.3031848
          ],
          [
            14.2285474,
            37.3033406
          ],
          [
            14.2284937,
            37.3034259
          ],
          [
            14.2283891,
            37.3034345
          ],
          [
            14.2282926,
            37.3033832
          ],
          [
            14.2281772,
            37.3032744
          ],
          [
            14.2280002,
            37.3031827
          ],
          [
            14.2276891,
            37.3031038
          ],
          [
            14.227504,
            37.3031166
          ],
          [
            14.2273028,
            37.3031976
          ],
          [
            14.2271821,
            37.3033384
          ],
          [
            14.2270883,
            37.3035731
          ],
          [
            14.2269863,
            37.3037331
          ],
          [
            14.2268334,
            37.303891
          ],
          [
            14.2267718,
            37.3039913
          ],
          [
            14.2266725,
            37.3040297
          ],
          [
            14.226525,
            37.3040702
          ],
          [
            14.2264097,
            37.3041534
          ],
          [
            14.2263265,
            37.3042665
          ],
          [
            14.2262434,
            37.3044009
          ],
          [
            14.2261495,
            37.3045097
          ],
          [
            14.2259725,
            37.3046719
          ],
          [
            14.2256479,
            37.3049023
          ],
          [
            14.2255272,
            37.3050282
          ],
          [
            14.2254467,
            37.3051519
          ],
          [
            14.2252858,
            37.3055466
          ],
          [
            14.2251168,
            37.305873
          ],
          [
            14.2248969,
            37.3062315
          ],
          [
            14.2247655,
            37.3063296
          ],
          [
            14.2246367,
            37.306368
          ],
          [
            14.2245268,
            37.3063872
          ]
        ]
      },
      "id": "way/481846838"
    },
    {
      "type": "Feature",
      "properties": {
        "@id": "way/482438799",
        "bridge": "yes",
        "highway": "tertiary",
        "layer": "1",
        "surface": "asphalt"
      },
      "geometry": {
        "type": "LineString",
        "coordinates": [
          [
            14.2233474,
            37.3190355
          ],
          [
            14.2233329,
            37.3189017
          ]
        ]
      },
      "id": "way/482438799"
    },
    {
      "type": "Feature",
      "properties": {
        "@id": "way/482438800",
        "highway": "tertiary",
        "name": "Strada provinciale 26 Mazzarino-Passo di Mastro Diego",
        "ref": "SP26",
        "surface": "asphalt"
      },
      "geometry": {
        "type": "LineString",
        "coordinates": [
          [
            14.2233329,
            37.3189017
          ],
          [
            14.2232579,
            37.3186905
          ],
          [
            14.2231211,
            37.3185199
          ],
          [
            14.2216003,
            37.3172955
          ],
          [
            14.2213806,
            37.3170948
          ],
          [
            14.2212006,
            37.3168731
          ],
          [
            14.2208013,
            37.316184
          ],
          [
            14.2203208,
            37.315525
          ],
          [
            14.2201924,
            37.3153862
          ],
          [
            14.2200177,
            37.3153095
          ],
          [
            14.2198085,
            37.3152839
          ],
          [
            14.2195537,
            37.3153053
          ],
          [
            14.2191437,
            37.3154032
          ],
          [
            14.2189744,
            37.3154631
          ],
          [
            14.2188325,
            37.3155504
          ],
          [
            14.2186847,
            37.3156807
          ],
          [
            14.2185828,
            37.3157468
          ],
          [
            14.2184892,
            37.315768
          ],
          [
            14.2183977,
            37.3157596
          ],
          [
            14.218285,
            37.3157041
          ],
          [
            14.2182502,
            37.3156273
          ],
          [
            14.2182662,
            37.3155164
          ],
          [
            14.2184218,
            37.3152007
          ],
          [
            14.2184433,
            37.3150471
          ],
          [
            14.2184433,
            37.3148935
          ],
          [
            14.2184862,
            37.3147143
          ],
          [
            14.2185777,
            37.3145329
          ],
          [
            14.2187222,
            37.3143645
          ],
          [
            14.2187896,
            37.3142556
          ],
          [
            14.2188322,
            37.3141426
          ],
          [
            14.2188456,
            37.3138824
          ],
          [
            14.2188724,
            37.313588
          ],
          [
            14.2188724,
            37.313204
          ],
          [
            14.2188406,
            37.3130418
          ],
          [
            14.2188429,
            37.3128584
          ],
          [
            14.2188939,
            37.3126494
          ],
          [
            14.2189743,
            37.312227
          ],
          [
            14.219028,
            37.3119923
          ],
          [
            14.2191035,
            37.3118407
          ],
          [
            14.2192587,
            37.3116788
          ],
          [
            14.2195591,
            37.3114419
          ],
          [
            14.2197415,
            37.3113438
          ],
          [
            14.219956,
            37.3112841
          ],
          [
            14.2201385,
            37.3112777
          ],
          [
            14.220265,
            37.3112777
          ],
          [
            14.2202994,
            37.3112777
          ],
          [
            14.2205541,
            37.3112307
          ],
          [
            14.2206293,
            37.3111923
          ],
          [
            14.2207284,
            37.3111113
          ],
          [
            14.2209863,
            37.3108574
          ],
          [
            14.2212089,
            37.3107316
          ],
          [
            14.2213699,
            37.3107187
          ],
          [
            14.2214826,
            37.3107485
          ],
          [
            14.2216442,
            37.3108583
          ],
          [
            14.2220699,
            37.3111923
          ],
          [
            14.2222013,
            37.3112393
          ],
          [
            14.2223059,
            37.3112606
          ]
        ]
      },
      "id": "way/482438800"
    },
    {
      "type": "Feature",
      "properties": {
        "@id": "way/482443148",
        "highway": "residential",
        "surface": "compacted"
      },
      "geometry": {
        "type": "LineString",
        "coordinates": [
          [
            14.2133368,
            37.2968034
          ],
          [
            14.2132915,
            37.296762
          ],
          [
            14.2131734,
            37.2962904
          ],
          [
            14.2130715,
            37.2960386
          ],
          [
            14.2128221,
            37.2956802
          ],
          [
            14.2127362,
            37.2955905
          ],
          [
            14.2124197,
            37.2954753
          ],
          [
            14.2123125,
            37.2954177
          ],
          [
            14.2121247,
            37.2952449
          ],
          [
            14.2116499,
            37.294848
          ],
          [
            14.2114193,
            37.2947029
          ],
          [
            14.2111967,
            37.2946261
          ],
          [
            14.2110384,
            37.2946069
          ],
          [
            14.2108398,
            37.2946595
          ]
        ]
      },
      "id": "way/482443148"
    },
    {
      "type": "Feature",
      "properties": {
        "@id": "way/482524590",
        "highway": "track",
        "surface": "paved",
        "tracktype": "grade1"
      },
      "geometry": {
        "type": "LineString",
        "coordinates": [
          [
            14.2011513,
            37.2983291
          ],
          [
            14.2007403,
            37.2985076
          ],
          [
            14.2005713,
            37.2986485
          ],
          [
            14.2004962,
            37.2988021
          ],
          [
            14.2004085,
            37.2990931
          ],
          [
            14.2003762,
            37.2994131
          ],
          [
            14.2004299,
            37.2996138
          ],
          [
            14.2006016,
            37.2999145
          ],
          [
            14.2006827,
            37.3000497
          ],
          [
            14.2007089,
            37.3001514
          ],
          [
            14.2006552,
            37.3002282
          ],
          [
            14.2005184,
            37.3002538
          ],
          [
            14.2003969,
            37.3001633
          ],
          [
            14.2001161,
            37.2999871
          ],
          [
            14.1996843,
            37.2997119
          ],
          [
            14.1993589,
            37.2995275
          ],
          [
            14.1989057,
            37.2993568
          ]
        ]
      },
      "id": "way/482524590"
    },
    {
      "type": "Feature",
      "properties": {
        "@id": "way/482590091",
        "highway": "track",
        "tracktype": "grade2"
      },
      "geometry": {
        "type": "LineString",
        "coordinates": [
          [
            14.2248588,
            37.2927342
          ],
          [
            14.2252149,
            37.2922077
          ],
          [
            14.2255582,
            37.2917702
          ],
          [
            14.2257513,
            37.2914566
          ],
          [
            14.2258586,
            37.2913179
          ],
          [
            14.2259874,
            37.2910853
          ],
          [
            14.2261081,
            37.290921
          ],
          [
            14.2263334,
            37.2906841
          ],
          [
            14.2264728,
            37.2905625
          ],
          [
            14.2266338,
            37.2904899
          ],
          [
            14.2268376,
            37.2904643
          ],
          [
            14.2269825,
            37.2904558
          ],
          [
            14.2270958,
            37.2904041
          ],
          [
            14.2271601,
            37.290306
          ],
          [
            14.2272245,
            37.2901054
          ],
          [
            14.2273157,
            37.2897426
          ],
          [
            14.2275249,
            37.2891921
          ],
          [
            14.2276838,
            37.2889184
          ],
          [
            14.2278528,
            37.2887178
          ],
          [
            14.2278784,
            37.2887135
          ],
          [
            14.228054,
            37.2886837
          ],
          [
            14.2282015,
            37.2886324
          ],
          [
            14.2283758,
            37.2886303
          ],
          [
            14.228526,
            37.2886559
          ],
          [
            14.2287031,
            37.2887007
          ],
          [
            14.2288533,
            37.2887562
          ],
          [
            14.2289686,
            37.2888288
          ],
          [
            14.2290652,
            37.2888992
          ],
          [
            14.2293253,
            37.289023
          ],
          [
            14.2294165,
            37.2890272
          ],
          [
            14.2295024,
            37.2889952
          ],
          [
            14.2296714,
            37.2888864
          ],
          [
            14.2297491,
            37.2887797
          ],
          [
            14.2298886,
            37.2886431
          ],
          [
            14.2300361,
            37.2885642
          ],
          [
            14.2301997,
            37.2885236
          ],
          [
            14.2304438,
            37.2884895
          ],
          [
            14.2306182,
            37.2884852
          ],
          [
            14.2307711,
            37.2885065
          ],
          [
            14.2309213,
            37.2885492
          ],
          [
            14.2312217,
            37.2886602
          ],
          [
            14.2313799,
            37.2887029
          ],
          [
            14.2315918,
            37.2887349
          ],
          [
            14.231919,
            37.2887733
          ],
          [
            14.2321202,
            37.2888053
          ],
          [
            14.2327854,
            37.2891147
          ],
          [
            14.2329329,
            37.2891531
          ],
          [
            14.2331153,
            37.2891681
          ],
          [
            14.2332843,
            37.2891361
          ],
          [
            14.2336222,
            37.2890528
          ],
          [
            14.2337108,
            37.2889952
          ],
          [
            14.2338583,
            37.2888224
          ],
          [
            14.2340568,
            37.2887327
          ],
          [
            14.2341989,
            37.2886452
          ],
          [
            14.2342928,
            37.2885065
          ],
          [
            14.2343599,
            37.2883849
          ],
          [
            14.2343786,
            37.2882803
          ],
          [
            14.2343572,
            37.2881352
          ],
          [
            14.2345101,
            37.2878728
          ],
          [
            14.2345798,
            37.2877938
          ],
          [
            14.2346737,
            37.2877255
          ],
          [
            14.2348829,
            37.2876103
          ],
          [
            14.2350224,
            37.2875249
          ],
          [
            14.2351538,
            37.2874524
          ],
          [
            14.2353308,
            37.2873137
          ],
          [
            14.2355266,
            37.2872496
          ],
          [
            14.2356098,
            37.2871856
          ],
          [
            14.2356768,
            37.2871131
          ],
          [
            14.2357868,
            37.2869295
          ],
          [
            14.2358726,
            37.2868527
          ],
          [
            14.2359772,
            37.2868164
          ],
          [
            14.2360952,
            37.2868122
          ],
          [
            14.236334,
            37.2868997
          ],
          [
            14.23657,
            37.286953
          ],
          [
            14.2367256,
            37.2869722
          ],
          [
            14.2369214,
            37.2870277
          ],
          [
            14.2370608,
            37.2870384
          ],
          [
            14.2371735,
            37.2870277
          ],
          [
            14.2374685,
            37.2869359
          ]
        ]
      },
      "id": "way/482590091"
    },
    {
      "type": "Feature",
      "properties": {
        "@id": "way/482695190",
        "highway": "unclassified",
        "surface": "asphalt",
        "tracktype": "grade1"
      },
      "geometry": {
        "type": "LineString",
        "coordinates": [
          [
            14.2198838,
            37.297495
          ],
          [
            14.2199879,
            37.2974797
          ],
          [
            14.220232,
            37.2972973
          ],
          [
            14.2204117,
            37.2971874
          ],
          [
            14.2204962,
            37.2970983
          ],
          [
            14.2205325,
            37.2970624
          ],
          [
            14.220575,
            37.2970313
          ],
          [
            14.2206229,
            37.2970055
          ],
          [
            14.2206771,
            37.296985
          ],
          [
            14.2207345,
            37.2969714
          ],
          [
            14.2208013,
            37.2969676
          ],
          [
            14.2208912,
            37.2969741
          ],
          [
            14.2209878,
            37.296981
          ],
          [
            14.2210647,
            37.2969839
          ],
          [
            14.2211413,
            37.2969772
          ],
          [
            14.2212147,
            37.2969613
          ],
          [
            14.2212841,
            37.2969367
          ],
          [
            14.2219594,
            37.2966625
          ],
          [
            14.2226809,
            37.296368
          ],
          [
            14.2229303,
            37.2962315
          ],
          [
            14.2232334,
            37.2960288
          ],
          [
            14.2233836,
            37.2958175
          ],
          [
            14.2238235,
            37.2948296
          ],
          [
            14.2238932,
            37.2945586
          ],
          [
            14.2239951,
            37.2942364
          ],
          [
            14.2240722,
            37.2938896
          ],
          [
            14.2241454,
            37.2935963
          ],
          [
            14.2242607,
            37.2933936
          ],
          [
            14.2245021,
            37.2930756
          ],
          [
            14.2248588,
            37.2927342
          ]
        ]
      },
      "id": "way/482695190"
    },
    {
      "type": "Feature",
      "properties": {
        "@id": "way/484777252",
        "highway": "track",
        "tracktype": "grade2"
      },
      "geometry": {
        "type": "LineString",
        "coordinates": [
          [
            14.1867454,
            37.296648
          ],
          [
            14.1871153,
            37.2966346
          ],
          [
            14.1873299,
            37.2967114
          ],
          [
            14.1875499,
            37.2968309
          ],
          [
            14.1877081,
            37.2969621
          ],
          [
            14.1879871,
            37.2972523
          ],
          [
            14.1881426,
            37.2973846
          ],
          [
            14.1882499,
            37.2974849
          ],
          [
            14.188384,
            37.2975553
          ],
          [
            14.1885771,
            37.2976108
          ],
          [
            14.1888588,
            37.2976684
          ],
          [
            14.1891055,
            37.2976919
          ],
          [
            14.1893523,
            37.2977153
          ],
          [
            14.1895669,
            37.2976897
          ],
          [
            14.1897385,
            37.2976449
          ],
          [
            14.1901194,
            37.2974742
          ],
          [
            14.1903394,
            37.2973953
          ],
          [
            14.1905593,
            37.2973483
          ],
          [
            14.1908597,
            37.2973291
          ],
          [
            14.1910528,
            37.2973803
          ],
          [
            14.1912889,
            37.2974187
          ],
          [
            14.1914551,
            37.2974038
          ],
          [
            14.1915517,
            37.2973483
          ],
          [
            14.1917743,
            37.297216
          ],
          [
            14.1919514,
            37.2971328
          ],
          [
            14.1921633,
            37.2970859
          ],
          [
            14.1927212,
            37.2971094
          ],
          [
            14.1932522,
            37.2971819
          ],
          [
            14.1936251,
            37.2972054
          ],
          [
            14.1939952,
            37.2972267
          ],
          [
            14.1942742,
            37.2972566
          ],
          [
            14.1945987,
            37.2973483
          ],
          [
            14.1948213,
            37.297423
          ],
          [
            14.195001,
            37.2975318
          ],
          [
            14.1951164,
            37.297662
          ],
          [
            14.1952016,
            37.297836
          ]
        ]
      },
      "id": "way/484777252"
    },
    {
      "type": "Feature",
      "properties": {
        "@id": "way/507739901",
        "highway": "residential",
        "name": "Via Pardo"
      },
      "geometry": {
        "type": "LineString",
        "coordinates": [
          [
            14.2139663,
            37.3034549
          ],
          [
            14.2139623,
            37.3032346
          ],
          [
            14.2139934,
            37.3031521
          ]
        ]
      },
      "id": "way/507739901"
    },
    {
      "type": "Feature",
      "properties": {
        "@id": "way/507739902",
        "highway": "residential",
        "name": "Via La Bella"
      },
      "geometry": {
        "type": "LineString",
        "coordinates": [
          [
            14.2139934,
            37.3031521
          ],
          [
            14.2139764,
            37.3030297
          ],
          [
            14.2139187,
            37.3029487
          ],
          [
            14.2138962,
            37.3027317
          ],
          [
            14.2139054,
            37.3025295
          ],
          [
            14.2139335,
            37.3022286
          ]
        ]
      },
      "id": "way/507739902"
    },
    {
      "type": "Feature",
      "properties": {
        "@id": "way/507739903",
        "highway": "residential"
      },
      "geometry": {
        "type": "LineString",
        "coordinates": [
          [
            14.2124596,
            37.3027332
          ],
          [
            14.2119714,
            37.3027759
          ]
        ]
      },
      "id": "way/507739903"
    },
    {
      "type": "Feature",
      "properties": {
        "@id": "way/507739904",
        "highway": "residential",
        "name": "Via Santa Lucia"
      },
      "geometry": {
        "type": "LineString",
        "coordinates": [
          [
            14.212512,
            37.303244
          ],
          [
            14.2124851,
            37.3029998
          ],
          [
            14.2124596,
            37.3027332
          ]
        ]
      },
      "id": "way/507739904"
    },
    {
      "type": "Feature",
      "properties": {
        "@id": "way/507744207",
        "highway": "primary",
        "lanes": "2",
        "name": "Viale Regina Elena",
        "oneway": "yes",
        "surface": "asphalt"
      },
      "geometry": {
        "type": "LineString",
        "coordinates": [
          [
            14.208852,
            37.3017569
          ],
          [
            14.2090626,
            37.3018757
          ],
          [
            14.209255,
            37.301987
          ],
          [
            14.2092924,
            37.3020073
          ],
          [
            14.2095201,
            37.3021843
          ],
          [
            14.2097971,
            37.3024179
          ],
          [
            14.2098721,
            37.3024977
          ],
          [
            14.2100483,
            37.3027264
          ],
          [
            14.2101334,
            37.302837
          ],
          [
            14.2101721,
            37.3028866
          ],
          [
            14.2103301,
            37.3031016
          ],
          [
            14.2103926,
            37.3031802
          ],
          [
            14.2105018,
            37.303333
          ],
          [
            14.2106101,
            37.3034875
          ],
          [
            14.2107131,
            37.303628
          ],
          [
            14.210814,
            37.3037725
          ]
        ]
      },
      "id": "way/507744207"
    },
    {
      "type": "Feature",
      "properties": {
        "@id": "way/507744208",
        "alt_name": "Via Papa Giovanni XXIII",
        "highway": "residential",
        "name": "Via Papa Giovanni Ventitreesimo",
        "sorting_name": "Via Papa Giovanni 23",
        "surface": "asphalt"
      },
      "geometry": {
        "type": "LineString",
        "coordinates": [
          [
            14.205807,
            37.300501
          ],
          [
            14.2057712,
            37.3005849
          ],
          [
            14.2057051,
            37.3007395
          ],
          [
            14.2056482,
            37.300872
          ],
          [
            14.2056391,
            37.3008958
          ],
          [
            14.205615,
            37.3009487
          ],
          [
            14.205585,
            37.301017
          ],
          [
            14.2054566,
            37.3013092
          ],
          [
            14.2053975,
            37.3014474
          ],
          [
            14.2053238,
            37.3016199
          ],
          [
            14.2052665,
            37.3017454
          ],
          [
            14.2051852,
            37.3019418
          ],
          [
            14.2051437,
            37.3020377
          ],
          [
            14.205046,
            37.3022631
          ],
          [
            14.2049352,
            37.3025345
          ],
          [
            14.204886,
            37.3026552
          ]
        ]
      },
      "id": "way/507744208"
    },
    {
      "type": "Feature",
      "properties": {
        "@id": "way/507744209",
        "highway": "primary",
        "lanes": "2",
        "name": "Viale della Resistenza",
        "surface": "asphalt"
      },
      "geometry": {
        "type": "LineString",
        "coordinates": [
          [
            14.2026137,
            37.2987231
          ],
          [
            14.2026313,
            37.2987347
          ],
          [
            14.2029332,
            37.2989338
          ],
          [
            14.2040953,
            37.2995802
          ],
          [
            14.2044803,
            37.2998045
          ],
          [
            14.2045202,
            37.2998277
          ],
          [
            14.2048803,
            37.300018
          ],
          [
            14.2051876,
            37.3001864
          ],
          [
            14.2055293,
            37.30037
          ],
          [
            14.205807,
            37.300501
          ],
          [
            14.2064406,
            37.3007597
          ],
          [
            14.2066698,
            37.3008497
          ],
          [
            14.2069048,
            37.3009403
          ],
          [
            14.2076057,
            37.3012402
          ],
          [
            14.2076366,
            37.3012531
          ],
          [
            14.2080624,
            37.3014285
          ],
          [
            14.2081907,
            37.3014785
          ],
          [
            14.208852,
            37.3017569
          ]
        ]
      },
      "id": "way/507744209"
    },
    {
      "type": "Feature",
      "properties": {
        "@id": "way/515057173",
        "highway": "residential",
        "oneway": "yes",
        "surface": "asphalt"
      },
      "geometry": {
        "type": "LineString",
        "coordinates": [
          [
            14.2022728,
            37.2987371
          ],
          [
            14.2022185,
            37.2986129
          ],
          [
            14.2021941,
            37.2985572
          ]
        ]
      },
      "id": "way/515057173"
    },
    {
      "type": "Feature",
      "properties": {
        "@id": "way/515057179",
        "highway": "primary",
        "lanes": "2",
        "name": "Via Caltanissetta",
        "surface": "asphalt"
      },
      "geometry": {
        "type": "LineString",
        "coordinates": [
          [
            14.2117493,
            37.3051094
          ],
          [
            14.2117596,
            37.305143
          ],
          [
            14.2117917,
            37.3052848
          ],
          [
            14.2118071,
            37.3054561
          ],
          [
            14.2117676,
            37.3056465
          ],
          [
            14.211724,
            37.3057997
          ],
          [
            14.2116617,
            37.3059046
          ],
          [
            14.2115984,
            37.3059652
          ],
          [
            14.2115098,
            37.3060455
          ],
          [
            14.211435,
            37.3060977
          ],
          [
            14.2113485,
            37.3061463
          ],
          [
            14.2110617,
            37.3062401
          ],
          [
            14.2108999,
            37.3062726
          ],
          [
            14.2107525,
            37.3062904
          ]
        ]
      },
      "id": "way/515057179"
    },
    {
      "type": "Feature",
      "properties": {
        "@id": "way/515057184",
        "highway": "primary",
        "oneway": "yes",
        "surface": "asphalt"
      },
      "geometry": {
        "type": "LineString",
        "coordinates": [
          [
            14.2117493,
            37.3051094
          ],
          [
            14.2116757,
            37.3050683
          ],
          [
            14.2115438,
            37.3048078
          ],
          [
            14.2115324,
            37.3047853
          ],
          [
            14.2114506,
            37.3046032
          ]
        ]
      },
      "id": "way/515057184"
    },
    {
      "type": "Feature",
      "properties": {
        "@id": "way/548258461",
        "highway": "service",
        "surface": "compacted"
      },
      "geometry": {
        "type": "LineString",
        "coordinates": [
          [
            14.1963776,
            37.3081141
          ],
          [
            14.1963395,
            37.3079858
          ],
          [
            14.1962403,
            37.3078983
          ],
          [
            14.1959962,
            37.3076828
          ],
          [
            14.1959265,
            37.3076402
          ],
          [
            14.1958594,
            37.307542
          ],
          [
            14.1958407,
            37.3074908
          ],
          [
            14.1958889,
            37.3074524
          ],
          [
            14.1960525,
            37.3073671
          ],
          [
            14.1961625,
            37.3072455
          ],
          [
            14.1962001,
            37.3071772
          ],
          [
            14.1962081,
            37.3070983
          ],
          [
            14.1961652,
            37.3070364
          ],
          [
            14.1958541,
            37.3067143
          ],
          [
            14.1958165,
            37.3066247
          ],
          [
            14.1958138,
            37.3065372
          ],
          [
            14.1958567,
            37.3064775
          ],
          [
            14.1959453,
            37.3064348
          ],
          [
            14.1960391,
            37.3064241
          ],
          [
            14.1961169,
            37.3064625
          ],
          [
            14.1963127,
            37.3066481
          ],
          [
            14.1965112,
            37.3067804
          ]
        ]
      },
      "id": "way/548258461"
    },
    {
      "type": "Feature",
      "properties": {
        "@id": "way/548258464",
        "highway": "unclassified",
        "oneway": "yes"
      },
      "geometry": {
        "type": "LineString",
        "coordinates": [
          [
            14.1967835,
            37.3081798
          ],
          [
            14.1968063,
            37.3082162
          ],
          [
            14.1968103,
            37.3082386
          ],
          [
            14.1968049,
            37.3082658
          ]
        ]
      },
      "id": "way/548258464"
    },
    {
      "type": "Feature",
      "properties": {
        "@id": "way/548258466",
        "highway": "service",
        "surface": "unpaved"
      },
      "geometry": {
        "type": "LineString",
        "coordinates": [
          [
            14.2064894,
            37.3034443
          ],
          [
            14.2064379,
            37.3034954
          ],
          [
            14.2063375,
            37.3035951
          ],
          [
            14.2061417,
            37.303785
          ],
          [
            14.2059526,
            37.3039973
          ],
          [
            14.2057997,
            37.3041562
          ],
          [
            14.2056562,
            37.3042949
          ],
          [
            14.2056246,
            37.3043199
          ],
          [
            14.2055886,
            37.3043407
          ],
          [
            14.2055489,
            37.3043568
          ],
          [
            14.2055064,
            37.3043679
          ],
          [
            14.2054623,
            37.3043737
          ],
          [
            14.2054175,
            37.3043739
          ],
          [
            14.2051171,
            37.3043707
          ],
          [
            14.2049682,
            37.3043931
          ],
          [
            14.2046839,
            37.3044699
          ],
          [
            14.2040187,
            37.3047323
          ],
          [
            14.2034554,
            37.304952
          ],
          [
            14.2032972,
            37.3050246
          ],
          [
            14.2031738,
            37.3050651
          ],
          [
            14.2030531,
            37.3050864
          ],
          [
            14.2029485,
            37.3051163
          ],
          [
            14.2028359,
            37.3051846
          ],
          [
            14.2026293,
            37.3053553
          ],
          [
            14.202565,
            37.3054534
          ],
          [
            14.2024362,
            37.3057371
          ],
          [
            14.2023826,
            37.3057969
          ],
          [
            14.2023155,
            37.3058268
          ],
          [
            14.202227,
            37.305831
          ],
          [
            14.2019239,
            37.3057713
          ],
          [
            14.2016315,
            37.305703
          ],
          [
            14.2014411,
            37.3056838
          ],
          [
            14.2011917,
            37.3056689
          ],
          [
            14.2011246,
            37.3057009
          ],
          [
            14.2009664,
            37.3057478
          ],
          [
            14.2008188,
            37.3058246
          ],
          [
            14.2006955,
            37.3059228
          ],
          [
            14.200564,
            37.3060465
          ],
          [
            14.2004916,
            37.3060934
          ],
          [
            14.2004245,
            37.306102
          ],
          [
            14.2001832,
            37.3060913
          ],
          [
            14.1992444,
            37.3060486
          ],
          [
            14.199121,
            37.3060252
          ],
          [
            14.1990459,
            37.3059868
          ],
          [
            14.1989815,
            37.3059249
          ],
          [
            14.1988662,
            37.3058076
          ],
          [
            14.1987884,
            37.3057649
          ],
          [
            14.1987213,
            37.3057371
          ],
          [
            14.1985872,
            37.3057179
          ],
          [
            14.1982278,
            37.3056923
          ],
          [
            14.1977423,
            37.3056518
          ]
        ]
      },
      "id": "way/548258466"
    },
    {
      "type": "Feature",
      "properties": {
        "@id": "way/548258471",
        "highway": "service",
        "surface": "paved"
      },
      "geometry": {
        "type": "LineString",
        "coordinates": [
          [
            14.1993164,
            37.303704
          ],
          [
            14.1989386,
            37.3046917
          ],
          [
            14.1984719,
            37.3045637
          ],
          [
            14.1981715,
            37.3044315
          ],
          [
            14.1977155,
            37.3041754
          ],
          [
            14.1970611,
            37.3047686
          ],
          [
            14.1970289,
            37.3048667
          ],
          [
            14.1970664,
            37.3049862
          ],
          [
            14.1977423,
            37.3056518
          ]
        ]
      },
      "id": "way/548258471"
    },
    {
      "type": "Feature",
      "properties": {
        "@id": "way/548258474",
        "highway": "service",
        "surface": "compacted"
      },
      "geometry": {
        "type": "LineString",
        "coordinates": [
          [
            14.1996735,
            37.3083454
          ],
          [
            14.1997969,
            37.3086066
          ],
          [
            14.1997862,
            37.3086642
          ],
          [
            14.199754,
            37.3087111
          ],
          [
            14.1996762,
            37.3087325
          ],
          [
            14.1995716,
            37.3087303
          ],
          [
            14.199475,
            37.3087133
          ],
          [
            14.1993222,
            37.3086855
          ],
          [
            14.1992605,
            37.3087005
          ],
          [
            14.1992122,
            37.3087453
          ],
          [
            14.19918,
            37.3088519
          ],
          [
            14.1991639,
            37.3090738
          ],
          [
            14.1991881,
            37.3091229
          ],
          [
            14.1992605,
            37.3091463
          ],
          [
            14.1995314,
            37.309221
          ],
          [
            14.1995501,
            37.3092786
          ],
          [
            14.1995126,
            37.3093533
          ]
        ]
      },
      "id": "way/548258474"
    },
    {
      "type": "Feature",
      "properties": {
        "@id": "way/548262933",
        "highway": "service",
        "surface": "unpaved"
      },
      "geometry": {
        "type": "LineString",
        "coordinates": [
          [
            14.202514,
            37.3151195
          ],
          [
            14.202522,
            37.3150641
          ],
          [
            14.2025676,
            37.3150043
          ],
          [
            14.2028707,
            37.3147398
          ],
          [
            14.2031443,
            37.3144774
          ],
          [
            14.2033187,
            37.3143196
          ],
          [
            14.2034206,
            37.3141895
          ],
          [
            14.2035627,
            37.3139868
          ],
          [
            14.2036727,
            37.3138908
          ],
          [
            14.204016,
            37.3136241
          ],
          [
            14.2041421,
            37.3135239
          ],
          [
            14.2042279,
            37.3134428
          ],
          [
            14.204362,
            37.3132764
          ],
          [
            14.2048582,
            37.3126535
          ],
          [
            14.2051426,
            37.3123165
          ],
          [
            14.2052391,
            37.3121287
          ],
          [
            14.2053062,
            37.3119709
          ],
          [
            14.2053571,
            37.3117469
          ],
          [
            14.2053786,
            37.3116018
          ],
          [
            14.2053679,
            37.3114695
          ],
          [
            14.2053893,
            37.3113202
          ],
          [
            14.2055181,
            37.310868
          ],
          [
            14.2056093,
            37.3106781
          ],
          [
            14.2056817,
            37.3105992
          ],
          [
            14.2057407,
            37.3105821
          ],
          [
            14.2058024,
            37.3105928
          ],
          [
            14.2058533,
            37.3106333
          ],
          [
            14.2059311,
            37.3107122
          ],
          [
            14.206033,
            37.3107762
          ],
          [
            14.2061698,
            37.3108168
          ],
          [
            14.2062879,
            37.3108338
          ],
          [
            14.2063495,
            37.3108189
          ],
          [
            14.2063737,
            37.3107869
          ],
          [
            14.2063791,
            37.3107378
          ],
          [
            14.2063898,
            37.310597
          ],
          [
            14.2064112,
            37.3105202
          ],
          [
            14.2065641,
            37.3103112
          ],
          [
            14.2068243,
            37.3099762
          ],
          [
            14.2070308,
            37.3098226
          ],
          [
            14.2071354,
            37.3097437
          ],
          [
            14.2071971,
            37.3096733
          ],
          [
            14.20724,
            37.3095986
          ],
          [
            14.2073125,
            37.3095709
          ],
          [
            14.2074814,
            37.3095389
          ],
          [
            14.2076021,
            37.3094791
          ],
          [
            14.2077416,
            37.3093981
          ],
          [
            14.2080769,
            37.3092594
          ],
          [
            14.208549,
            37.3090311
          ],
          [
            14.2087072,
            37.3089479
          ],
          [
            14.2088172,
            37.3088797
          ],
          [
            14.2088896,
            37.3088071
          ],
          [
            14.2089701,
            37.3086962
          ],
          [
            14.2091444,
            37.3085234
          ],
          [
            14.2092597,
            37.3084487
          ],
          [
            14.2093536,
            37.3083741
          ],
          [
            14.2094448,
            37.3083271
          ],
          [
            14.2096057,
            37.3082802
          ],
          [
            14.2098176,
            37.3082567
          ],
          [
            14.2099732,
            37.3082204
          ],
          [
            14.2100939,
            37.3081863
          ],
          [
            14.2103138,
            37.3081095
          ],
          [
            14.2104185,
            37.308069
          ],
          [
            14.2105097,
            37.3080221
          ],
          [
            14.2106277,
            37.3079666
          ],
          [
            14.2108798,
            37.3078834
          ],
          [
            14.2111828,
            37.3077701
          ],
          [
            14.2112794,
            37.307734
          ],
          [
            14.2115664,
            37.3076146
          ],
          [
            14.2117166,
            37.3075463
          ],
          [
            14.2118669,
            37.3074674
          ],
          [
            14.2119795,
            37.307429
          ],
          [
            14.2122799,
            37.3073202
          ],
          [
            14.2123309,
            37.3072946
          ],
          [
            14.212355,
            37.3072455
          ],
          [
            14.2123711,
            37.307141
          ],
          [
            14.2123926,
            37.3070983
          ],
          [
            14.2124382,
            37.3070642
          ],
          [
            14.2125106,
            37.3070514
          ],
          [
            14.2126849,
            37.3070321
          ],
          [
            14.2127252,
            37.3070065
          ],
          [
            14.2127493,
            37.3069639
          ],
          [
            14.2127439,
            37.3069105
          ],
          [
            14.2127091,
            37.3068401
          ],
          [
            14.2126447,
            37.3067313
          ],
          [
            14.2126098,
            37.3066631
          ],
          [
            14.212575,
            37.3065564
          ],
          [
            14.2125723,
            37.3064369
          ],
          [
            14.2126125,
            37.3062279
          ],
          [
            14.2125235,
            37.3060407
          ]
        ]
      },
      "id": "way/548262933"
    },
    {
      "type": "Feature",
      "properties": {
        "@id": "way/548262936",
        "highway": "primary",
        "lanes": "2",
        "name": "Strada statale di Pietraperzia",
        "ref": "SS191",
        "surface": "asphalt"
      },
      "geometry": {
        "type": "LineString",
        "coordinates": [
          [
            14.2107525,
            37.3062904
          ],
          [
            14.2106793,
            37.3062977
          ],
          [
            14.2106049,
            37.3063029
          ],
          [
            14.2105302,
            37.3063019
          ],
          [
            14.2104561,
            37.3062946
          ],
          [
            14.2103834,
            37.306281
          ],
          [
            14.2103019,
            37.3062577
          ],
          [
            14.2102247,
            37.3062266
          ],
          [
            14.2101528,
            37.3061881
          ],
          [
            14.2100875,
            37.3061429
          ],
          [
            14.2096802,
            37.3057119
          ],
          [
            14.2095561,
            37.305623
          ],
          [
            14.2094347,
            37.3055564
          ],
          [
            14.2093534,
            37.3055227
          ],
          [
            14.2092686,
            37.305495
          ],
          [
            14.209181,
            37.3054738
          ],
          [
            14.2090801,
            37.3054577
          ],
          [
            14.2089776,
            37.30545
          ],
          [
            14.2088939,
            37.3054431
          ],
          [
            14.2088114,
            37.3054302
          ],
          [
            14.2087307,
            37.3054114
          ],
          [
            14.2086549,
            37.3053875
          ],
          [
            14.208582,
            37.3053584
          ],
          [
            14.2085128,
            37.3053243
          ],
          [
            14.2079805,
            37.3050349
          ],
          [
            14.2072342,
            37.3044896
          ],
          [
            14.2069936,
            37.3043329
          ],
          [
            14.2068397,
            37.3043115
          ],
          [
            14.2067141,
            37.3043329
          ],
          [
            14.2065902,
            37.3044246
          ],
          [
            14.2064917,
            37.304543
          ],
          [
            14.2061878,
            37.3048872
          ],
          [
            14.2060645,
            37.3049878
          ],
          [
            14.2059165,
            37.3050581
          ],
          [
            14.2055039,
            37.3051287
          ],
          [
            14.2052586,
            37.3051801
          ],
          [
            14.2050669,
            37.3052943
          ],
          [
            14.2048959,
            37.3054622
          ],
          [
            14.2043051,
            37.3062605
          ],
          [
            14.2039331,
            37.3067379
          ],
          [
            14.2037819,
            37.306893
          ],
          [
            14.2036037,
            37.3069625
          ],
          [
            14.2031937,
            37.3070518
          ],
          [
            14.2029236,
            37.3071384
          ],
          [
            14.2024972,
            37.3073222
          ],
          [
            14.2023331,
            37.3073911
          ],
          [
            14.2021726,
            37.3074157
          ],
          [
            14.2019098,
            37.3074136
          ],
          [
            14.2016718,
            37.3074578
          ],
          [
            14.2014001,
            37.3075757
          ],
          [
            14.2011175,
            37.3077227
          ],
          [
            14.2006729,
            37.3080183
          ],
          [
            14.2002934,
            37.3081597
          ],
          [
            14.1999491,
            37.3082797
          ],
          [
            14.1996735,
            37.3083454
          ],
          [
            14.1994368,
            37.3083372
          ],
          [
            14.1991237,
            37.3082566
          ],
          [
            14.1986937,
            37.308094
          ],
          [
            14.1985243,
            37.3080484
          ],
          [
            14.1983075,
            37.3080558
          ],
          [
            14.1980863,
            37.3080924
          ],
          [
            14.1977745,
            37.3081373
          ],
          [
            14.197398,
            37.3081636
          ],
          [
            14.1969808,
            37.3081786
          ],
          [
            14.1967835,
            37.3081798
          ],
          [
            14.1966483,
            37.3081795
          ],
          [
            14.196518,
            37.3081621
          ],
          [
            14.1963776,
            37.3081141
          ],
          [
            14.1962523,
            37.3080478
          ],
          [
            14.19596,
            37.3078716
          ],
          [
            14.1957957,
            37.3077998
          ],
          [
            14.1956255,
            37.3076949
          ],
          [
            14.1955221,
            37.3075836
          ],
          [
            14.1954266,
            37.3074395
          ],
          [
            14.1952845,
            37.307309
          ],
          [
            14.1951404,
            37.3071904
          ],
          [
            14.1950436,
            37.3071204
          ],
          [
            14.1949877,
            37.3070366
          ],
          [
            14.1949386,
            37.3069347
          ],
          [
            14.1947919,
            37.3064689
          ],
          [
            14.1947513,
            37.3063435
          ],
          [
            14.1946805,
            37.3062616
          ],
          [
            14.1945092,
            37.3061449
          ],
          [
            14.1943496,
            37.3060329
          ],
          [
            14.1942811,
            37.30594
          ],
          [
            14.1942588,
            37.3058235
          ],
          [
            14.1942741,
            37.305691
          ],
          [
            14.1942652,
            37.3055984
          ],
          [
            14.1942373,
            37.3055099
          ],
          [
            14.1941651,
            37.3053726
          ],
          [
            14.1941249,
            37.305226
          ],
          [
            14.193967,
            37.3046737
          ],
          [
            14.1939133,
            37.3045758
          ],
          [
            14.1938249,
            37.3045292
          ],
          [
            14.1936776,
            37.3045251
          ],
          [
            14.1935077,
            37.3045496
          ],
          [
            14.1931735,
            37.3046228
          ],
          [
            14.19289,
            37.3047111
          ],
          [
            14.1926344,
            37.3048497
          ],
          [
            14.1923408,
            37.3049985
          ],
          [
            14.1921006,
            37.3050874
          ],
          [
            14.1918647,
            37.3051373
          ],
          [
            14.1915049,
            37.3052121
          ],
          [
            14.1913169,
            37.3052887
          ],
          [
            14.1911725,
            37.3053666
          ],
          [
            14.1910474,
            37.3054144
          ],
          [
            14.1909295,
            37.3054193
          ],
          [
            14.190802,
            37.3053905
          ],
          [
            14.1906594,
            37.3052992
          ],
          [
            14.190472,
            37.3051164
          ],
          [
            14.1904204,
            37.3050115
          ],
          [
            14.1903931,
            37.3048539
          ],
          [
            14.1903346,
            37.3041388
          ],
          [
            14.190313,
            37.3040101
          ],
          [
            14.1902744,
            37.3039411
          ],
          [
            14.19019,
            37.3038775
          ],
          [
            14.1899832,
            37.3038177
          ],
          [
            14.1890279,
            37.3036512
          ],
          [
            14.1888581,
            37.303616
          ],
          [
            14.1887118,
            37.3036024
          ],
          [
            14.1885934,
            37.3036064
          ],
          [
            14.1885129,
            37.3036399
          ],
          [
            14.1884703,
            37.3036884
          ],
          [
            14.1884542,
            37.3037655
          ],
          [
            14.1884895,
            37.3038152
          ],
          [
            14.1885651,
            37.3038412
          ],
          [
            14.1886496,
            37.3038341
          ],
          [
            14.1888646,
            37.3037831
          ],
          [
            14.188969,
            37.3037804
          ],
          [
            14.1891029,
            37.3038018
          ],
          [
            14.1892961,
            37.3038703
          ],
          [
            14.1895757,
            37.3039932
          ],
          [
            14.1897919,
            37.3041095
          ],
          [
            14.1898191,
            37.3041693
          ],
          [
            14.1898302,
            37.3042504
          ],
          [
            14.1898082,
            37.3047578
          ],
          [
            14.1897326,
            37.3049561
          ],
          [
            14.1896893,
            37.3051472
          ],
          [
            14.1896669,
            37.3054482
          ],
          [
            14.1896839,
            37.3056664
          ],
          [
            14.1897412,
            37.3058658
          ],
          [
            14.189803,
            37.3060124
          ],
          [
            14.1898701,
            37.3061914
          ],
          [
            14.1899364,
            37.3062999
          ],
          [
            14.1900195,
            37.3063833
          ],
          [
            14.1904495,
            37.3066456
          ],
          [
            14.1905586,
            37.3066968
          ],
          [
            14.1906487,
            37.3067138
          ],
          [
            14.1907692,
            37.3067054
          ],
          [
            14.1909334,
            37.3066306
          ],
          [
            14.1910913,
            37.3065598
          ],
          [
            14.1912483,
            37.3065111
          ],
          [
            14.1915794,
            37.3064476
          ],
          [
            14.1920165,
            37.3063165
          ],
          [
            14.1921243,
            37.3062926
          ],
          [
            14.1921945,
            37.3062856
          ],
          [
            14.192286,
            37.3063036
          ],
          [
            14.1923236,
            37.3063315
          ],
          [
            14.1923412,
            37.3063754
          ],
          [
            14.1923387,
            37.3064392
          ],
          [
            14.1923249,
            37.3065648
          ],
          [
            14.1922384,
            37.3068061
          ],
          [
            14.1920804,
            37.3070474
          ],
          [
            14.1918573,
            37.3073336
          ],
          [
            14.1916931,
            37.307532
          ],
          [
            14.1916153,
            37.3077185
          ],
          [
            14.1916203,
            37.3079019
          ],
          [
            14.1916449,
            37.3081452
          ],
          [
            14.1916653,
            37.3082698
          ],
          [
            14.1916465,
            37.3083544
          ],
          [
            14.1915715,
            37.3084423
          ],
          [
            14.1913603,
            37.3085833
          ],
          [
            14.1912113,
            37.3086572
          ],
          [
            14.19108,
            37.3086632
          ],
          [
            14.1909935,
            37.3086348
          ],
          [
            14.1909142,
            37.3085921
          ],
          [
            14.1907813,
            37.3084682
          ],
          [
            14.1907052,
            37.3084304
          ],
          [
            14.1905962,
            37.3084294
          ],
          [
            14.1904733,
            37.3084413
          ],
          [
            14.1903743,
            37.3084942
          ],
          [
            14.1903078,
            37.308553
          ],
          [
            14.1902315,
            37.3087129
          ],
          [
            14.1899961,
            37.3094365
          ],
          [
            14.1899665,
            37.3096139
          ],
          [
            14.1899665,
            37.3098009
          ],
          [
            14.190023,
            37.3099828
          ],
          [
            14.1903865,
            37.3105047
          ],
          [
            14.1904288,
            37.3106021
          ],
          [
            14.1904691,
            37.3107141
          ],
          [
            14.1905723,
            37.3112318
          ],
          [
            14.190573,
            37.3113563
          ],
          [
            14.1905179,
            37.3115234
          ],
          [
            14.190363,
            37.3118211
          ],
          [
            14.1903234,
            37.3119026
          ],
          [
            14.1903191,
            37.3119832
          ],
          [
            14.1903234,
            37.3120775
          ],
          [
            14.1903426,
            37.3121738
          ],
          [
            14.1904084,
            37.3123367
          ],
          [
            14.1904554,
            37.312453
          ],
          [
            14.1904868,
            37.312625
          ],
          [
            14.1904852,
            37.3128219
          ],
          [
            14.1904539,
            37.3129515
          ],
          [
            14.1903912,
            37.3130924
          ],
          [
            14.1901623,
            37.3135713
          ],
          [
            14.1899523,
            37.3140105
          ],
          [
            14.1899006,
            37.3141663
          ],
          [
            14.1898889,
            37.3142936
          ],
          [
            14.189929,
            37.3144073
          ],
          [
            14.1900551,
            37.3145521
          ],
          [
            14.1903532,
            37.3147991
          ],
          [
            14.1911609,
            37.3154244
          ],
          [
            14.1917085,
            37.3157952
          ],
          [
            14.1919499,
            37.3159486
          ],
          [
            14.1922676,
            37.3161413
          ],
          [
            14.1924361,
            37.3162454
          ],
          [
            14.1926781,
            37.3163771
          ],
          [
            14.1928874,
            37.3164909
          ],
          [
            14.1930252,
            37.3165599
          ],
          [
            14.1938433,
            37.3169694
          ],
          [
            14.1940087,
            37.3170735
          ],
          [
            14.1941363,
            37.3171863
          ],
          [
            14.1942601,
            37.3173346
          ],
          [
            14.1943266,
            37.3174647
          ],
          [
            14.1943429,
            37.3175947
          ],
          [
            14.1943145,
            37.3177113
          ],
          [
            14.1942742,
            37.3178156
          ],
          [
            14.1941817,
            37.3179564
          ],
          [
            14.1940439,
            37.3180885
          ],
          [
            14.1936176,
            37.3183801
          ],
          [
            14.1931084,
            37.3187154
          ],
          [
            14.1928749,
            37.3188387
          ],
          [
            14.1926743,
            37.3189497
          ],
          [
            14.1925239,
            37.3190431
          ],
          [
            14.1924126,
            37.3191565
          ],
          [
            14.1922982,
            37.3193061
          ],
          [
            14.1921979,
            37.3194868
          ],
          [
            14.1921447,
            37.3196824
          ],
          [
            14.1921125,
            37.3202949
          ],
          [
            14.1921172,
            37.3204095
          ],
          [
            14.1921526,
            37.320559
          ],
          [
            14.1923954,
            37.3213236
          ],
          [
            14.1924208,
            37.3214677
          ],
          [
            14.1924142,
            37.3216017
          ],
          [
            14.1923558,
            37.3217207
          ],
          [
            14.1922639,
            37.3218268
          ],
          [
            14.1921285,
            37.3218943
          ],
          [
            14.1919833,
            37.3219267
          ],
          [
            14.191783,
            37.3219601
          ],
          [
            14.1916038,
            37.3220252
          ],
          [
            14.1914686,
            37.322114
          ],
          [
            14.189862,
            37.3236049
          ],
          [
            14.1896798,
            37.3238046
          ],
          [
            14.1893867,
            37.324205
          ],
          [
            14.1892574,
            37.3243517
          ],
          [
            14.1891364,
            37.3244528
          ],
          [
            14.1889825,
            37.3245697
          ],
          [
            14.1886315,
            37.3248115
          ],
          [
            14.1884366,
            37.3249231
          ],
          [
            14.1882688,
            37.3249977
          ],
          [
            14.1880329,
            37.3250893
          ],
          [
            14.187845,
            37.3251812
          ],
          [
            14.1877071,
            37.3252865
          ],
          [
            14.1876421,
            37.3253882
          ],
          [
            14.1875502,
            37.325609
          ],
          [
            14.1873262,
            37.3261522
          ],
          [
            14.1872431,
            37.3263417
          ],
          [
            14.1866729,
            37.327619
          ],
          [
            14.1864886,
            37.3280726
          ]
        ]
      },
      "id": "way/548262936"
    },
    {
      "type": "Feature",
      "properties": {
        "@id": "way/548491181",
        "highway": "service",
        "surface": "ground"
      },
      "geometry": {
        "type": "LineString",
        "coordinates": [
          [
            14.1947352,
            37.3172081
          ],
          [
            14.1948992,
            37.3171546
          ],
          [
            14.1954195,
            37.3168581
          ],
          [
            14.1959721,
            37.3165061
          ],
          [
            14.1961732,
            37.3163376
          ],
          [
            14.1964683,
            37.3160923
          ],
          [
            14.1969055,
            37.315608
          ],
          [
            14.1970074,
            37.3154971
          ],
          [
            14.1970825,
            37.3154054
          ],
          [
            14.1971442,
            37.3153094
          ],
          [
            14.1972247,
            37.315175
          ],
          [
            14.197289,
            37.3150705
          ],
          [
            14.1973507,
            37.3149958
          ],
          [
            14.1974232,
            37.3149318
          ],
          [
            14.197517,
            37.3148742
          ],
          [
            14.1976136,
            37.3148444
          ],
          [
            14.1978148,
            37.3148209
          ],
          [
            14.198024,
            37.3147676
          ],
          [
            14.1981688,
            37.3147462
          ],
          [
            14.1982976,
            37.3147484
          ],
          [
            14.1984934,
            37.3147292
          ],
          [
            14.1986275,
            37.3146993
          ],
          [
            14.1987589,
            37.3146524
          ],
          [
            14.1991559,
            37.3145116
          ],
          [
            14.1993141,
            37.314454
          ],
          [
            14.1993919,
            37.3144412
          ],
          [
            14.1995314,
            37.3144369
          ],
          [
            14.1996467,
            37.3144348
          ],
          [
            14.1997996,
            37.3144049
          ],
          [
            14.1999364,
            37.3143686
          ],
          [
            14.2000973,
            37.3143068
          ],
          [
            14.2001671,
            37.3142556
          ],
          [
            14.2002502,
            37.3141745
          ],
          [
            14.2003575,
            37.3140636
          ],
          [
            14.200497,
            37.3138801
          ],
          [
            14.2005882,
            37.3137927
          ],
          [
            14.2006633,
            37.3137457
          ],
          [
            14.2008698,
            37.3136135
          ],
          [
            14.2009798,
            37.3135815
          ],
          [
            14.2012373,
            37.313445
          ],
          [
            14.2014438,
            37.313317
          ],
          [
            14.2015833,
            37.3131996
          ],
          [
            14.2016745,
            37.3131122
          ],
          [
            14.2018247,
            37.313029
          ]
        ]
      },
      "id": "way/548491181"
    },
    {
      "type": "Feature",
      "properties": {
        "@id": "way/599863205",
        "highway": "residential"
      },
      "geometry": {
        "type": "LineString",
        "coordinates": [
          [
            14.2011194,
            37.3027406
          ],
          [
            14.2016827,
            37.303194
          ]
        ]
      },
      "id": "way/599863205"
    },
    {
      "type": "Feature",
      "properties": {
        "@id": "way/599863206",
        "highway": "residential"
      },
      "geometry": {
        "type": "LineString",
        "coordinates": [
          [
            14.1990334,
            37.3028393
          ],
          [
            14.1987127,
            37.3031586
          ],
          [
            14.1985084,
            37.3033621
          ]
        ]
      },
      "id": "way/599863206"
    },
    {
      "type": "Feature",
      "properties": {
        "@id": "way/599863207",
        "highway": "residential"
      },
      "geometry": {
        "type": "LineString",
        "coordinates": [
          [
            14.1984859,
            37.3020344
          ],
          [
            14.1984022,
            37.3020242
          ],
          [
            14.1981204,
            37.3019501
          ],
          [
            14.1976887,
            37.3018759
          ],
          [
            14.1974464,
            37.3018701
          ]
        ]
      },
      "id": "way/599863207"
    },
    {
      "type": "Feature",
      "properties": {
        "@id": "way/599863208",
        "highway": "residential"
      },
      "geometry": {
        "type": "LineString",
        "coordinates": [
          [
            14.2012603,
            37.3047026
          ],
          [
            14.2007936,
            37.3036599
          ]
        ]
      },
      "id": "way/599863208"
    },
    {
      "type": "Feature",
      "properties": {
        "@id": "way/599863209",
        "highway": "residential",
        "surface": "asphalt"
      },
      "geometry": {
        "type": "LineString",
        "coordinates": [
          [
            14.204477,
            37.3024583
          ],
          [
            14.2042893,
            37.3026681
          ],
          [
            14.2038084,
            37.3031679
          ]
        ]
      },
      "id": "way/599863209"
    },
    {
      "type": "Feature",
      "properties": {
        "@id": "way/639600284",
        "highway": "track",
        "tracktype": "grade3"
      },
      "geometry": {
        "type": "LineString",
        "coordinates": [
          [
            14.2204117,
            37.2971874
          ],
          [
            14.2205304,
            37.2972071
          ],
          [
            14.2208388,
            37.2972263
          ],
          [
            14.2210159,
            37.2972583
          ],
          [
            14.2212224,
            37.2973159
          ],
          [
            14.2215362,
            37.2974333
          ],
          [
            14.2218956,
            37.2975783
          ],
          [
            14.2222846,
            37.2977384
          ],
          [
            14.2224508,
            37.2978024
          ],
          [
            14.2226279,
            37.2978301
          ],
          [
            14.223057,
            37.297828
          ],
          [
            14.223462,
            37.2978088
          ],
          [
            14.2236418,
            37.2977853
          ],
          [
            14.2237732,
            37.2977426
          ],
          [
            14.2239046,
            37.2976786
          ],
          [
            14.2243257,
            37.2974525
          ],
          [
            14.2244652,
            37.2974119
          ],
          [
            14.2246234,
            37.2973778
          ],
          [
            14.2248139,
            37.2973607
          ],
          [
            14.2249802,
            37.2973543
          ],
          [
            14.2251626,
            37.2973351
          ],
          [
            14.2253879,
            37.2972818
          ],
          [
            14.2268094,
            37.2969382
          ],
          [
            14.2272627,
            37.2967761
          ],
          [
            14.2274451,
            37.2967334
          ],
          [
            14.2276946,
            37.2967163
          ],
          [
            14.2283839,
            37.2966672
          ],
          [
            14.2285502,
            37.2966246
          ],
          [
            14.2286655,
            37.2965606
          ],
          [
            14.2290947,
            37.2962426
          ],
          [
            14.2292234,
            37.2961808
          ],
          [
            14.2293656,
            37.2961424
          ],
          [
            14.2306557,
            37.2958799
          ],
          [
            14.2308274,
            37.2958671
          ],
          [
            14.2310473,
            37.2958607
          ],
          [
            14.2313611,
            37.2958756
          ],
          [
            14.2316374,
            37.2958564
          ],
          [
            14.2318681,
            37.2958202
          ],
          [
            14.2321524,
            37.295754
          ],
          [
            14.2322624,
            37.2957113
          ],
          [
            14.2324957,
            37.2955385
          ],
          [
            14.2328551,
            37.2952803
          ],
          [
            14.232941,
            37.2952291
          ],
          [
            14.2330348,
            37.2952142
          ],
          [
            14.2331555,
            37.2952312
          ],
          [
            14.2335418,
            37.2953763
          ],
          [
            14.233692,
            37.2954211
          ],
          [
            14.2338341,
            37.295451
          ],
          [
            14.2339763,
            37.2954745
          ],
          [
            14.2342821,
            37.2954916
          ],
          [
            14.2343652,
            37.2955086
          ],
          [
            14.2344511,
            37.295547
          ],
          [
            14.2345825,
            37.2956108
          ],
          [
            14.2347947,
            37.2956831
          ],
          [
            14.2349314,
            37.2956863
          ],
          [
            14.2350425,
            37.2956727
          ],
          [
            14.235195,
            37.2955997
          ],
          [
            14.2354058,
            37.2954296
          ],
          [
            14.2354868,
            37.295297
          ],
          [
            14.2356102,
            37.2951946
          ],
          [
            14.235728,
            37.2951834
          ],
          [
            14.2358538,
            37.295212
          ],
          [
            14.2363453,
            37.2955169
          ],
          [
            14.2364607,
            37.2955721
          ],
          [
            14.2366025,
            37.2956122
          ],
          [
            14.2367768,
            37.2955948
          ],
          [
            14.236873,
            37.2955525
          ],
          [
            14.2369721,
            37.2954801
          ],
          [
            14.2371088,
            37.2953205
          ],
          [
            14.2372888,
            37.295195
          ],
          [
            14.2374632,
            37.2950776
          ],
          [
            14.2376482,
            37.2949389
          ],
          [
            14.2378065,
            37.294813
          ],
          [
            14.237946,
            37.294749
          ],
          [
            14.2383215,
            37.2946018
          ],
          [
            14.2384368,
            37.2945868
          ],
          [
            14.2385951,
            37.294589
          ],
          [
            14.2388552,
            37.2946124
          ],
          [
            14.2393407,
            37.2947319
          ],
          [
            14.2394802,
            37.2947469
          ],
          [
            14.2396438,
            37.2947298
          ],
          [
            14.2397752,
            37.2947021
          ],
          [
            14.2398772,
            37.2946701
          ],
          [
            14.2399871,
            37.2946018
          ],
          [
            14.2400596,
            37.2945548
          ],
          [
            14.2401481,
            37.2945378
          ],
          [
            14.2403063,
            37.2945442
          ],
          [
            14.2407274,
            37.2945847
          ],
          [
            14.2410949,
            37.2946679
          ],
          [
            14.2412826,
            37.2947554
          ],
          [
            14.2414221,
            37.2947746
          ],
          [
            14.2416635,
            37.2947917
          ],
          [
            14.2420363,
            37.2948642
          ],
          [
            14.2421865,
            37.2948664
          ],
          [
            14.242318,
            37.2948493
          ],
          [
            14.2428249,
            37.2947213
          ],
          [
            14.2431039,
            37.2946359
          ],
          [
            14.2432165,
            37.2946231
          ],
          [
            14.2433453,
            37.2946317
          ],
          [
            14.243466,
            37.2946487
          ],
          [
            14.2435974,
            37.2946487
          ],
          [
            14.2439783,
            37.2946295
          ],
          [
            14.2442331,
            37.2946039
          ],
          [
            14.244386,
            37.2945975
          ],
          [
            14.2446139,
            37.2945996
          ],
          [
            14.2448124,
            37.2945634
          ],
          [
            14.2449519,
            37.2945122
          ],
          [
            14.2450699,
            37.2944396
          ],
          [
            14.2451692,
            37.2944076
          ],
          [
            14.245255,
            37.2944012
          ],
          [
            14.245373,
            37.2944161
          ],
          [
            14.2454535,
            37.2944076
          ],
          [
            14.2455876,
            37.2943863
          ],
          [
            14.2456761,
            37.2943927
          ],
          [
            14.2458022,
            37.2944183
          ],
          [
            14.2459336,
            37.2944417
          ],
          [
            14.2460087,
            37.2944332
          ],
          [
            14.2460972,
            37.2944055
          ],
          [
            14.246242,
            37.2943265
          ],
          [
            14.2463627,
            37.2942881
          ],
          [
            14.2464861,
            37.2942582
          ],
          [
            14.2466363,
            37.2942006
          ],
          [
            14.2467865,
            37.2941153
          ],
          [
            14.2471459,
            37.2938379
          ],
          [
            14.2473927,
            37.2936672
          ],
          [
            14.2474785,
            37.2935797
          ],
          [
            14.2475188,
            37.2934773
          ],
          [
            14.2475241,
            37.2934026
          ],
          [
            14.2475,
            37.2933322
          ],
          [
            14.2474383,
            37.293266
          ],
          [
            14.2472452,
            37.2931487
          ],
          [
            14.2469636,
            37.2929993
          ],
          [
            14.2469314,
            37.2929438
          ],
          [
            14.2469421,
            37.292899
          ],
          [
            14.2470145,
            37.2928563
          ],
          [
            14.2471486,
            37.2928179
          ],
          [
            14.247213,
            37.2928158
          ],
          [
            14.2472908,
            37.2928414
          ],
          [
            14.2474169,
            37.2928883
          ],
          [
            14.2474973,
            37.2928841
          ],
          [
            14.2475778,
            37.2928627
          ],
          [
            14.2477146,
            37.2927966
          ],
          [
            14.2478755,
            37.292739
          ],
          [
            14.248141,
            37.2926685
          ],
          [
            14.2483154,
            37.2926003
          ],
          [
            14.2484173,
            37.2925405
          ],
          [
            14.2484763,
            37.2924786
          ],
          [
            14.2486131,
            37.2923037
          ],
          [
            14.2486882,
            37.2921906
          ],
          [
            14.2488089,
            37.292054
          ],
          [
            14.2489699,
            37.2919089
          ],
          [
            14.2490798,
            37.2918129
          ],
          [
            14.249222,
            37.2916251
          ],
          [
            14.2492729,
            37.291512
          ],
          [
            14.2493963,
            37.291401
          ],
          [
            14.2500347,
            37.2909081
          ],
          [
            14.2504343,
            37.2906286
          ],
          [
            14.2505094,
            37.2905368
          ],
          [
            14.2505711,
            37.290428
          ],
          [
            14.2506248,
            37.2902743
          ],
          [
            14.2506811,
            37.2901997
          ],
          [
            14.2507589,
            37.2901164
          ],
          [
            14.2508849,
            37.2900418
          ],
          [
            14.25107,
            37.2899543
          ],
          [
            14.2512605,
            37.2898966
          ],
          [
            14.2514616,
            37.2898732
          ],
          [
            14.251872,
            37.2898561
          ],
          [
            14.2520598,
            37.2898412
          ],
          [
            14.2522046,
            37.2898177
          ],
          [
            14.2523763,
            37.2897729
          ],
          [
            14.2524809,
            37.2897579
          ],
          [
            14.2525908,
            37.2897601
          ],
          [
            14.2527384,
            37.2897686
          ],
          [
            14.2530575,
            37.289807
          ],
          [
            14.2531702,
            37.2898134
          ],
          [
            14.2533526,
            37.2898198
          ],
          [
            14.2534947,
            37.2898433
          ],
          [
            14.2536476,
            37.2898817
          ],
          [
            14.2537549,
            37.2899265
          ],
          [
            14.2539185,
            37.2900161
          ],
          [
            14.2540258,
            37.2900311
          ],
          [
            14.2542109,
            37.290029
          ],
          [
            14.2543155,
            37.2900097
          ],
          [
            14.2544845,
            37.2899756
          ],
          [
            14.2550504,
            37.2899095
          ],
          [
            14.2551738,
            37.289903
          ],
          [
            14.255265,
            37.2899201
          ],
          [
            14.2555332,
            37.2899905
          ],
          [
            14.2556834,
            37.2900396
          ],
          [
            14.2558202,
            37.2900951
          ],
          [
            14.2558926,
            37.2901143
          ],
          [
            14.2562789,
            37.290189
          ],
          [
            14.256472,
            37.2902423
          ],
          [
            14.2565283,
            37.2902466
          ],
          [
            14.2565766,
            37.2902189
          ],
          [
            14.256649,
            37.2901549
          ],
          [
            14.2567134,
            37.2901164
          ],
          [
            14.2568207,
            37.2900908
          ],
          [
            14.2570299,
            37.2900567
          ],
          [
            14.2571238,
            37.2900311
          ],
          [
            14.2572015,
            37.2899884
          ],
          [
            14.257274,
            37.2899351
          ],
          [
            14.2574242,
            37.2897921
          ],
          [
            14.2575127,
            37.289743
          ],
          [
            14.2576066,
            37.2897153
          ],
          [
            14.2578265,
            37.2896833
          ],
          [
            14.2579097,
            37.2896555
          ],
          [
            14.2579848,
            37.2896171
          ],
          [
            14.2580223,
            37.2895488
          ],
          [
            14.2580384,
            37.2894464
          ],
          [
            14.2580679,
            37.289376
          ],
          [
            14.2581323,
            37.2893141
          ],
          [
            14.258261,
            37.2892415
          ],
          [
            14.2583415,
            37.289169
          ],
          [
            14.2584032,
            37.2890879
          ],
          [
            14.2584997,
            37.2889257
          ],
          [
            14.2587492,
            37.2886867
          ],
          [
            14.258827,
            37.2885864
          ],
          [
            14.2588833,
            37.2885416
          ],
          [
            14.2589745,
            37.2884968
          ],
          [
            14.2591891,
            37.2884136
          ],
          [
            14.259358,
            37.2883559
          ],
          [
            14.2594895,
            37.2883261
          ],
          [
            14.2597201,
            37.2882941
          ],
          [
            14.2598382,
            37.2882685
          ],
          [
            14.2599133,
            37.2882343
          ],
          [
            14.2599642,
            37.2881852
          ],
          [
            14.2600286,
            37.2880465
          ],
          [
            14.2601091,
            37.2879377
          ],
          [
            14.2602298,
            37.2877968
          ],
          [
            14.2603612,
            37.2876645
          ],
          [
            14.2604953,
            37.2875642
          ],
          [
            14.2606857,
            37.2873829
          ],
          [
            14.2607716,
            37.287289
          ],
          [
            14.260852,
            37.2871801
          ],
          [
            14.2609754,
            37.2870137
          ],
          [
            14.2611792,
            37.2867682
          ],
          [
            14.261257,
            37.2866722
          ],
          [
            14.2613912,
            37.2865847
          ],
          [
            14.2616138,
            37.286493
          ],
          [
            14.2618542,
            37.2864287
          ]
        ]
      },
      "id": "way/639600284"
    },
    {
      "type": "Feature",
      "properties": {
        "@id": "way/639605622",
        "bridge": "yes",
        "highway": "tertiary",
        "layer": "1",
        "name": "Da Mazzarino alla SP96",
        "ref": "SP191",
        "surface": "asphalt"
      },
      "geometry": {
        "type": "LineString",
        "coordinates": [
          [
            14.2198001,
            37.2952734
          ],
          [
            14.2196883,
            37.2955125
          ]
        ]
      },
      "id": "way/639605622"
    },
    {
      "type": "Feature",
      "properties": {
        "@id": "way/639605624",
        "highway": "tertiary",
        "name": "Da Mazzarino alla SP96",
        "ref": "SP191",
        "surface": "asphalt"
      },
      "geometry": {
        "type": "LineString",
        "coordinates": [
          [
            14.2196883,
            37.2955125
          ],
          [
            14.2196721,
            37.2956751
          ],
          [
            14.219691,
            37.295824
          ],
          [
            14.2197995,
            37.296184
          ],
          [
            14.2198251,
            37.2962935
          ],
          [
            14.2198263,
            37.2964283
          ],
          [
            14.2196883,
            37.2974841
          ],
          [
            14.2196614,
            37.2976797
          ],
          [
            14.2196427,
            37.297766
          ],
          [
            14.2196131,
            37.2978504
          ],
          [
            14.2195804,
            37.2979183
          ],
          [
            14.2195407,
            37.2979837
          ],
          [
            14.2194616,
            37.2981104
          ],
          [
            14.2192684,
            37.2984468
          ],
          [
            14.2191792,
            37.2986645
          ],
          [
            14.2190755,
            37.2990406
          ],
          [
            14.2189033,
            37.2998315
          ],
          [
            14.21887,
            37.300001
          ],
          [
            14.2188434,
            37.3001362
          ],
          [
            14.2188435,
            37.3002621
          ],
          [
            14.2188577,
            37.3003887
          ],
          [
            14.2190296,
            37.3009537
          ],
          [
            14.2190833,
            37.301101
          ],
          [
            14.2190774,
            37.3012848
          ],
          [
            14.2190417,
            37.3015128
          ],
          [
            14.2188981,
            37.3019139
          ],
          [
            14.2185858,
            37.3025262
          ],
          [
            14.2184516,
            37.3028484
          ],
          [
            14.2184074,
            37.3028964
          ],
          [
            14.2183896,
            37.3029077
          ],
          [
            14.2183484,
            37.3029338
          ],
          [
            14.2179236,
            37.3031566
          ],
          [
            14.2178824,
            37.3031897
          ],
          [
            14.2178607,
            37.3032514
          ]
        ]
      },
      "id": "way/639605624"
    },
    {
      "type": "Feature",
      "properties": {
        "@id": "way/639735648",
        "highway": "service",
        "surface": "compacted"
      },
      "geometry": {
        "type": "LineString",
        "coordinates": [
          [
            14.2189603,
            37.2986935
          ],
          [
            14.2189197,
            37.2984873
          ],
          [
            14.2188084,
            37.2981694
          ],
          [
            14.2186997,
            37.2979592
          ],
          [
            14.2185925,
            37.2977768
          ],
          [
            14.2185214,
            37.2975997
          ],
          [
            14.2185013,
            37.2974001
          ],
          [
            14.2184517,
            37.2972583
          ],
          [
            14.218398,
            37.2971089
          ],
          [
            14.218331,
            37.2967867
          ],
          [
            14.2183163,
            37.2966705
          ],
          [
            14.2181674,
            37.2962938
          ],
          [
            14.2180145,
            37.2959674
          ],
          [
            14.2178589,
            37.2957497
          ],
          [
            14.2178187,
            37.29569
          ],
          [
            14.2177852,
            37.2955641
          ],
          [
            14.2177315,
            37.2953582
          ],
          [
            14.2176484,
            37.2946509
          ],
          [
            14.2176202,
            37.2945346
          ],
          [
            14.2175706,
            37.2944343
          ],
          [
            14.2175424,
            37.2943052
          ],
          [
            14.2175746,
            37.2941302
          ],
          [
            14.2171454,
            37.2932575
          ]
        ]
      },
      "id": "way/639735648"
    },
    {
      "type": "Feature",
      "properties": {
        "@id": "way/639743513",
        "highway": "service",
        "surface": "paved"
      },
      "geometry": {
        "type": "LineString",
        "coordinates": [
          [
            14.219028,
            37.3119923
          ],
          [
            14.2191115,
            37.312357
          ],
          [
            14.2192161,
            37.3127431
          ],
          [
            14.2192268,
            37.3129351
          ],
          [
            14.2192134,
            37.3132295
          ],
          [
            14.2191893,
            37.3134258
          ],
          [
            14.2192107,
            37.3136199
          ],
          [
            14.2192563,
            37.3136967
          ],
          [
            14.2193234,
            37.3137329
          ],
          [
            14.2194307,
            37.3137564
          ],
          [
            14.219538,
            37.3137393
          ],
          [
            14.2196265,
            37.3136967
          ],
          [
            14.219723,
            37.3136049
          ],
          [
            14.219825,
            37.3135239
          ],
          [
            14.2199859,
            37.3134364
          ],
          [
            14.2203185,
            37.3133106
          ]
        ]
      },
      "id": "way/639743513"
    },
    {
      "type": "Feature",
      "properties": {
        "@id": "way/639747852",
        "highway": "residential",
        "surface": "unpaved"
      },
      "geometry": {
        "type": "LineString",
        "coordinates": [
          [
            14.2203413,
            37.3032879
          ],
          [
            14.2203627,
            37.3032581
          ],
          [
            14.2203896,
            37.3032154
          ],
          [
            14.2205022,
            37.3031417
          ],
          [
            14.22069,
            37.3030362
          ],
          [
            14.2207624,
            37.3029455
          ],
          [
            14.220816,
            37.3028398
          ],
          [
            14.2208576,
            37.3026862
          ],
          [
            14.2209086,
            37.3023513
          ],
          [
            14.2210105,
            37.3019544
          ],
          [
            14.2210159,
            37.3017752
          ],
          [
            14.2212405,
            37.3013671
          ],
          [
            14.2213248,
            37.3011554
          ],
          [
            14.2213583,
            37.3009388
          ],
          [
            14.2214,
            37.3007868
          ],
          [
            14.2213672,
            37.3006615
          ],
          [
            14.2213351,
            37.3002667
          ],
          [
            14.2213136,
            37.3000064
          ],
          [
            14.2212465,
            37.2998102
          ],
          [
            14.221217,
            37.2996245
          ],
          [
            14.221217,
            37.299456
          ],
          [
            14.2212331,
            37.2992511
          ],
          [
            14.2212707,
            37.2990698
          ],
          [
            14.2213324,
            37.298914
          ],
          [
            14.2213806,
            37.2988287
          ],
          [
            14.2214584,
            37.2987625
          ],
          [
            14.2215657,
            37.2986601
          ],
          [
            14.2215791,
            37.298594
          ],
          [
            14.2215684,
            37.298515
          ],
          [
            14.2214906,
            37.2983209
          ],
          [
            14.2213941,
            37.2981416
          ],
          [
            14.221276,
            37.2979688
          ],
          [
            14.2210829,
            37.2977554
          ],
          [
            14.2208603,
            37.2975058
          ],
          [
            14.2207342,
            37.2973522
          ],
          [
            14.2206591,
            37.2972818
          ],
          [
            14.2205304,
            37.2972071
          ]
        ]
      },
      "id": "way/639747852"
    },
    {
      "type": "Feature",
      "properties": {
        "@id": "way/651248745",
        "highway": "service",
        "surface": "unpaved"
      },
      "geometry": {
        "type": "LineString",
        "coordinates": [
          [
            14.2168587,
            37.3021569
          ],
          [
            14.2169016,
            37.3020922
          ],
          [
            14.2169231,
            37.3020458
          ],
          [
            14.2169573,
            37.3019967
          ],
          [
            14.2169692,
            37.3019709
          ],
          [
            14.2169707,
            37.3019433
          ],
          [
            14.2169655,
            37.3019247
          ],
          [
            14.2169555,
            37.3019074
          ],
          [
            14.2169412,
            37.3018921
          ],
          [
            14.2167943,
            37.3017913
          ],
          [
            14.2166944,
            37.301729
          ],
          [
            14.2165227,
            37.3016298
          ]
        ]
      },
      "id": "way/651248745"
    },
    {
      "type": "Feature",
      "properties": {
        "@id": "way/651248746",
        "highway": "service"
      },
      "geometry": {
        "type": "LineString",
        "coordinates": [
          [
            14.2188577,
            37.3003887
          ],
          [
            14.2189085,
            37.300371
          ],
          [
            14.2189622,
            37.3003752
          ],
          [
            14.2190319,
            37.3005373
          ],
          [
            14.2190695,
            37.3006206
          ],
          [
            14.2191124,
            37.3006568
          ],
          [
            14.2191554,
            37.3006653
          ],
          [
            14.2195728,
            37.3006508
          ],
          [
            14.219968,
            37.300644
          ],
          [
            14.2201558,
            37.3006462
          ]
        ]
      },
      "id": "way/651248746"
    },
    {
      "type": "Feature",
      "properties": {
        "@id": "way/651248747",
        "highway": "service"
      },
      "geometry": {
        "type": "LineString",
        "coordinates": [
          [
            14.2189033,
            37.2998315
          ],
          [
            14.2190373,
            37.2998311
          ],
          [
            14.2192117,
            37.2998183
          ],
          [
            14.2194235,
            37.2998012
          ],
          [
            14.2196515,
            37.299782
          ],
          [
            14.2197803,
            37.2997906
          ],
          [
            14.2199198,
            37.2997884
          ],
          [
            14.2200029,
            37.2998012
          ],
          [
            14.2200378,
            37.2998716
          ],
          [
            14.2200539,
            37.2999463
          ],
          [
            14.2200485,
            37.3000487
          ],
          [
            14.2200378,
            37.3001426
          ]
        ]
      },
      "id": "way/651248747"
    },
    {
      "type": "Feature",
      "properties": {
        "@id": "way/651248748",
        "highway": "unclassified"
      },
      "geometry": {
        "type": "LineString",
        "coordinates": [
          [
            14.21887,
            37.300001
          ],
          [
            14.218989,
            37.3000295
          ],
          [
            14.2190722,
            37.3000573
          ],
          [
            14.2191151,
            37.300117
          ]
        ]
      },
      "id": "way/651248748"
    },
    {
      "type": "Feature",
      "properties": {
        "@id": "way/651248749",
        "highway": "unclassified"
      },
      "geometry": {
        "type": "LineString",
        "coordinates": [
          [
            14.2214,
            37.3007868
          ],
          [
            14.2215635,
            37.3007337
          ],
          [
            14.2216855,
            37.3006723
          ],
          [
            14.2218278,
            37.3005914
          ],
          [
            14.2219335,
            37.3005009
          ],
          [
            14.2220636,
            37.3003909
          ],
          [
            14.2222099,
            37.3002518
          ],
          [
            14.2222887,
            37.3001598
          ],
          [
            14.2223558,
            37.300132
          ],
          [
            14.2224363,
            37.300132
          ],
          [
            14.2225328,
            37.3001064
          ],
          [
            14.2226669,
            37.3000552
          ],
          [
            14.2227233,
            37.3000445
          ],
          [
            14.2228761,
            37.3000723
          ],
          [
            14.2230451,
            37.3001192
          ],
          [
            14.2231524,
            37.3001512
          ],
          [
            14.2232034,
            37.3001598
          ],
          [
            14.2232973,
            37.3001363
          ],
          [
            14.2233911,
            37.3000851
          ],
          [
            14.2234931,
            37.3000552
          ],
          [
            14.2236084,
            37.3000317
          ],
          [
            14.2237666,
            37.2999741
          ],
          [
            14.2239437,
            37.2999016
          ],
          [
            14.224118,
            37.2998141
          ],
          [
            14.2242441,
            37.2997672
          ],
          [
            14.2243406,
            37.2997394
          ],
          [
            14.2244265,
            37.299716
          ],
          [
            14.2245043,
            37.299716
          ],
          [
            14.2245686,
            37.2997416
          ],
          [
            14.2245928,
            37.2998034
          ],
          [
            14.2246062,
            37.2998717
          ],
          [
            14.2245794,
            37.2999528
          ],
          [
            14.2245445,
            37.3000445
          ],
          [
            14.2244855,
            37.3001299
          ],
          [
            14.224405,
            37.3002088
          ],
          [
            14.224,
            37.3005694
          ],
          [
            14.2239383,
            37.3006377
          ],
          [
            14.2238605,
            37.3006996
          ],
          [
            14.2237479,
            37.30077
          ],
          [
            14.2236379,
            37.3008489
          ],
          [
            14.2235655,
            37.3009193
          ],
          [
            14.2235011,
            37.300994
          ],
          [
            14.2234287,
            37.3010921
          ],
          [
            14.2234019,
            37.3011412
          ],
          [
            14.2233885,
            37.3011754
          ],
          [
            14.2233938,
            37.3012138
          ],
          [
            14.223426,
            37.3012671
          ],
          [
            14.2234984,
            37.3013226
          ],
          [
            14.2235869,
            37.3013844
          ],
          [
            14.2237291,
            37.3014506
          ],
          [
            14.2239303,
            37.3015317
          ],
          [
            14.2240536,
            37.3015679
          ],
          [
            14.2241904,
            37.3016127
          ],
          [
            14.2242897,
            37.3016575
          ],
          [
            14.2243782,
            37.301728
          ],
          [
            14.224405,
            37.3017813
          ],
          [
            14.2244291,
            37.3018282
          ]
        ]
      },
      "id": "way/651248749"
    },
    {
      "type": "Feature",
      "properties": {
        "@id": "way/651248753",
        "highway": "residential",
        "name": "Via Palestro",
        "surface": "sett"
      },
      "geometry": {
        "type": "LineString",
        "coordinates": [
          [
            14.213079,
            37.3011882
          ],
          [
            14.2128637,
            37.3011711
          ],
          [
            14.2123708,
            37.3011306
          ],
          [
            14.2121353,
            37.3011085
          ],
          [
            14.2118658,
            37.3010832
          ],
          [
            14.2116253,
            37.3010668
          ],
          [
            14.2112411,
            37.3011459
          ]
        ]
      },
      "id": "way/651248753"
    },
    {
      "type": "Feature",
      "properties": {
        "@id": "way/651248754",
        "highway": "residential",
        "name": "Via Villafranca"
      },
      "geometry": {
        "type": "LineString",
        "coordinates": [
          [
            14.213079,
            37.3011882
          ],
          [
            14.2130588,
            37.3013697
          ],
          [
            14.2130233,
            37.3015422
          ]
        ]
      },
      "id": "way/651248754"
    },
    {
      "type": "Feature",
      "properties": {
        "@id": "way/651248755",
        "highway": "residential",
        "name": "Via Isonzo"
      },
      "geometry": {
        "type": "LineString",
        "coordinates": [
          [
            14.2137795,
            37.3011192
          ],
          [
            14.213079,
            37.3011882
          ]
        ]
      },
      "id": "way/651248755"
    },
    {
      "type": "Feature",
      "properties": {
        "@id": "way/651248759",
        "highway": "residential",
        "name": "Via Villafranca"
      },
      "geometry": {
        "type": "LineString",
        "coordinates": [
          [
            14.2130233,
            37.3015422
          ],
          [
            14.2129475,
            37.3020865
          ]
        ]
      },
      "id": "way/651248759"
    },
    {
      "type": "Feature",
      "properties": {
        "@id": "way/651248761",
        "highway": "residential",
        "name": "Via Aspromonte",
        "surface": "paving_stones"
      },
      "geometry": {
        "type": "LineString",
        "coordinates": [
          [
            14.2138975,
            37.30178
          ],
          [
            14.2138406,
            37.3014605
          ],
          [
            14.213809,
            37.3012875
          ],
          [
            14.2137795,
            37.3011192
          ],
          [
            14.2137439,
            37.3009266
          ],
          [
            14.2136717,
            37.3005724
          ],
          [
            14.2136276,
            37.3002921
          ]
        ]
      },
      "id": "way/651248761"
    },
    {
      "type": "Feature",
      "properties": {
        "@id": "way/651248762",
        "highway": "residential",
        "name": "Via Magenta",
        "surface": "sett"
      },
      "geometry": {
        "type": "LineString",
        "coordinates": [
          [
            14.2130233,
            37.3015422
          ],
          [
            14.213073,
            37.3015486
          ],
          [
            14.2132427,
            37.301528
          ],
          [
            14.2134559,
            37.3015021
          ],
          [
            14.2138406,
            37.3014605
          ],
          [
            14.2142801,
            37.3014156
          ]
        ]
      },
      "id": "way/651248762"
    },
    {
      "type": "Feature",
      "properties": {
        "@id": "way/651248769",
        "highway": "residential",
        "name": "Via Roma",
        "oneway": "yes"
      },
      "geometry": {
        "type": "LineString",
        "coordinates": [
          [
            14.2145598,
            37.3032414
          ],
          [
            14.2145782,
            37.3034689
          ]
        ]
      },
      "id": "way/651248769"
    },
    {
      "type": "Feature",
      "properties": {
        "@id": "way/651248775",
        "highway": "residential"
      },
      "geometry": {
        "type": "LineString",
        "coordinates": [
          [
            14.2139535,
            37.3036464
          ],
          [
            14.2139538,
            37.3037388
          ],
          [
            14.2139464,
            37.3038001
          ],
          [
            14.2139444,
            37.3038218
          ],
          [
            14.2139391,
            37.3038894
          ],
          [
            14.2139502,
            37.3039161
          ]
        ]
      },
      "id": "way/651248775"
    },
    {
      "type": "Feature",
      "properties": {
        "@id": "way/651248776",
        "highway": "residential",
        "name": "Via Spagliarisi"
      },
      "geometry": {
        "type": "LineString",
        "coordinates": [
          [
            14.2139502,
            37.3039161
          ],
          [
            14.2137658,
            37.3040005
          ],
          [
            14.2135833,
            37.3040304
          ],
          [
            14.2133286,
            37.3040282
          ],
          [
            14.2131147,
            37.3040884
          ]
        ]
      },
      "id": "way/651248776"
    },
    {
      "type": "Feature",
      "properties": {
        "@id": "way/651248778",
        "highway": "residential",
        "name": "Via Principe di Butera"
      },
      "geometry": {
        "type": "LineString",
        "coordinates": [
          [
            14.216255,
            37.3059007
          ],
          [
            14.2163641,
            37.3059292
          ],
          [
            14.2165635,
            37.3059671
          ],
          [
            14.216647,
            37.3059662
          ],
          [
            14.2168123,
            37.3060141
          ]
        ]
      },
      "id": "way/651248778"
    },
    {
      "type": "Feature",
      "properties": {
        "@id": "way/651248779",
        "highway": "footway",
        "name": "Via Samperi"
      },
      "geometry": {
        "type": "LineString",
        "coordinates": [
          [
            14.2171247,
            37.3062635
          ],
          [
            14.2170892,
            37.3061625
          ],
          [
            14.2170857,
            37.3061194
          ],
          [
            14.2170731,
            37.306025
          ],
          [
            14.217064,
            37.3058625
          ],
          [
            14.2170542,
            37.3057497
          ],
          [
            14.2170515,
            37.3057185
          ],
          [
            14.2169805,
            37.3057137
          ]
        ]
      },
      "id": "way/651248779"
    },
    {
      "type": "Feature",
      "properties": {
        "@id": "way/651248780",
        "highway": "footway",
        "name": "Via Flavio Gioia"
      },
      "geometry": {
        "type": "LineString",
        "coordinates": [
          [
            14.2170591,
            37.3063759
          ],
          [
            14.2169785,
            37.3062641
          ],
          [
            14.2169664,
            37.3061927
          ],
          [
            14.2169481,
            37.3061355
          ],
          [
            14.216934,
            37.306104
          ],
          [
            14.2169269,
            37.3060868
          ],
          [
            14.2169088,
            37.3060661
          ],
          [
            14.2168737,
            37.3060407
          ],
          [
            14.2168123,
            37.3060141
          ]
        ]
      },
      "id": "way/651248780"
    },
    {
      "type": "Feature",
      "properties": {
        "@id": "way/651248781",
        "highway": "pedestrian",
        "name": "Via Sant'Antonio da Padova"
      },
      "geometry": {
        "type": "LineString",
        "coordinates": [
          [
            14.2172971,
            37.306053
          ],
          [
            14.2172985,
            37.3059782
          ],
          [
            14.2172914,
            37.3059247
          ],
          [
            14.2172844,
            37.305891
          ],
          [
            14.2172718,
            37.305863
          ],
          [
            14.2172596,
            37.3058501
          ],
          [
            14.2172253,
            37.3057623
          ],
          [
            14.2172011,
            37.3057123
          ],
          [
            14.2171884,
            37.3056134
          ]
        ]
      },
      "id": "way/651248781"
    },
    {
      "type": "Feature",
      "properties": {
        "@id": "way/651250209",
        "highway": "residential",
        "name": "Via Labate"
      },
      "geometry": {
        "type": "LineString",
        "coordinates": [
          [
            14.2145782,
            37.3034689
          ],
          [
            14.214152,
            37.3035018
          ],
          [
            14.2139778,
            37.303504
          ]
        ]
      },
      "id": "way/651250209"
    },
    {
      "type": "Feature",
      "properties": {
        "@id": "way/651250210",
        "highway": "residential",
        "name": "Via Roma",
        "oneway": "yes"
      },
      "geometry": {
        "type": "LineString",
        "coordinates": [
          [
            14.2145782,
            37.3034689
          ],
          [
            14.2145837,
            37.3038436
          ],
          [
            14.2145826,
            37.3038831
          ],
          [
            14.2145953,
            37.3041708
          ],
          [
            14.2146017,
            37.3043389
          ]
        ]
      },
      "id": "way/651250210"
    },
    {
      "type": "Feature",
      "properties": {
        "@id": "way/651250211",
        "highway": "residential",
        "name": "Via Iacona",
        "oneway": "yes",
        "surface": "sett"
      },
      "geometry": {
        "type": "LineString",
        "coordinates": [
          [
            14.2154552,
            37.3037425
          ],
          [
            14.2153698,
            37.3036938
          ],
          [
            14.2152779,
            37.3036233
          ],
          [
            14.2151967,
            37.3035631
          ],
          [
            14.2151237,
            37.3035945
          ],
          [
            14.2150352,
            37.3036298
          ],
          [
            14.215005,
            37.3036228
          ],
          [
            14.2149814,
            37.3035956
          ],
          [
            14.2148843,
            37.3034639
          ],
          [
            14.2148632,
            37.3034508
          ],
          [
            14.2148428,
            37.3034442
          ],
          [
            14.2147904,
            37.3034543
          ],
          [
            14.2145782,
            37.3034689
          ]
        ]
      },
      "id": "way/651250211"
    },
    {
      "type": "Feature",
      "properties": {
        "@id": "way/651250212",
        "highway": "residential",
        "name": "Via San Giuseppe"
      },
      "geometry": {
        "type": "LineString",
        "coordinates": [
          [
            14.2154717,
            37.3041036
          ],
          [
            14.2154985,
            37.3040853
          ],
          [
            14.2155281,
            37.3039615
          ],
          [
            14.2155045,
            37.3038399
          ],
          [
            14.2154552,
            37.3037425
          ]
        ]
      },
      "id": "way/651250212"
    },
    {
      "type": "Feature",
      "properties": {
        "@id": "way/651250213",
        "highway": "residential",
        "name": "Vicolo Mancuso",
        "surface": "sett"
      },
      "geometry": {
        "type": "LineString",
        "coordinates": [
          [
            14.2154717,
            37.3041036
          ],
          [
            14.2152692,
            37.30408
          ],
          [
            14.2151727,
            37.3040784
          ],
          [
            14.2150666,
            37.3040912
          ],
          [
            14.2147944,
            37.3040996
          ]
        ]
      },
      "id": "way/651250213"
    },
    {
      "type": "Feature",
      "properties": {
        "@id": "way/651250215",
        "highway": "residential",
        "name": "Via Cappuccini",
        "oneway": "yes"
      },
      "geometry": {
        "type": "LineString",
        "coordinates": [
          [
            14.2158204,
            37.3040309
          ],
          [
            14.2157373,
            37.3038063
          ],
          [
            14.2156729,
            37.303593
          ],
          [
            14.2156426,
            37.3035129
          ],
          [
            14.2154905,
            37.3031108
          ],
          [
            14.215039,
            37.3024394
          ],
          [
            14.2149578,
            37.3022975
          ],
          [
            14.2149036,
            37.3020729
          ],
          [
            14.214851,
            37.3019817
          ]
        ]
      },
      "id": "way/651250215"
    },
    {
      "type": "Feature",
      "properties": {
        "@id": "way/651250216",
        "highway": "residential",
        "name": "Via Padre Deodato Cannarozzo"
      },
      "geometry": {
        "type": "LineString",
        "coordinates": [
          [
            14.2143634,
            37.3008533
          ],
          [
            14.2143308,
            37.3007638
          ],
          [
            14.2142381,
            37.3005067
          ],
          [
            14.2141314,
            37.3001854
          ],
          [
            14.2141271,
            37.3001709
          ],
          [
            14.2140944,
            37.2999928
          ],
          [
            14.2141108,
            37.2997961
          ],
          [
            14.2141253,
            37.299728
          ],
          [
            14.2141526,
            37.2996264
          ],
          [
            14.2142106,
            37.299491
          ],
          [
            14.2145072,
            37.298799
          ]
        ]
      },
      "id": "way/651250216"
    },
    {
      "type": "Feature",
      "properties": {
        "@id": "way/749034854",
        "highway": "residential",
        "name": "Via Fico",
        "surface": "paving_stones"
      },
      "geometry": {
        "type": "LineString",
        "coordinates": [
          [
            14.2197179,
            37.3055601
          ],
          [
            14.219715,
            37.3055163
          ],
          [
            14.2197197,
            37.3054603
          ],
          [
            14.2197506,
            37.3054443
          ],
          [
            14.2197981,
            37.3054406
          ],
          [
            14.2200342,
            37.305415
          ]
        ]
      },
      "id": "way/749034854"
    },
    {
      "type": "Feature",
      "properties": {
        "@id": "way/749034855",
        "highway": "footway"
      },
      "geometry": {
        "type": "LineString",
        "coordinates": [
          [
            14.2210856,
            37.3057094
          ],
          [
            14.2210883,
            37.3055473
          ],
          [
            14.2210878,
            37.305517
          ],
          [
            14.2210773,
            37.3054878
          ],
          [
            14.2210574,
            37.305462
          ],
          [
            14.2210324,
            37.3054428
          ],
          [
            14.2210023,
            37.305429
          ],
          [
            14.2209689,
            37.3054214
          ],
          [
            14.2205773,
            37.3053937
          ],
          [
            14.2204613,
            37.3053931
          ],
          [
            14.2204147,
            37.3054502
          ],
          [
            14.2203892,
            37.3054502
          ],
          [
            14.2203544,
            37.3054538
          ]
        ]
      },
      "id": "way/749034855"
    },
    {
      "type": "Feature",
      "properties": {
        "@id": "way/749034856",
        "highway": "residential",
        "name": "Via Fassellari",
        "surface": "paving_stones"
      },
      "geometry": {
        "type": "LineString",
        "coordinates": [
          [
            14.2212532,
            37.304632
          ],
          [
            14.221238,
            37.3046149
          ],
          [
            14.2212184,
            37.3046011
          ],
          [
            14.2211954,
            37.3045911
          ],
          [
            14.2211701,
            37.3045856
          ],
          [
            14.2210763,
            37.3045792
          ],
          [
            14.2209743,
            37.3045488
          ],
          [
            14.2209053,
            37.3045244
          ],
          [
            14.2207859,
            37.3044821
          ],
          [
            14.2207393,
            37.3044669
          ],
          [
            14.2206969,
            37.3044612
          ],
          [
            14.2206538,
            37.3044614
          ],
          [
            14.2206162,
            37.3044683
          ],
          [
            14.2205754,
            37.3044777
          ],
          [
            14.2205398,
            37.3044933
          ],
          [
            14.2203507,
            37.3045936
          ],
          [
            14.2202666,
            37.3045851
          ]
        ]
      },
      "id": "way/749034856"
    },
    {
      "type": "Feature",
      "properties": {
        "@id": "way/749034857",
        "highway": "footway",
        "layer": "-1",
        "tunnel": "yes"
      },
      "geometry": {
        "type": "LineString",
        "coordinates": [
          [
            14.2197374,
            37.3049421
          ],
          [
            14.2197896,
            37.3049097
          ]
        ]
      },
      "id": "way/749034857"
    },
    {
      "type": "Feature",
      "properties": {
        "@id": "way/749034858",
        "highway": "residential",
        "name": "Via Fassellari",
        "surface": "paving_stones"
      },
      "geometry": {
        "type": "LineString",
        "coordinates": [
          [
            14.2188635,
            37.3055233
          ],
          [
            14.2188983,
            37.3054694
          ],
          [
            14.2189535,
            37.3054185
          ],
          [
            14.2192041,
            37.3052832
          ],
          [
            14.2193507,
            37.3051768
          ],
          [
            14.2195286,
            37.3050602
          ],
          [
            14.2196149,
            37.3049947
          ],
          [
            14.2197278,
            37.304906
          ]
        ]
      },
      "id": "way/749034858"
    },
    {
      "type": "Feature",
      "properties": {
        "@id": "way/749034859",
        "highway": "unclassified"
      },
      "geometry": {
        "type": "LineString",
        "coordinates": [
          [
            14.2054894,
            37.293538
          ],
          [
            14.2055556,
            37.293887
          ],
          [
            14.2056119,
            37.2939531
          ],
          [
            14.2057085,
            37.2939936
          ],
          [
            14.2058668,
            37.2940022
          ],
          [
            14.2060357,
            37.2940449
          ],
          [
            14.206135,
            37.2940769
          ],
          [
            14.2062262,
            37.2940854
          ],
          [
            14.2065158,
            37.2940747
          ],
          [
            14.2066231,
            37.2940833
          ],
          [
            14.2066929,
            37.2941238
          ],
          [
            14.2067385,
            37.2941836
          ],
          [
            14.2067707,
            37.294286
          ],
          [
            14.2067841,
            37.2944588
          ],
          [
            14.2068109,
            37.2946871
          ],
          [
            14.2067707,
            37.2948258
          ],
          [
            14.2067036,
            37.2951246
          ],
          [
            14.2066956,
            37.2953209
          ],
          [
            14.2066956,
            37.295658
          ],
          [
            14.2067251,
            37.296025
          ],
          [
            14.2067143,
            37.2961338
          ],
          [
            14.2066741,
            37.2962405
          ],
          [
            14.2065913,
            37.2964499
          ]
        ]
      },
      "id": "way/749034859"
    },
    {
      "type": "Feature",
      "properties": {
        "@id": "way/749037158",
        "highway": "residential",
        "name": "Via Fonadaco Vecchio",
        "surface": "paving_stones"
      },
      "geometry": {
        "type": "LineString",
        "coordinates": [
          [
            14.218152,
            37.303775
          ],
          [
            14.2181485,
            37.3036698
          ],
          [
            14.2181409,
            37.3035298
          ]
        ]
      },
      "id": "way/749037158"
    },
    {
      "type": "Feature",
      "properties": {
        "@id": "way/749037159",
        "highway": "residential",
        "name": "Via Pozzo Catenaccio",
        "surface": "asphalt"
      },
      "geometry": {
        "type": "LineString",
        "coordinates": [
          [
            14.2178321,
            37.303306
          ],
          [
            14.2178455,
            37.3033338
          ],
          [
            14.2180172,
            37.3034671
          ],
          [
            14.2180896,
            37.303513
          ],
          [
            14.2181409,
            37.3035298
          ]
        ]
      },
      "id": "way/749037159"
    },
    {
      "type": "Feature",
      "properties": {
        "@id": "way/749037160",
        "highway": "service",
        "service": "driveway"
      },
      "geometry": {
        "type": "LineString",
        "coordinates": [
          [
            14.2080611,
            37.3027341
          ],
          [
            14.20805,
            37.3027638
          ]
        ]
      },
      "id": "way/749037160"
    },
    {
      "type": "Feature",
      "properties": {
        "@id": "way/749044088",
        "highway": "track",
        "surface": "ground",
        "tracktype": "grade3"
      },
      "geometry": {
        "type": "LineString",
        "coordinates": [
          [
            14.2147859,
            37.3089742
          ],
          [
            14.2148253,
            37.3090973
          ],
          [
            14.2148656,
            37.3092039
          ],
          [
            14.2149755,
            37.3093511
          ],
          [
            14.2149889,
            37.3094173
          ],
          [
            14.2149675,
            37.3094877
          ],
          [
            14.2147475,
            37.3098354
          ],
          [
            14.2146805,
            37.3099442
          ],
          [
            14.2146483,
            37.310036
          ],
          [
            14.2146322,
            37.3101618
          ],
          [
            14.2146161,
            37.3103176
          ],
          [
            14.2146108,
            37.3105181
          ],
          [
            14.2145866,
            37.31058
          ],
          [
            14.214541,
            37.3106354
          ],
          [
            14.214482,
            37.3106952
          ],
          [
            14.2144096,
            37.3107464
          ],
          [
            14.2143318,
            37.3107912
          ],
          [
            14.2142004,
            37.3108402
          ],
          [
            14.2140153,
            37.3109
          ],
          [
            14.2139456,
            37.3109448
          ],
          [
            14.2139026,
            37.3110024
          ],
          [
            14.2137524,
            37.3112818
          ],
          [
            14.2137283,
            37.3113586
          ],
          [
            14.2137203,
            37.3114461
          ],
          [
            14.2137471,
            37.3115293
          ],
          [
            14.213782,
            37.3117106
          ],
          [
            14.2137766,
            37.3117981
          ],
          [
            14.2137444,
            37.3118749
          ],
          [
            14.21368,
            37.3119666
          ],
          [
            14.2135593,
            37.3120754
          ],
          [
            14.2134547,
            37.3121458
          ],
          [
            14.2133448,
            37.3121842
          ],
          [
            14.2131355,
            37.3122269
          ],
          [
            14.2129934,
            37.3122631
          ],
          [
            14.2128351,
            37.3123207
          ],
          [
            14.2126849,
            37.3124082
          ],
          [
            14.2125455,
            37.3125085
          ],
          [
            14.2124516,
            37.3126109
          ],
          [
            14.2124167,
            37.3127431
          ],
          [
            14.2123926,
            37.3128775
          ],
          [
            14.2123872,
            37.3129778
          ],
          [
            14.2124033,
            37.3130503
          ],
          [
            14.2124516,
            37.3131634
          ],
          [
            14.212473,
            37.3132828
          ],
          [
            14.212465,
            37.3133916
          ],
          [
            14.2124435,
            37.3134727
          ],
          [
            14.2124167,
            37.3135303
          ],
          [
            14.212355,
            37.3136007
          ],
          [
            14.2121431,
            37.313782
          ],
          [
            14.2120331,
            37.3138545
          ],
          [
            14.211832,
            37.3139676
          ],
          [
            14.2117652,
            37.3140439
          ],
          [
            14.2117274,
            37.3140871
          ],
          [
            14.2116094,
            37.3141639
          ],
          [
            14.2115048,
            37.3142407
          ],
          [
            14.2113841,
            37.3143686
          ],
          [
            14.2112365,
            37.3145372
          ],
          [
            14.2110944,
            37.3147078
          ],
          [
            14.2110139,
            37.3147569
          ],
          [
            14.2109013,
            37.3147718
          ],
          [
            14.2107671,
            37.3147889
          ],
          [
            14.2104989,
            37.314791
          ],
          [
            14.2102736,
            37.3147676
          ],
          [
            14.2098793,
            37.3146524
          ],
          [
            14.209756,
            37.3146012
          ],
          [
            14.209654,
            37.314535
          ],
          [
            14.2095682,
            37.3144518
          ],
          [
            14.2095038,
            37.3143708
          ],
          [
            14.2094368,
            37.3142449
          ],
          [
            14.2093912,
            37.314102
          ],
          [
            14.2093831,
            37.3139996
          ],
          [
            14.2094073,
            37.3138652
          ],
          [
            14.2094985,
            37.3135921
          ],
          [
            14.2094824,
            37.3132487
          ],
          [
            14.2094851,
            37.3130908
          ],
          [
            14.2095306,
            37.3129884
          ],
          [
            14.2099303,
            37.3125938
          ],
          [
            14.2100644,
            37.3124061
          ],
          [
            14.2101154,
            37.3122546
          ],
          [
            14.2100859,
            37.3119879
          ],
          [
            14.2100242,
            37.3117703
          ],
          [
            14.2099142,
            37.311621
          ]
        ]
      },
      "id": "way/749044088"
    },
    {
      "type": "Feature",
      "properties": {
        "@id": "way/749044089",
        "highway": "residential",
        "name": "Via Bivona",
        "surface": "sett"
      },
      "geometry": {
        "type": "LineString",
        "coordinates": [
          [
            14.2152759,
            37.3077287
          ],
          [
            14.2151894,
            37.3076903
          ],
          [
            14.2151589,
            37.3076743
          ],
          [
            14.2151251,
            37.3076482
          ],
          [
            14.2150091,
            37.3075485
          ],
          [
            14.2149695,
            37.3075089
          ],
          [
            14.2149521,
            37.3074887
          ],
          [
            14.2149347,
            37.3074594
          ],
          [
            14.2148784,
            37.3073206
          ],
          [
            14.2148707,
            37.3072826
          ],
          [
            14.2148715,
            37.3072577
          ],
          [
            14.2148782,
            37.3072304
          ],
          [
            14.214891,
            37.3072044
          ],
          [
            14.2149206,
            37.3071595
          ],
          [
            14.2149332,
            37.3071324
          ],
          [
            14.2149374,
            37.3071009
          ],
          [
            14.2149313,
            37.3070695
          ],
          [
            14.2149165,
            37.3070481
          ],
          [
            14.2148898,
            37.3070349
          ]
        ]
      },
      "id": "way/749044089"
    },
    {
      "type": "Feature",
      "properties": {
        "@id": "way/749044090",
        "highway": "track",
        "tracktype": "grade2"
      },
      "geometry": {
        "type": "LineString",
        "coordinates": [
          [
            14.2126125,
            37.3062279
          ],
          [
            14.2126876,
            37.3063558
          ],
          [
            14.2127681,
            37.3065308
          ],
          [
            14.2128646,
            37.3066481
          ],
          [
            14.2129612,
            37.3067164
          ],
          [
            14.2130738,
            37.3067697
          ],
          [
            14.2132267,
            37.3068167
          ],
          [
            14.2134842,
            37.3068273
          ],
          [
            14.2137042,
            37.3068572
          ],
          [
            14.2138597,
            37.3068657
          ],
          [
            14.2144981,
            37.3068721
          ],
          [
            14.2147073,
            37.3068849
          ],
          [
            14.2148361,
            37.3069233
          ],
          [
            14.2149232,
            37.3069724
          ]
        ]
      },
      "id": "way/749044090"
    },
    {
      "type": "Feature",
      "properties": {
        "@id": "way/749849602",
        "bridge": "yes",
        "highway": "service",
        "layer": "1",
        "surface": "paved",
        "tracktype": "grade1"
      },
      "geometry": {
        "type": "LineString",
        "coordinates": [
          [
            14.2197993,
            37.2974919
          ],
          [
            14.2198838,
            37.297495
          ]
        ]
      },
      "id": "way/749849602"
    },
    {
      "type": "Feature",
      "properties": {
        "@id": "way/749849603",
        "highway": "service",
        "surface": "asphalt"
      },
      "geometry": {
        "type": "LineString",
        "coordinates": [
          [
            14.2196883,
            37.2974841
          ],
          [
            14.2197993,
            37.2974919
          ]
        ]
      },
      "id": "way/749849603"
    },
    {
      "type": "Feature",
      "properties": {
        "@id": "way/825449216",
        "highway": "unclassified",
        "oneway": "yes"
      },
      "geometry": {
        "type": "LineString",
        "coordinates": [
          [
            14.196667,
            37.3083021
          ],
          [
            14.1966775,
            37.3082637
          ],
          [
            14.1966728,
            37.3082263
          ],
          [
            14.1966483,
            37.3081795
          ]
        ]
      },
      "id": "way/825449216"
    },
    {
      "type": "Feature",
      "properties": {
        "@id": "way/825449217",
        "highway": "unclassified",
        "oneway": "yes"
      },
      "geometry": {
        "type": "LineString",
        "coordinates": [
          [
            14.196667,
            37.3083021
          ],
          [
            14.1967291,
            37.3082487
          ],
          [
            14.1967499,
            37.3082109
          ],
          [
            14.1967835,
            37.3081798
          ]
        ]
      },
      "id": "way/825449217"
    },
    {
      "type": "Feature",
      "properties": {
        "@id": "way/825449218",
        "highway": "unclassified",
        "oneway": "yes"
      },
      "geometry": {
        "type": "LineString",
        "coordinates": [
          [
            14.1969808,
            37.3081786
          ],
          [
            14.1968049,
            37.3082658
          ],
          [
            14.1967345,
            37.3082882
          ],
          [
            14.196667,
            37.3083021
          ]
        ]
      },
      "id": "way/825449218"
    },
    {
      "type": "Feature",
      "properties": {
        "@id": "way/857847844",
        "highway": "track",
        "tracktype": "grade2"
      },
      "geometry": {
        "type": "LineString",
        "coordinates": [
          [
            14.2182502,
            37.3156273
          ],
          [
            14.2181808,
            37.3156998
          ],
          [
            14.2181191,
            37.3158619
          ],
          [
            14.2180252,
            37.3159856
          ],
          [
            14.2179501,
            37.3160475
          ],
          [
            14.2177302,
            37.3161776
          ],
          [
            14.2174405,
            37.3164293
          ],
          [
            14.2171857,
            37.3165893
          ],
          [
            14.2170086,
            37.3167024
          ],
          [
            14.2169201,
            37.3167791
          ],
          [
            14.2168665,
            37.3168687
          ],
          [
            14.2168316,
            37.3169733
          ],
          [
            14.2168236,
            37.3170778
          ],
          [
            14.2168424,
            37.3172378
          ],
          [
            14.2169094,
            37.3173978
          ],
          [
            14.2169684,
            37.3175321
          ],
          [
            14.2170301,
            37.3177412
          ],
          [
            14.2170945,
            37.3179289
          ],
          [
            14.2171347,
            37.3180974
          ],
          [
            14.2171267,
            37.3182083
          ],
          [
            14.2170972,
            37.3184686
          ],
          [
            14.2171052,
            37.3185795
          ],
          [
            14.2171374,
            37.3186414
          ],
          [
            14.2172259,
            37.3187118
          ],
          [
            14.2175102,
            37.3188632
          ]
        ]
      },
      "id": "way/857847844"
    },
    {
      "type": "Feature",
      "properties": {
        "@id": "way/857847845",
        "highway": "track",
        "tracktype": "grade3"
      },
      "geometry": {
        "type": "LineString",
        "coordinates": [
          [
            14.2175102,
            37.3188632
          ],
          [
            14.2180654,
            37.3191725
          ],
          [
            14.2182505,
            37.3192898
          ],
          [
            14.2183176,
            37.3193538
          ],
          [
            14.218331,
            37.3194434
          ],
          [
            14.2183095,
            37.3195906
          ],
          [
            14.218272,
            37.3197847
          ],
          [
            14.2181942,
            37.3199447
          ],
          [
            14.218162,
            37.3200364
          ],
          [
            14.2181432,
            37.3201302
          ],
          [
            14.2181352,
            37.3203628
          ],
          [
            14.2181218,
            37.3205163
          ],
          [
            14.2180896,
            37.3206251
          ],
          [
            14.2180601,
            37.3206848
          ],
          [
            14.2180064,
            37.3207403
          ],
          [
            14.2178589,
            37.3207979
          ],
          [
            14.2177302,
            37.3208406
          ],
          [
            14.2175961,
            37.3209173
          ],
          [
            14.2173734,
            37.3210645
          ],
          [
            14.2173144,
            37.3211029
          ],
          [
            14.2172259,
            37.3211413
          ],
          [
            14.2169282,
            37.3212352
          ],
          [
            14.2168102,
            37.3212821
          ],
          [
            14.2165178,
            37.3214698
          ],
          [
            14.2161128,
            37.32173
          ],
          [
            14.2160135,
            37.3217769
          ],
          [
            14.2158473,
            37.3218324
          ],
          [
            14.2157507,
            37.3218857
          ],
          [
            14.2156917,
            37.3219668
          ],
          [
            14.2156461,
            37.3220734
          ],
          [
            14.2155468,
            37.3224894
          ],
          [
            14.2155093,
            37.3225768
          ],
          [
            14.2154556,
            37.3226408
          ],
          [
            14.2153537,
            37.3227133
          ],
          [
            14.2151821,
            37.3228008
          ],
          [
            14.2149943,
            37.3228712
          ],
          [
            14.2148173,
            37.3229245
          ],
          [
            14.2146671,
            37.3229501
          ],
          [
            14.2145276,
            37.3229544
          ],
          [
            14.2143801,
            37.3231122
          ],
          [
            14.2141065,
            37.3232103
          ],
          [
            14.2137015,
            37.3233852
          ],
          [
            14.2131999,
            37.3235644
          ],
          [
            14.2130068,
            37.3236476
          ],
          [
            14.2128727,
            37.3238502
          ],
          [
            14.2124838,
            37.3243962
          ],
          [
            14.212355,
            37.3248207
          ],
          [
            14.212296,
            37.3249359
          ],
          [
            14.2122665,
            37.3249913
          ],
          [
            14.2121512,
            37.325098
          ],
          [
            14.2119902,
            37.3252409
          ],
          [
            14.2119473,
            37.325307
          ],
          [
            14.2118695,
            37.3254926
          ],
          [
            14.2117757,
            37.3256632
          ],
          [
            14.2117354,
            37.325772
          ],
          [
            14.2116925,
            37.3259362
          ],
          [
            14.2116791,
            37.3260684
          ],
          [
            14.2117596,
            37.3265462
          ],
          [
            14.2117703,
            37.3266614
          ],
          [
            14.2117462,
            37.3268085
          ],
          [
            14.2117247,
            37.3269834
          ],
          [
            14.2117113,
            37.3271391
          ],
          [
            14.2117354,
            37.327346
          ],
          [
            14.2117408,
            37.3275508
          ],
          [
            14.2117113,
            37.3278195
          ],
          [
            14.2116898,
            37.3278899
          ],
          [
            14.2116603,
            37.327939
          ],
          [
            14.2115048,
            37.3280413
          ],
          [
            14.2112231,
            37.3282866
          ],
          [
            14.2105418,
            37.3289286
          ],
          [
            14.2101235,
            37.3292574
          ]
        ]
      },
      "id": "way/857847845"
    },
    {
      "type": "Feature",
      "properties": {
        "@id": "way/857850898",
        "highway": "steps",
        "surface": "ground"
      },
      "geometry": {
        "type": "LineString",
        "coordinates": [
          [
            14.214946,
            37.3090844
          ],
          [
            14.2150587,
            37.3090866
          ],
          [
            14.2151606,
            37.3090951
          ],
          [
            14.2154288,
            37.3092317
          ],
          [
            14.2158312,
            37.3094727
          ],
          [
            14.2160216,
            37.3095773
          ],
          [
            14.2160726,
            37.309637
          ],
          [
            14.2161007,
            37.309732
          ]
        ]
      },
      "id": "way/857850898"
    },
    {
      "type": "Feature",
      "properties": {
        "@id": "way/857853801",
        "highway": "track",
        "tracktype": "grade4"
      },
      "geometry": {
        "type": "LineString",
        "coordinates": [
          [
            14.2254615,
            37.3070433
          ],
          [
            14.2255515,
            37.3071239
          ],
          [
            14.2256775,
            37.307237
          ],
          [
            14.2257044,
            37.3073074
          ],
          [
            14.2257473,
            37.3075143
          ],
          [
            14.2258197,
            37.3076466
          ],
          [
            14.2259404,
            37.3077916
          ],
          [
            14.2261898,
            37.3080818
          ],
          [
            14.2263159,
            37.308261
          ],
          [
            14.2264876,
            37.3083911
          ],
          [
            14.2266726,
            37.3084935
          ],
          [
            14.2270133,
            37.3086237
          ],
          [
            14.2272413,
            37.3086834
          ],
          [
            14.2274746,
            37.3087047
          ],
          [
            14.2277643,
            37.3087133
          ],
          [
            14.2281747,
            37.3087495
          ],
          [
            14.2286763,
            37.3088242
          ],
          [
            14.2293441,
            37.3089501
          ],
          [
            14.2296526,
            37.3089949
          ],
          [
            14.2298645,
            37.3090589
          ],
          [
            14.2301354,
            37.3092018
          ],
          [
            14.2302534,
            37.3092445
          ],
          [
            14.2303982,
            37.3093789
          ],
          [
            14.2305109,
            37.3096157
          ],
          [
            14.2306048,
            37.3098248
          ],
          [
            14.2307523,
            37.3100637
          ],
          [
            14.2308381,
            37.3102322
          ],
          [
            14.2309454,
            37.3103389
          ],
          [
            14.2311412,
            37.3104818
          ],
          [
            14.2312807,
            37.3106461
          ],
          [
            14.2313396,
            37.3106988
          ]
        ]
      },
      "id": "way/857853801"
    },
    {
      "type": "Feature",
      "properties": {
        "@id": "way/857853802",
        "highway": "track",
        "tracktype": "grade3"
      },
      "geometry": {
        "type": "LineString",
        "coordinates": [
          [
            14.2247683,
            37.310676
          ],
          [
            14.224771,
            37.3107784
          ],
          [
            14.2248031,
            37.3108445
          ],
          [
            14.2248461,
            37.3108829
          ],
          [
            14.2249131,
            37.3108978
          ],
          [
            14.2250043,
            37.3109106
          ],
          [
            14.2250821,
            37.3109298
          ],
          [
            14.2251384,
            37.3109576
          ],
          [
            14.2252243,
            37.3110408
          ],
          [
            14.2253423,
            37.3111197
          ],
          [
            14.2254764,
            37.3111837
          ],
          [
            14.2256212,
            37.3112669
          ],
          [
            14.2256695,
            37.3113181
          ],
          [
            14.2256856,
            37.3113543
          ],
          [
            14.2256561,
            37.3114333
          ],
          [
            14.2255971,
            37.311621
          ],
          [
            14.225581,
            37.3117511
          ],
          [
            14.225589,
            37.3119687
          ],
          [
            14.2255622,
            37.3120797
          ],
          [
            14.2254844,
            37.3122397
          ],
          [
            14.2253128,
            37.3124722
          ]
        ]
      },
      "id": "way/857853802"
    },
    {
      "type": "Feature",
      "properties": {
        "@id": "way/857853803",
        "highway": "track",
        "surface": "paved",
        "tracktype": "grade1"
      },
      "geometry": {
        "type": "LineString",
        "coordinates": [
          [
            14.2227047,
            37.3090863
          ],
          [
            14.222829,
            37.3091655
          ],
          [
            14.222939,
            37.3092743
          ],
          [
            14.2232528,
            37.3095048
          ],
          [
            14.2235211,
            37.3097202
          ],
          [
            14.2237893,
            37.3099464
          ],
          [
            14.2239529,
            37.3100402
          ],
          [
            14.2240602,
            37.3100808
          ],
          [
            14.2241782,
            37.3100978
          ],
          [
            14.2244571,
            37.310164
          ],
          [
            14.2246717,
            37.3102536
          ],
          [
            14.224838,
            37.3103304
          ],
          [
            14.224956,
            37.3103965
          ],
          [
            14.2249721,
            37.3104434
          ],
          [
            14.2249534,
            37.3104968
          ],
          [
            14.2248246,
            37.3106013
          ],
          [
            14.2247683,
            37.310676
          ]
        ]
      },
      "id": "way/857853803"
    },
    {
      "type": "Feature",
      "properties": {
        "@id": "way/857893962",
        "highway": "track",
        "tracktype": "grade4"
      },
      "geometry": {
        "type": "LineString",
        "coordinates": [
          [
            14.2205541,
            37.3112307
          ],
          [
            14.2205867,
            37.3113309
          ],
          [
            14.2206538,
            37.3113991
          ],
          [
            14.2208415,
            37.3115335
          ],
          [
            14.2211929,
            37.3118621
          ],
          [
            14.2214933,
            37.3121479
          ],
          [
            14.2218152,
            37.3125234
          ],
          [
            14.2219278,
            37.3126493
          ],
          [
            14.2220297,
            37.312726
          ],
          [
            14.2222819,
            37.3129394
          ],
          [
            14.2225555,
            37.313206
          ],
          [
            14.2227137,
            37.3133959
          ],
          [
            14.2229524,
            37.3137031
          ],
          [
            14.223226,
            37.3140188
          ],
          [
            14.2233574,
            37.3141404
          ],
          [
            14.2236149,
            37.3143473
          ],
          [
            14.2237088,
            37.3144369
          ],
          [
            14.2240012,
            37.3146801
          ],
          [
            14.2241514,
            37.3148017
          ],
          [
            14.2242935,
            37.3148785
          ],
          [
            14.2244786,
            37.3149446
          ],
          [
            14.2248782,
            37.3150598
          ],
          [
            14.2252725,
            37.3151686
          ],
          [
            14.2256185,
            37.3152262
          ],
          [
            14.2259243,
            37.3152475
          ],
          [
            14.2263401,
            37.3152689
          ],
          [
            14.2265332,
            37.3152689
          ],
          [
            14.2267585,
            37.3152198
          ],
          [
            14.2270374,
            37.315175
          ],
          [
            14.2272788,
            37.3151643
          ],
          [
            14.2274719,
            37.3151814
          ],
          [
            14.2276061,
            37.3152155
          ],
          [
            14.2276651,
            37.3152667
          ],
          [
            14.2276543,
            37.315367
          ],
          [
            14.2276329,
            37.315448
          ],
          [
            14.2276329,
            37.3155142
          ],
          [
            14.2277053,
            37.3155803
          ],
          [
            14.2277804,
            37.3156379
          ],
          [
            14.2278743,
            37.3156592
          ]
        ]
      },
      "id": "way/857893962"
    },
    {
      "type": "Feature",
      "properties": {
        "@id": "way/857894858",
        "highway": "service",
        "surface": "ground"
      },
      "geometry": {
        "type": "LineString",
        "coordinates": [
          [
            14.2182662,
            37.3155164
          ],
          [
            14.2181405,
            37.3156102
          ],
          [
            14.2180306,
            37.315751
          ],
          [
            14.2178348,
            37.3159685
          ],
          [
            14.2174324,
            37.3163269
          ],
          [
            14.2173842,
            37.3163376
          ],
          [
            14.217352,
            37.3163141
          ],
          [
            14.2173547,
            37.3162736
          ],
          [
            14.2173895,
            37.3161989
          ],
          [
            14.2174512,
            37.3160432
          ],
          [
            14.2175236,
            37.3158427
          ],
          [
            14.2175344,
            37.3157488
          ],
          [
            14.2175209,
            37.3153798
          ]
        ]
      },
      "id": "way/857894858"
    },
    {
      "type": "Feature",
      "properties": {
        "@id": "way/1086789179",
        "highway": "unclassified",
        "lanes": "1",
        "surface": "concrete"
      },
      "geometry": {
        "type": "LineString",
        "coordinates": [
          [
            14.1974464,
            37.3018701
          ],
          [
            14.1970182,
            37.3018817
          ],
          [
            14.1968942,
            37.3017567
          ],
          [
            14.1967371,
            37.3014542
          ],
          [
            14.1959641,
            37.3018258
          ],
          [
            14.1955921,
            37.3019507
          ],
          [
            14.1952614,
            37.3020297
          ],
          [
            14.1941164,
            37.3020165
          ],
          [
            14.1937113,
            37.3020132
          ],
          [
            14.1935253,
            37.3019836
          ],
          [
            14.1941164,
            37.3010235
          ],
          [
            14.1943231,
            37.3005533
          ],
          [
            14.1948124,
            37.300555
          ],
          [
            14.1951526,
            37.3004175
          ],
          [
            14.1955541,
            37.300209
          ],
          [
            14.1958943,
            37.3003554
          ],
          [
            14.1961396,
            37.3005506
          ],
          [
            14.1963348,
            37.3006881
          ],
          [
            14.1964185,
            37.3007768
          ],
          [
            14.1967371,
            37.3014542
          ]
        ]
      },
      "id": "way/1086789179"
    },
    {
      "type": "Feature",
      "properties": {
        "@id": "way/1087016154",
        "highway": "track"
      },
      "geometry": {
        "type": "LineString",
        "coordinates": [
          [
            14.1970182,
            37.3018817
          ],
          [
            14.1968238,
            37.3019747
          ],
          [
            14.196731,
            37.3020485
          ],
          [
            14.1964967,
            37.3022737
          ],
          [
            14.1963014,
            37.3024097
          ],
          [
            14.1960573,
            37.3025262
          ],
          [
            14.1957351,
            37.3027125
          ],
          [
            14.1954129,
            37.3028407
          ],
          [
            14.1952226,
            37.3029378
          ],
          [
            14.1948369,
            37.3032368
          ],
          [
            14.1946758,
            37.3033727
          ],
          [
            14.1945578,
            37.3034277
          ],
          [
            14.1943754,
            37.3034747
          ],
          [
            14.1942627,
            37.3034661
          ],
          [
            14.194142,
            37.3035067
          ],
          [
            14.1938362,
            37.3037947
          ],
          [
            14.1937209,
            37.3039014
          ],
          [
            14.1935492,
            37.3039867
          ],
          [
            14.1933293,
            37.3040102
          ],
          [
            14.1930852,
            37.3039825
          ],
          [
            14.1930208,
            37.3039483
          ],
          [
            14.1929216,
            37.3038843
          ],
          [
            14.192817,
            37.3038288
          ],
          [
            14.1926292,
            37.3037926
          ],
          [
            14.1923691,
            37.3037392
          ],
          [
            14.192184,
            37.303639
          ],
          [
            14.1920311,
            37.303496
          ],
          [
            14.1919667,
            37.3033872
          ],
          [
            14.1919292,
            37.3032997
          ],
          [
            14.1916932,
            37.303112
          ],
          [
            14.1914732,
            37.3029157
          ],
          [
            14.1910923,
            37.3025508
          ],
          [
            14.1907812,
            37.3022927
          ],
          [
            14.1907007,
            37.302186
          ],
          [
            14.190631,
            37.3020921
          ],
          [
            14.1905103,
            37.3019577
          ],
          [
            14.1903547,
            37.3017892
          ],
          [
            14.1902528,
            37.3016377
          ],
          [
            14.1901777,
            37.3015246
          ],
          [
            14.1901106,
            37.3013326
          ],
          [
            14.189947,
            37.3009059
          ],
          [
            14.1898585,
            37.3007501
          ],
          [
            14.1895849,
            37.3003917
          ]
        ]
      },
      "id": "way/1087016154"
    },
    {
      "type": "Feature",
      "properties": {
        "@id": "way/1087016910",
        "highway": "track"
      },
      "geometry": {
        "type": "LineString",
        "coordinates": [
          [
            14.1969261,
            37.2983076
          ],
          [
            14.1965022,
            37.2989551
          ],
          [
            14.1961068,
            37.2994871
          ],
          [
            14.195726,
            37.2999881
          ],
          [
            14.1955541,
            37.300209
          ]
        ]
      },
      "id": "way/1087016910"
    },
    {
      "type": "Feature",
      "properties": {
        "@id": "way/1087188665",
        "highway": "track"
      },
      "geometry": {
        "type": "LineString",
        "coordinates": [
          [
            14.1975186,
            37.289305
          ],
          [
            14.1972831,
            37.2893669
          ],
          [
            14.1970532,
            37.2893798
          ],
          [
            14.1968297,
            37.2896529
          ],
          [
            14.196616,
            37.2900446
          ],
          [
            14.1964799,
            37.2904671
          ],
          [
            14.1964281,
            37.290748
          ],
          [
            14.1963634,
            37.2909258
          ],
          [
            14.1961431,
            37.2914566
          ],
          [
            14.1960265,
            37.2918018
          ],
          [
            14.1959067,
            37.2922115
          ],
          [
            14.195816,
            37.2922862
          ],
          [
            14.1956865,
            37.2923687
          ],
          [
            14.1955634,
            37.2924795
          ],
          [
            14.1955083,
            37.2926624
          ],
          [
            14.195531,
            37.2928221
          ],
          [
            14.1956767,
            37.2930437
          ],
          [
            14.196046,
            37.2933555
          ],
          [
            14.1964443,
            37.2935436
          ],
          [
            14.1967682,
            37.2937136
          ],
          [
            14.1974192,
            37.2941619
          ],
          [
            14.1976005,
            37.2943629
          ],
          [
            14.197905,
            37.2948215
          ],
          [
            14.1983033,
            37.2954476
          ],
          [
            14.1984944,
            37.2957568
          ],
          [
            14.1984977,
            37.2959011
          ]
        ]
      },
      "id": "way/1087188665"
    },
    {
      "type": "Feature",
      "properties": {
        "@id": "way/1088509955",
        "highway": "track"
      },
      "geometry": {
        "type": "LineString",
        "coordinates": [
          [
            14.2117652,
            37.3140439
          ],
          [
            14.2117652,
            37.3140827
          ],
          [
            14.2117888,
            37.3140934
          ],
          [
            14.2118191,
            37.3140907
          ],
          [
            14.2118764,
            37.3140425
          ],
          [
            14.2119639,
            37.3139983
          ],
          [
            14.2121945,
            37.3139716
          ],
          [
            14.2125026,
            37.3139649
          ],
          [
            14.2127568,
            37.3139314
          ],
          [
            14.212841,
            37.313914
          ],
          [
            14.2130177,
            37.3139167
          ],
          [
            14.213149,
            37.31391
          ],
          [
            14.2133275,
            37.3138738
          ],
          [
            14.2135564,
            37.3137868
          ],
          [
            14.2138258,
            37.3136797
          ],
          [
            14.213979,
            37.3136382
          ],
          [
            14.2140514,
            37.3136221
          ],
          [
            14.2140985,
            37.31359
          ],
          [
            14.2141709,
            37.3134895
          ],
          [
            14.2141793,
            37.3134534
          ],
          [
            14.2142382,
            37.3133557
          ],
          [
            14.2145059,
            37.3130249
          ],
          [
            14.2145631,
            37.3129406
          ],
          [
            14.2146305,
            37.3128241
          ],
          [
            14.2146692,
            37.312788
          ],
          [
            14.2147652,
            37.3127076
          ],
          [
            14.2148476,
            37.3126621
          ],
          [
            14.2149487,
            37.3126206
          ],
          [
            14.2153224,
            37.3125818
          ],
          [
            14.2153628,
            37.3125603
          ],
          [
            14.2155345,
            37.3125376
          ],
          [
            14.2157045,
            37.3125255
          ],
          [
            14.2158173,
            37.3125202
          ],
          [
            14.2158594,
            37.3124988
          ],
          [
            14.2160345,
            37.3124626
          ],
          [
            14.2161809,
            37.312397
          ],
          [
            14.2162533,
            37.3123595
          ],
          [
            14.2167701,
            37.31199
          ],
          [
            14.2168072,
            37.3119444
          ],
          [
            14.2168308,
            37.3119297
          ],
          [
            14.2169065,
            37.3118039
          ],
          [
            14.2169334,
            37.3117798
          ],
          [
            14.2169385,
            37.3117597
          ],
          [
            14.2169907,
            37.3116847
          ],
          [
            14.2171035,
            37.3115615
          ],
          [
            14.2172415,
            37.3114397
          ],
          [
            14.2173577,
            37.3113674
          ],
          [
            14.2175008,
            37.3113084
          ],
          [
            14.2176657,
            37.3112602
          ],
          [
            14.2178274,
            37.3112161
          ],
          [
            14.2179974,
            37.3111411
          ],
          [
            14.2181438,
            37.3110607
          ],
          [
            14.2182954,
            37.3109242
          ],
          [
            14.2183229,
            37.310898
          ],
          [
            14.2185529,
            37.3106791
          ],
          [
            14.2186388,
            37.3106296
          ],
          [
            14.218797,
            37.3105466
          ],
          [
            14.2188526,
            37.3105305
          ],
          [
            14.2189721,
            37.3104756
          ],
          [
            14.2190967,
            37.3103846
          ],
          [
            14.2191522,
            37.3103765
          ],
          [
            14.219196,
            37.3104207
          ],
          [
            14.2192044,
            37.3104542
          ],
          [
            14.219233,
            37.3105051
          ],
          [
            14.2192953,
            37.3105506
          ],
          [
            14.2194283,
            37.3106176
          ],
          [
            14.2197919,
            37.3107166
          ],
          [
            14.2199384,
            37.3107809
          ],
          [
            14.2200108,
            37.3108572
          ],
          [
            14.2200512,
            37.3109309
          ],
          [
            14.2200731,
            37.311054
          ],
          [
            14.2200966,
            37.3111223
          ],
          [
            14.2201404,
            37.3111665
          ],
          [
            14.2202111,
            37.3112054
          ],
          [
            14.220265,
            37.3112777
          ]
        ]
      },
      "id": "way/1088509955"
    },
    {
      "type": "Feature",
      "properties": {
        "@id": "way/1115195169",
        "highway": "service",
        "service": "driveway"
      },
      "geometry": {
        "type": "LineString",
        "coordinates": [
          [
            14.2115827,
            37.2979753
          ],
          [
            14.2115131,
            37.2980238
          ]
        ]
      },
      "id": "way/1115195169"
    },
    {
      "type": "Feature",
      "properties": {
        "@id": "way/1158838279",
        "highway": "secondary",
        "oneway": "yes",
        "surface": "asphalt"
      },
      "geometry": {
        "type": "LineString",
        "coordinates": [
          [
            14.2068563,
            37.3007962
          ],
          [
            14.2068516,
            37.3008393
          ],
          [
            14.2068591,
            37.3008821
          ],
          [
            14.2068736,
            37.3009091
          ],
          [
            14.2069048,
            37.3009403
          ]
        ]
      },
      "id": "way/1158838279"
    },
    {
      "type": "Feature",
      "properties": {
        "@id": "way/1158838280",
        "highway": "secondary",
        "oneway": "yes",
        "surface": "asphalt"
      },
      "geometry": {
        "type": "LineString",
        "coordinates": [
          [
            14.2066698,
            37.3008497
          ],
          [
            14.206731,
            37.30085
          ],
          [
            14.2067787,
            37.3008418
          ],
          [
            14.2068203,
            37.300822
          ],
          [
            14.2068563,
            37.3007962
          ]
        ]
      },
      "id": "way/1158838280"
    },
    {
      "type": "Feature",
      "properties": {
        "@id": "way/1158838281",
        "highway": "service"
      },
      "geometry": {
        "type": "LineString",
        "coordinates": [
          [
            14.207129,
            37.3004746
          ],
          [
            14.2071267,
            37.3006146
          ],
          [
            14.2070245,
            37.3007144
          ],
          [
            14.2068808,
            37.3007357
          ]
        ]
      },
      "id": "way/1158838281"
    },
    {
      "type": "Feature",
      "properties": {
        "@id": "way/1158838284",
        "highway": "service"
      },
      "geometry": {
        "type": "LineString",
        "coordinates": [
          [
            14.2024657,
            37.3010686
          ],
          [
            14.2025518,
            37.301068
          ],
          [
            14.2026866,
            37.3011969
          ],
          [
            14.2026781,
            37.3012461
          ]
        ]
      },
      "id": "way/1158838284"
    },
    {
      "type": "Feature",
      "properties": {
        "@id": "way/1158838286",
        "highway": "service"
      },
      "geometry": {
        "type": "LineString",
        "coordinates": [
          [
            14.2016771,
            37.2977948
          ],
          [
            14.2018689,
            37.2977789
          ],
          [
            14.2019883,
            37.2979379
          ],
          [
            14.2019058,
            37.2981041
          ]
        ]
      },
      "id": "way/1158838286"
    },
    {
      "type": "Feature",
      "properties": {
        "@id": "way/1190271405",
        "highway": "secondary",
        "oneway": "yes",
        "surface": "asphalt"
      },
      "geometry": {
        "type": "LineString",
        "coordinates": [
          [
            14.2018203,
            37.2933479
          ],
          [
            14.2018864,
            37.2935125
          ],
          [
            14.2019642,
            37.2936418
          ],
          [
            14.2020343,
            37.2937044
          ],
          [
            14.2021599,
            37.2937675
          ],
          [
            14.2023113,
            37.2938194
          ]
        ]
      },
      "id": "way/1190271405"
    },
    {
      "type": "Feature",
      "properties": {
        "@id": "way/1196727788",
        "highway": "unclassified"
      },
      "geometry": {
        "type": "LineString",
        "coordinates": [
          [
            14.1992907,
            37.2901149
          ],
          [
            14.1984717,
            37.2904487
          ],
          [
            14.1983419,
            37.2905004
          ],
          [
            14.1982982,
            37.2905361
          ],
          [
            14.198292,
            37.2905709
          ],
          [
            14.1982945,
            37.2906056
          ],
          [
            14.1983818,
            37.2907644
          ],
          [
            14.1986433,
            37.2913113
          ],
          [
            14.1986976,
            37.2913602
          ],
          [
            14.198779,
            37.2914345
          ],
          [
            14.1988234,
            37.2914875
          ],
          [
            14.1988511,
            37.2915714
          ],
          [
            14.1989094,
            37.2917973
          ],
          [
            14.1989602,
            37.2919746
          ],
          [
            14.1989636,
            37.2920405
          ],
          [
            14.1989335,
            37.2920798
          ],
          [
            14.1984683,
            37.2922063
          ],
          [
            14.1984039,
            37.2922533
          ],
          [
            14.1983953,
            37.2922832
          ],
          [
            14.1984769,
            37.2925328
          ],
          [
            14.1985768,
            37.2928259
          ],
          [
            14.198594,
            37.2929285
          ],
          [
            14.198565,
            37.2930396
          ],
          [
            14.1985167,
            37.2931259
          ],
          [
            14.1984576,
            37.293208
          ],
          [
            14.1983491,
            37.2933319
          ],
          [
            14.1983222,
            37.2934208
          ],
          [
            14.1983136,
            37.2935259
          ],
          [
            14.1983512,
            37.2937003
          ],
          [
            14.1983749,
            37.2938439
          ],
          [
            14.1983824,
            37.2939567
          ],
          [
            14.1984157,
            37.2939943
          ],
          [
            14.1984651,
            37.2940114
          ],
          [
            14.1987122,
            37.2940319
          ],
          [
            14.1988272,
            37.2940618
          ],
          [
            14.1989407,
            37.2940779
          ]
        ]
      },
      "id": "way/1196727788"
    },
    {
      "type": "Feature",
      "properties": {
        "@id": "way/1196751093",
        "highway": "residential",
        "name": "Via Santa Lucia"
      },
      "geometry": {
        "type": "LineString",
        "coordinates": [
          [
            14.212726,
            37.3038774
          ],
          [
            14.2127005,
            37.3038529
          ],
          [
            14.2125876,
            37.3037603
          ],
          [
            14.2125371,
            37.3036453
          ],
          [
            14.2125345,
            37.3036171
          ],
          [
            14.2125336,
            37.3035771
          ],
          [
            14.2125257,
            37.3034228
          ],
          [
            14.2125229,
            37.3033692
          ]
        ]
      },
      "id": "way/1196751093"
    },
    {
      "type": "Feature",
      "properties": {
        "@id": "way/1196751094",
        "highway": "residential",
        "name": "Via Santa Lucia"
      },
      "geometry": {
        "type": "LineString",
        "coordinates": [
          [
            14.212726,
            37.3038774
          ],
          [
            14.2128421,
            37.3038388
          ]
        ]
      },
      "id": "way/1196751094"
    },
    {
      "type": "Feature",
      "properties": {
        "@id": "way/1196758966",
        "highway": "residential",
        "name": "Via Bisenti"
      },
      "geometry": {
        "type": "LineString",
        "coordinates": [
          [
            14.2125257,
            37.3034228
          ],
          [
            14.2124352,
            37.303407
          ],
          [
            14.2123634,
            37.3034017
          ],
          [
            14.212289,
            37.3033574
          ]
        ]
      },
      "id": "way/1196758966"
    },
    {
      "type": "Feature",
      "properties": {
        "@id": "way/1196760756",
        "highway": "residential",
        "name": "Via Santa Lucia",
        "oneway": "yes"
      },
      "geometry": {
        "type": "LineString",
        "coordinates": [
          [
            14.212512,
            37.303244
          ],
          [
            14.2125229,
            37.3033692
          ]
        ]
      },
      "id": "way/1196760756"
    },
    {
      "type": "Feature",
      "properties": {
        "@id": "way/1196760757",
        "highway": "residential",
        "name": "Via Maria Santissima delle Lacrime",
        "oneway": "yes"
      },
      "geometry": {
        "type": "LineString",
        "coordinates": [
          [
            14.2126122,
            37.3027282
          ],
          [
            14.2124596,
            37.3027332
          ]
        ]
      },
      "id": "way/1196760757"
    },
    {
      "type": "Feature",
      "properties": {
        "@id": "way/1196760758",
        "highway": "residential",
        "name": "Via Bisenti",
        "oneway": "yes"
      },
      "geometry": {
        "type": "LineString",
        "coordinates": [
          [
            14.212289,
            37.3033574
          ],
          [
            14.2122046,
            37.303322
          ],
          [
            14.2121072,
            37.3031283
          ],
          [
            14.212092,
            37.303098
          ],
          [
            14.2120522,
            37.3029911
          ],
          [
            14.2119832,
            37.302815
          ],
          [
            14.2119714,
            37.3027759
          ]
        ]
      },
      "id": "way/1196760758"
    },
    {
      "type": "Feature",
      "properties": {
        "@id": "way/1196760759",
        "highway": "residential",
        "name": "Via Bisenti"
      },
      "geometry": {
        "type": "LineString",
        "coordinates": [
          [
            14.2121072,
            37.3031283
          ],
          [
            14.211897,
            37.3031688
          ],
          [
            14.2117701,
            37.3031933
          ]
        ]
      },
      "id": "way/1196760759"
    },
    {
      "type": "Feature",
      "properties": {
        "@id": "way/1196761091",
        "highway": "residential",
        "name": "Via Bisenti"
      },
      "geometry": {
        "type": "LineString",
        "coordinates": [
          [
            14.211897,
            37.3031688
          ],
          [
            14.2119216,
            37.303253
          ]
        ]
      },
      "id": "way/1196761091"
    },
    {
      "type": "Feature",
      "properties": {
        "@id": "way/1196766670",
        "highway": "residential",
        "name": "Via Dato"
      },
      "geometry": {
        "type": "LineString",
        "coordinates": [
          [
            14.212758,
            37.3044176
          ],
          [
            14.212929,
            37.3043765
          ],
          [
            14.2130036,
            37.3043695
          ],
          [
            14.2130811,
            37.3043509
          ],
          [
            14.2131765,
            37.3042931
          ],
          [
            14.2132731,
            37.3042562
          ]
        ]
      },
      "id": "way/1196766670"
    },
    {
      "type": "Feature",
      "properties": {
        "@id": "way/1196770203",
        "highway": "residential",
        "name": "Via Pisano",
        "narrow": "yes",
        "surface": "sett"
      },
      "geometry": {
        "type": "LineString",
        "coordinates": [
          [
            14.2134625,
            37.3044792
          ],
          [
            14.2127662,
            37.3045036
          ]
        ]
      },
      "id": "way/1196770203"
    },
    {
      "type": "Feature",
      "properties": {
        "@id": "way/1196770204",
        "highway": "residential",
        "motor_vehicle": "no",
        "name": "Via Celso",
        "oneway": "no"
      },
      "geometry": {
        "type": "LineString",
        "coordinates": [
          [
            14.2114481,
            37.3028026
          ],
          [
            14.2113528,
            37.3028043
          ],
          [
            14.211347,
            37.302769
          ],
          [
            14.2111883,
            37.3027663
          ],
          [
            14.2110547,
            37.3027717
          ],
          [
            14.2110296,
            37.3027727
          ],
          [
            14.2109709,
            37.3027733
          ]
        ]
      },
      "id": "way/1196770204"
    },
    {
      "type": "Feature",
      "properties": {
        "@id": "way/1197108633",
        "highway": "steps"
      },
      "geometry": {
        "type": "LineString",
        "coordinates": [
          [
            14.2110547,
            37.3027717
          ],
          [
            14.211035,
            37.3026191
          ]
        ]
      },
      "id": "way/1197108633"
    },
    {
      "type": "Feature",
      "properties": {
        "@id": "way/1197109587",
        "highway": "residential",
        "name": "Via Giacomo Matteotti",
        "oneway": "yes"
      },
      "geometry": {
        "type": "LineString",
        "coordinates": [
          [
            14.2114506,
            37.3046032
          ],
          [
            14.2113914,
            37.3044725
          ],
          [
            14.2112206,
            37.3039654
          ],
          [
            14.21118,
            37.3037996
          ],
          [
            14.2111528,
            37.303629
          ],
          [
            14.2111455,
            37.3035942
          ],
          [
            14.2111163,
            37.3034537
          ],
          [
            14.2110782,
            37.3032707
          ],
          [
            14.2110615,
            37.3031904
          ],
          [
            14.2110413,
            37.3030934
          ],
          [
            14.2110055,
            37.3029146
          ]
        ]
      },
      "id": "way/1197109587"
    },
    {
      "type": "Feature",
      "properties": {
        "@id": "way/1197109588",
        "highway": "residential",
        "name": "Via Minoldo",
        "surface": "paving_stones"
      },
      "geometry": {
        "type": "LineString",
        "coordinates": [
          [
            14.2199764,
            37.3056135
          ],
          [
            14.2198021,
            37.3056187
          ],
          [
            14.2196546,
            37.305623
          ],
          [
            14.2192669,
            37.3056283
          ],
          [
            14.2190064,
            37.3056845
          ],
          [
            14.218803,
            37.3057073
          ],
          [
            14.218659,
            37.3057378
          ],
          [
            14.2184222,
            37.3058305
          ],
          [
            14.2181856,
            37.3059282
          ],
          [
            14.2181364,
            37.3059503
          ]
        ]
      },
      "id": "way/1197109588"
    },
    {
      "type": "Feature",
      "properties": {
        "@id": "way/1197109589",
        "highway": "residential",
        "oneway": "yes"
      },
      "geometry": {
        "type": "LineString",
        "coordinates": [
          [
            14.217857,
            37.3061489
          ],
          [
            14.2177678,
            37.3061464
          ],
          [
            14.2176339,
            37.306122
          ],
          [
            14.2176063,
            37.3061155
          ]
        ]
      },
      "id": "way/1197109589"
    },
    {
      "type": "Feature",
      "properties": {
        "@id": "way/1197109590",
        "highway": "residential",
        "name": "Via Concezione",
        "narrow": "yes",
        "oneway": "yes"
      },
      "geometry": {
        "type": "LineString",
        "coordinates": [
          [
            14.2151674,
            37.3052178
          ],
          [
            14.2151011,
            37.3054316
          ],
          [
            14.2150941,
            37.3054858
          ],
          [
            14.2150796,
            37.3055858
          ],
          [
            14.2150433,
            37.3058665
          ],
          [
            14.2150367,
            37.3059138
          ],
          [
            14.2150855,
            37.3061788
          ],
          [
            14.2150614,
            37.30623
          ],
          [
            14.2150563,
            37.306263
          ],
          [
            14.2150823,
            37.3064249
          ],
          [
            14.215116,
            37.3064672
          ],
          [
            14.2151432,
            37.3065159
          ],
          [
            14.2151687,
            37.306574
          ],
          [
            14.2151935,
            37.3066753
          ],
          [
            14.215171,
            37.306751
          ]
        ]
      },
      "id": "way/1197109590"
    },
    {
      "type": "Feature",
      "properties": {
        "@id": "way/1197109591",
        "highway": "residential",
        "name": "Via Guerreri"
      },
      "geometry": {
        "type": "LineString",
        "coordinates": [
          [
            14.2150367,
            37.3059138
          ],
          [
            14.2147143,
            37.3059477
          ],
          [
            14.214623,
            37.3059661
          ],
          [
            14.2144874,
            37.3060124
          ],
          [
            14.2143938,
            37.3060607
          ]
        ]
      },
      "id": "way/1197109591"
    },
    {
      "type": "Feature",
      "properties": {
        "@id": "way/1197110573",
        "highway": "residential",
        "name": "Via Minoldo",
        "surface": "paving_stones"
      },
      "geometry": {
        "type": "LineString",
        "coordinates": [
          [
            14.2181364,
            37.3059503
          ],
          [
            14.2180622,
            37.3059735
          ],
          [
            14.217997,
            37.3060092
          ],
          [
            14.2178932,
            37.3061357
          ],
          [
            14.217857,
            37.3061489
          ]
        ]
      },
      "id": "way/1197110573"
    },
    {
      "type": "Feature",
      "properties": {
        "@id": "way/1197110574",
        "highway": "residential",
        "name": "Via Santa Sofia",
        "surface": "sett"
      },
      "geometry": {
        "type": "LineString",
        "coordinates": [
          [
            14.2157622,
            37.3069133
          ],
          [
            14.2155403,
            37.3069338
          ],
          [
            14.2153698,
            37.3068487
          ],
          [
            14.215171,
            37.306751
          ],
          [
            14.2147926,
            37.3065794
          ],
          [
            14.2145821,
            37.3064834
          ],
          [
            14.2145303,
            37.3064284
          ],
          [
            14.2144954,
            37.306375
          ],
          [
            14.2144575,
            37.3063497
          ],
          [
            14.2143688,
            37.3062562
          ],
          [
            14.2142588,
            37.3062296
          ],
          [
            14.2142039,
            37.3061432
          ]
        ]
      },
      "id": "way/1197110574"
    },
    {
      "type": "Feature",
      "properties": {
        "@id": "way/1197110575",
        "bicycle": "yes",
        "cycleway": "no",
        "foot": "yes",
        "highway": "residential",
        "lanes": "1",
        "maxspeed": "50",
        "name": "Via Zara",
        "surface": "paved"
      },
      "geometry": {
        "type": "LineString",
        "coordinates": [
          [
            14.2183116,
            37.3044615
          ],
          [
            14.2182465,
            37.3046427
          ],
          [
            14.2181969,
            37.3048272
          ],
          [
            14.218191,
            37.3049107
          ]
        ]
      },
      "id": "way/1197110575"
    },
    {
      "type": "Feature",
      "properties": {
        "@id": "way/1197111688",
        "alt_name": "Corso Vittorio Emanuele II",
        "highway": "residential",
        "name": "Corso Vittorio Emanuele Secondo",
        "oneway": "yes",
        "surface": "sett"
      },
      "geometry": {
        "type": "LineString",
        "coordinates": [
          [
            14.2184171,
            37.3053824
          ],
          [
            14.2186571,
            37.3054616
          ],
          [
            14.2187513,
            37.3054928
          ],
          [
            14.2187731,
            37.3054997
          ],
          [
            14.2188635,
            37.3055233
          ],
          [
            14.2189365,
            37.305543
          ],
          [
            14.2190059,
            37.3055537
          ],
          [
            14.2190596,
            37.305558
          ],
          [
            14.2191585,
            37.3055647
          ],
          [
            14.2197179,
            37.3055601
          ],
          [
            14.2202121,
            37.3055546
          ]
        ]
      },
      "id": "way/1197111688"
    },
    {
      "type": "Feature",
      "properties": {
        "@id": "way/1197111826",
        "highway": "footway"
      },
      "geometry": {
        "type": "LineString",
        "coordinates": [
          [
            14.2202313,
            37.3056001
          ],
          [
            14.2201958,
            37.3056001
          ],
          [
            14.2201408,
            37.3056002
          ],
          [
            14.2201267,
            37.3056013
          ],
          [
            14.2199764,
            37.3056135
          ]
        ]
      },
      "id": "way/1197111826"
    },
    {
      "type": "Feature",
      "properties": {
        "@id": "way/1197111827",
        "highway": "residential",
        "name": "Via Evangelista Torricelli",
        "oneway": "yes",
        "surface": "paving_stones"
      },
      "geometry": {
        "type": "LineString",
        "coordinates": [
          [
            14.2202121,
            37.3055546
          ],
          [
            14.2202313,
            37.3056001
          ],
          [
            14.220259,
            37.3056288
          ],
          [
            14.2202936,
            37.3056549
          ],
          [
            14.2203068,
            37.3056636
          ],
          [
            14.2203449,
            37.3056887
          ],
          [
            14.2203904,
            37.3057161
          ],
          [
            14.2204595,
            37.3057517
          ],
          [
            14.2205323,
            37.3057823
          ],
          [
            14.220577,
            37.3058044
          ],
          [
            14.2206063,
            37.3058272
          ],
          [
            14.2206279,
            37.3058549
          ],
          [
            14.2206403,
            37.3058859
          ],
          [
            14.220642,
            37.3059056
          ],
          [
            14.220643,
            37.3059185
          ],
          [
            14.2206378,
            37.3059448
          ],
          [
            14.2206262,
            37.3059697
          ],
          [
            14.2206086,
            37.3059924
          ],
          [
            14.2205857,
            37.3060118
          ],
          [
            14.2202199,
            37.3062566
          ],
          [
            14.2201953,
            37.3062731
          ]
        ]
      },
      "id": "way/1197111827"
    },
    {
      "type": "Feature",
      "properties": {
        "@id": "way/1200772491",
        "bicycle": "yes",
        "foot": "yes",
        "highway": "pedestrian",
        "motor_vehicle": "no",
        "name": "Via Matteo Bartoli",
        "surface": "paving_stones"
      },
      "geometry": {
        "type": "LineString",
        "coordinates": [
          [
            14.2131214,
            37.3047377
          ],
          [
            14.2131304,
            37.3047011
          ],
          [
            14.2131696,
            37.304654
          ],
          [
            14.2132354,
            37.3046363
          ],
          [
            14.2135726,
            37.3046263
          ]
        ]
      },
      "id": "way/1200772491"
    },
    {
      "type": "Feature",
      "properties": {
        "@id": "way/1202019069",
        "highway": "residential",
        "name": "Via Toscano",
        "oneway": "yes",
        "surface": "sett"
      },
      "geometry": {
        "type": "LineString",
        "coordinates": [
          [
            14.211331,
            37.3037797
          ],
          [
            14.2113352,
            37.303887
          ],
          [
            14.2113735,
            37.3040694
          ],
          [
            14.2114276,
            37.3042416
          ],
          [
            14.2114808,
            37.3043741
          ]
        ]
      },
      "id": "way/1202019069"
    },
    {
      "type": "Feature",
      "properties": {
        "@id": "way/1202243176",
        "highway": "residential"
      },
      "geometry": {
        "type": "LineString",
        "coordinates": [
          [
            14.2168123,
            37.3060141
          ],
          [
            14.2168128,
            37.3059555
          ],
          [
            14.2168249,
            37.3059051
          ],
          [
            14.2168136,
            37.3058294
          ],
          [
            14.2168438,
            37.3057432
          ]
        ]
      },
      "id": "way/1202243176"
    },
    {
      "type": "Feature",
      "properties": {
        "@id": "way/1202243177",
        "highway": "residential",
        "name": "Via Giovanni Boccaccio",
        "oneway": "yes"
      },
      "geometry": {
        "type": "LineString",
        "coordinates": [
          [
            14.2076176,
            37.2992298
          ],
          [
            14.2087755,
            37.299359
          ],
          [
            14.2096756,
            37.2993086
          ],
          [
            14.2098068,
            37.2992679
          ]
        ]
      },
      "id": "way/1202243177"
    },
    {
      "type": "Feature",
      "properties": {
        "@id": "way/1202243178",
        "highway": "residential",
        "name": "Via Giovanni Boccaccio",
        "oneway": "no"
      },
      "geometry": {
        "type": "LineString",
        "coordinates": [
          [
            14.2076176,
            37.2992298
          ],
          [
            14.2075883,
            37.2993639
          ]
        ]
      },
      "id": "way/1202243178"
    },
    {
      "type": "Feature",
      "properties": {
        "@id": "way/1202243414",
        "highway": "residential",
        "name": "Via Giuseppe Scambiato"
      },
      "geometry": {
        "type": "LineString",
        "coordinates": [
          [
            14.2026313,
            37.2987347
          ],
          [
            14.2032134,
            37.298119
          ],
          [
            14.2027768,
            37.2976569
          ],
          [
            14.2026266,
            37.2974973
          ],
          [
            14.2024143,
            37.2971537
          ],
          [
            14.2020296,
            37.2965737
          ],
          [
            14.2014116,
            37.295841
          ],
          [
            14.2019763,
            37.2954066
          ],
          [
            14.2023107,
            37.29527
          ],
          [
            14.2024859,
            37.2952354
          ],
          [
            14.2025422,
            37.2952327
          ]
        ]
      },
      "id": "way/1202243414"
    },
    {
      "type": "Feature",
      "properties": {
        "@id": "way/1202244983",
        "highway": "residential",
        "name": "Via Alcide de Gasperi",
        "oneway": "no"
      },
      "geometry": {
        "type": "LineString",
        "coordinates": [
          [
            14.2040953,
            37.2995802
          ],
          [
            14.20381,
            37.299886
          ],
          [
            14.2037686,
            37.2999062
          ],
          [
            14.2036252,
            37.2998885
          ],
          [
            14.2035201,
            37.2998758
          ],
          [
            14.203457,
            37.2998767
          ],
          [
            14.2033643,
            37.2999171
          ],
          [
            14.203198,
            37.3000619
          ],
          [
            14.2031746,
            37.3000835
          ],
          [
            14.2031123,
            37.3001412
          ],
          [
            14.2030786,
            37.3002262
          ],
          [
            14.20305,
            37.3003504
          ],
          [
            14.2029343,
            37.3009954
          ],
          [
            14.2029163,
            37.3010957
          ]
        ]
      },
      "id": "way/1202244983"
    },
    {
      "type": "Feature",
      "properties": {
        "@id": "way/1202245255",
        "highway": "residential",
        "name": "Viale Carmelo Cannarozzo",
        "surface": "asphalt"
      },
      "geometry": {
        "type": "LineString",
        "coordinates": [
          [
            14.2014102,
            37.3020463
          ],
          [
            14.2013329,
            37.302039
          ],
          [
            14.2005836,
            37.3019675
          ],
          [
            14.200503,
            37.301959
          ],
          [
            14.2001973,
            37.3019267
          ],
          [
            14.1999659,
            37.3019022
          ],
          [
            14.1995818,
            37.3018616
          ],
          [
            14.1993445,
            37.3018365
          ],
          [
            14.1988445,
            37.3017739
          ],
          [
            14.1987638,
            37.3017696
          ],
          [
            14.1986849,
            37.3017825
          ],
          [
            14.1986131,
            37.3018116
          ],
          [
            14.1985537,
            37.3018548
          ],
          [
            14.1985109,
            37.301909
          ],
          [
            14.1984877,
            37.3019704
          ],
          [
            14.1984859,
            37.3020344
          ]
        ]
      },
      "id": "way/1202245255"
    },
    {
      "type": "Feature",
      "properties": {
        "@id": "way/1202245256",
        "highway": "residential",
        "name": "Viale della Repubblica",
        "surface": "asphalt"
      },
      "geometry": {
        "type": "LineString",
        "coordinates": [
          [
            14.2080063,
            37.303874
          ],
          [
            14.2079024,
            37.3038454
          ],
          [
            14.2073728,
            37.303705
          ],
          [
            14.2068946,
            37.3035628
          ],
          [
            14.2067931,
            37.3035347
          ],
          [
            14.2066659,
            37.3034957
          ],
          [
            14.2064894,
            37.3034443
          ],
          [
            14.2062329,
            37.3033647
          ],
          [
            14.20603,
            37.3032936
          ],
          [
            14.2057552,
            37.3031735
          ],
          [
            14.2051692,
            37.3028332
          ],
          [
            14.204886,
            37.3026552
          ]
        ]
      },
      "id": "way/1202245256"
    },
    {
      "type": "Feature",
      "properties": {
        "@id": "way/1202245257",
        "highway": "residential",
        "name": "Via Eugenio Montale",
        "surface": "asphalt"
      },
      "geometry": {
        "type": "LineString",
        "coordinates": [
          [
            14.1984859,
            37.3020344
          ],
          [
            14.1984894,
            37.3020712
          ],
          [
            14.1985245,
            37.3022199
          ],
          [
            14.1986184,
            37.302409
          ],
          [
            14.1987293,
            37.3025743
          ],
          [
            14.1988359,
            37.3026909
          ],
          [
            14.1990334,
            37.3028393
          ],
          [
            14.1992509,
            37.3029586
          ],
          [
            14.1994483,
            37.3030419
          ],
          [
            14.1996698,
            37.3030995
          ],
          [
            14.1998618,
            37.3031177
          ],
          [
            14.2001092,
            37.303127
          ],
          [
            14.2003465,
            37.3030991
          ],
          [
            14.2005871,
            37.3030367
          ],
          [
            14.2007597,
            37.3029711
          ],
          [
            14.2009705,
            37.3028526
          ],
          [
            14.2011194,
            37.3027406
          ],
          [
            14.2012868,
            37.302581
          ],
          [
            14.2013341,
            37.3025359
          ],
          [
            14.2014466,
            37.3023425
          ],
          [
            14.2015501,
            37.3019
          ],
          [
            14.2016023,
            37.301496
          ],
          [
            14.2016079,
            37.3014603
          ],
          [
            14.201711,
            37.3008583
          ],
          [
            14.201729,
            37.3007244
          ],
          [
            14.2018183,
            37.3002366
          ],
          [
            14.2018368,
            37.2998832
          ],
          [
            14.2018193,
            37.2997109
          ],
          [
            14.2017726,
            37.2995082
          ],
          [
            14.2017362,
            37.2993866
          ],
          [
            14.2016128,
            37.2990868
          ],
          [
            14.2014912,
            37.2988604
          ],
          [
            14.2011513,
            37.2983291
          ],
          [
            14.2009573,
            37.2980445
          ],
          [
            14.2006476,
            37.2975407
          ],
          [
            14.2004836,
            37.2972988
          ],
          [
            14.2002376,
            37.2970488
          ],
          [
            14.1997387,
            37.2966134
          ],
          [
            14.1990033,
            37.2959123
          ],
          [
            14.1986934,
            37.2954917
          ],
          [
            14.19859,
            37.2950807
          ],
          [
            14.1986387,
            37.2946141
          ],
          [
            14.198818,
            37.2942322
          ],
          [
            14.1989407,
            37.2940779
          ],
          [
            14.1991127,
            37.2938768
          ],
          [
            14.1994092,
            37.2936532
          ],
          [
            14.1999119,
            37.2934537
          ],
          [
            14.200172,
            37.2934133
          ]
        ]
      },
      "id": "way/1202245257"
    },
    {
      "type": "Feature",
      "properties": {
        "@id": "way/1211625853",
        "highway": "residential",
        "name": "Via Lo Stimolo"
      },
      "geometry": {
        "type": "LineString",
        "coordinates": [
          [
            14.2125696,
            37.3025082
          ],
          [
            14.2126951,
            37.302501
          ],
          [
            14.2128604,
            37.3025161
          ],
          [
            14.2129319,
            37.3025272
          ],
          [
            14.2130773,
            37.3025541
          ],
          [
            14.2131587,
            37.3025731
          ],
          [
            14.2132429,
            37.3025927
          ]
        ]
      },
      "id": "way/1211625853"
    },
    {
      "type": "Feature",
      "properties": {
        "@id": "way/1211625854",
        "highway": "residential"
      },
      "geometry": {
        "type": "LineString",
        "coordinates": [
          [
            14.2126122,
            37.3027282
          ],
          [
            14.212591,
            37.3025369
          ],
          [
            14.2125696,
            37.3025082
          ]
        ]
      },
      "id": "way/1211625854"
    },
    {
      "type": "Feature",
      "properties": {
        "@id": "way/1211628520",
        "highway": "service"
      },
      "geometry": {
        "type": "LineString",
        "coordinates": [
          [
            14.2084722,
            37.3029807
          ],
          [
            14.2084415,
            37.3029737
          ],
          [
            14.2083723,
            37.302958
          ]
        ]
      },
      "id": "way/1211628520"
    },
    {
      "type": "Feature",
      "properties": {
        "@id": "way/1211628521",
        "highway": "residential",
        "name": "Via Dante Alighieri"
      },
      "geometry": {
        "type": "LineString",
        "coordinates": [
          [
            14.2106078,
            37.3038657
          ],
          [
            14.2103577,
            37.3035252
          ],
          [
            14.2102061,
            37.3033106
          ],
          [
            14.2099717,
            37.3032804
          ]
        ]
      },
      "id": "way/1211628521"
    },
    {
      "type": "Feature",
      "properties": {
        "@id": "way/1211628522",
        "highway": "residential",
        "name": "Via Giacomo Puccini"
      },
      "geometry": {
        "type": "LineString",
        "coordinates": [
          [
            14.210814,
            37.3037725
          ],
          [
            14.2111528,
            37.303629
          ]
        ]
      },
      "id": "way/1211628522"
    },
    {
      "type": "Feature",
      "properties": {
        "@id": "way/1211628523",
        "highway": "primary",
        "lanes": "2",
        "name": "Viale Regina Elena",
        "oneway": "yes",
        "surface": "asphalt"
      },
      "geometry": {
        "type": "LineString",
        "coordinates": [
          [
            14.210814,
            37.3037725
          ],
          [
            14.2113222,
            37.3044569
          ],
          [
            14.2113572,
            37.304504
          ],
          [
            14.2114506,
            37.3046032
          ]
        ]
      },
      "id": "way/1211628523"
    },
    {
      "type": "Feature",
      "properties": {
        "@id": "way/1211629435",
        "highway": "residential",
        "name": "Via Luigi Capuana"
      },
      "geometry": {
        "type": "LineString",
        "coordinates": [
          [
            14.2081357,
            37.3001898
          ],
          [
            14.20813,
            37.300007
          ],
          [
            14.2081293,
            37.2999839
          ],
          [
            14.2081111,
            37.2996653
          ],
          [
            14.2081012,
            37.2996306
          ],
          [
            14.2080809,
            37.2995989
          ],
          [
            14.2080591,
            37.299578
          ],
          [
            14.2080327,
            37.2995607
          ],
          [
            14.2080027,
            37.2995478
          ],
          [
            14.2077908,
            37.2994538
          ],
          [
            14.2075883,
            37.2993639
          ]
        ]
      },
      "id": "way/1211629435"
    },
    {
      "type": "Feature",
      "properties": {
        "@id": "way/1211630462",
        "highway": "residential",
        "name": "Via Giacomo Matteotti",
        "surface": "sett"
      },
      "geometry": {
        "type": "LineString",
        "coordinates": [
          [
            14.210932,
            37.302617
          ],
          [
            14.2109709,
            37.3027733
          ],
          [
            14.2110055,
            37.3029146
          ]
        ]
      },
      "id": "way/1211630462"
    },
    {
      "type": "Feature",
      "properties": {
        "@id": "way/1211630463",
        "highway": "residential",
        "name": "Viale della Pace"
      },
      "geometry": {
        "type": "LineString",
        "coordinates": [
          [
            14.2090698,
            37.2981404
          ],
          [
            14.2092061,
            37.2982419
          ],
          [
            14.209405,
            37.2984943
          ],
          [
            14.2095052,
            37.298626
          ],
          [
            14.2097272,
            37.2991065
          ],
          [
            14.2098068,
            37.2992679
          ]
        ]
      },
      "id": "way/1211630463"
    },
    {
      "type": "Feature",
      "properties": {
        "@id": "way/1211630465",
        "highway": "residential",
        "surface": "unpaved"
      },
      "geometry": {
        "type": "LineString",
        "coordinates": [
          [
            14.2105405,
            37.2907871
          ],
          [
            14.2106414,
            37.2910733
          ],
          [
            14.2106522,
            37.2913251
          ],
          [
            14.2105985,
            37.2920463
          ],
          [
            14.2106119,
            37.292887
          ],
          [
            14.2106629,
            37.2933309
          ],
          [
            14.2106772,
            37.2935829
          ],
          [
            14.2107083,
            37.2936951
          ],
          [
            14.2107415,
            37.2938794
          ],
          [
            14.2108398,
            37.2946595
          ]
        ]
      },
      "id": "way/1211630465"
    },
    {
      "type": "Feature",
      "properties": {
        "@id": "way/1246457781",
        "highway": "secondary",
        "oneway": "yes",
        "surface": "asphalt"
      },
      "geometry": {
        "type": "LineString",
        "coordinates": [
          [
            14.2019642,
            37.2936418
          ],
          [
            14.201995,
            37.2937568
          ],
          [
            14.2019874,
            37.2938115
          ],
          [
            14.2019588,
            37.293873
          ]
        ]
      },
      "id": "way/1246457781"
    },
    {
      "type": "Feature",
      "properties": {
        "@id": "way/1246457782",
        "highway": "primary",
        "name": "Strada statale di Pietraperzia",
        "ref": "SS191",
        "surface": "asphalt"
      },
      "geometry": {
        "type": "LineString",
        "coordinates": [
          [
            14.2019588,
            37.293873
          ],
          [
            14.2014674,
            37.2939412
          ],
          [
            14.2008602,
            37.294027
          ],
          [
            14.2001757,
            37.294228
          ],
          [
            14.1999337,
            37.2943479
          ]
        ]
      },
      "id": "way/1246457782"
    },
    {
      "type": "Feature",
      "properties": {
        "@id": "way/1249072015",
        "highway": "residential",
        "surface": "sett"
      },
      "geometry": {
        "type": "LineString",
        "coordinates": [
          [
            14.209771,
            37.3048457
          ],
          [
            14.2099451,
            37.3049179
          ]
        ]
      },
      "id": "way/1249072015"
    },
    {
      "type": "Feature",
      "properties": {
        "@id": "way/1249101616",
        "highway": "steps",
        "name": "Via Orlando"
      },
      "geometry": {
        "type": "LineString",
        "coordinates": [
          [
            14.2117638,
            37.3021006
          ],
          [
            14.2118646,
            37.3023641
          ]
        ]
      },
      "id": "way/1249101616"
    },
    {
      "type": "Feature",
      "properties": {
        "@id": "way/1249101617",
        "highway": "residential",
        "name": "Via Orlando",
        "surface": "sett"
      },
      "geometry": {
        "type": "LineString",
        "coordinates": [
          [
            14.2122691,
            37.3022596
          ],
          [
            14.2118646,
            37.3023641
          ]
        ]
      },
      "id": "way/1249101617"
    },
    {
      "type": "Feature",
      "properties": {
        "@id": "way/1249101618",
        "highway": "residential"
      },
      "geometry": {
        "type": "LineString",
        "coordinates": [
          [
            14.2123726,
            37.302082
          ],
          [
            14.2123389,
            37.3021081
          ],
          [
            14.2123307,
            37.3021976
          ],
          [
            14.2122691,
            37.3022596
          ]
        ]
      },
      "id": "way/1249101618"
    },
    {
      "type": "Feature",
      "properties": {
        "@id": "way/1249118233",
        "highway": "steps"
      },
      "geometry": {
        "type": "LineString",
        "coordinates": [
          [
            14.2158915,
            37.3100893
          ],
          [
            14.2159197,
            37.3099634
          ]
        ]
      },
      "id": "way/1249118233"
    },
    {
      "type": "Feature",
      "properties": {
        "@id": "way/1249118234",
        "highway": "footway"
      },
      "geometry": {
        "type": "LineString",
        "coordinates": [
          [
            14.2159197,
            37.3099634
          ],
          [
            14.2159004,
            37.309953
          ],
          [
            14.215858,
            37.3099464
          ],
          [
            14.2156407,
            37.3099058
          ],
          [
            14.2156394,
            37.309813
          ],
          [
            14.2155844,
            37.3097928
          ]
        ]
      },
      "id": "way/1249118234"
    },
    {
      "type": "Feature",
      "properties": {
        "@id": "way/1249118235",
        "highway": "steps"
      },
      "geometry": {
        "type": "LineString",
        "coordinates": [
          [
            14.2155187,
            37.3097923
          ],
          [
            14.2155344,
            37.3097788
          ],
          [
            14.2155844,
            37.3097928
          ]
        ]
      },
      "id": "way/1249118235"
    },
    {
      "type": "Feature",
      "properties": {
        "@id": "way/1249118236",
        "highway": "steps"
      },
      "geometry": {
        "type": "LineString",
        "coordinates": [
          [
            14.2154471,
            37.3099612
          ],
          [
            14.2154744,
            37.3099197
          ],
          [
            14.2155012,
            37.3098994
          ],
          [
            14.2155187,
            37.3097923
          ]
        ]
      },
      "id": "way/1249118236"
    },
    {
      "type": "Feature",
      "properties": {
        "@id": "way/1249118242",
        "highway": "footway"
      },
      "geometry": {
        "type": "LineString",
        "coordinates": [
          [
            14.2159532,
            37.3100968
          ],
          [
            14.2159706,
            37.3100296
          ],
          [
            14.2160363,
            37.3099901
          ],
          [
            14.2160377,
            37.3099421
          ],
          [
            14.2160538,
            37.3098962
          ],
          [
            14.2160846,
            37.3098706
          ],
          [
            14.2161141,
            37.3097704
          ],
          [
            14.2161007,
            37.309732
          ]
        ]
      },
      "id": "way/1249118242"
    },
    {
      "type": "Feature",
      "properties": {
        "@id": "way/1249118243",
        "highway": "service",
        "service": "driveway"
      },
      "geometry": {
        "type": "LineString",
        "coordinates": [
          [
            14.2148656,
            37.3090151
          ],
          [
            14.2149272,
            37.3090682
          ]
        ]
      },
      "id": "way/1249118243"
    },
    {
      "type": "Feature",
      "properties": {
        "@id": "way/1249128611",
        "highway": "steps"
      },
      "geometry": {
        "type": "LineString",
        "coordinates": [
          [
            14.2059736,
            37.301265
          ],
          [
            14.2059645,
            37.3012848
          ],
          [
            14.2059582,
            37.3013036
          ]
        ]
      },
      "id": "way/1249128611"
    },
    {
      "type": "Feature",
      "properties": {
        "@id": "way/1249128612",
        "highway": "residential"
      },
      "geometry": {
        "type": "LineString",
        "coordinates": [
          [
            14.2059736,
            37.301265
          ],
          [
            14.2060252,
            37.3011365
          ]
        ]
      },
      "id": "way/1249128612"
    },
    {
      "type": "Feature",
      "properties": {
        "@id": "way/1249128613",
        "highway": "residential",
        "name": "Via Petralia",
        "surface": "sett"
      },
      "geometry": {
        "type": "LineString",
        "coordinates": [
          [
            14.2063057,
            37.3009086
          ],
          [
            14.2061393,
            37.3008617
          ],
          [
            14.2057051,
            37.3007395
          ]
        ]
      },
      "id": "way/1249128613"
    },
    {
      "type": "Feature",
      "properties": {
        "@id": "way/1249128615",
        "highway": "residential",
        "surface": "sett"
      },
      "geometry": {
        "type": "LineString",
        "coordinates": [
          [
            14.2063279,
            37.3010168
          ],
          [
            14.2063672,
            37.3009259
          ],
          [
            14.2064406,
            37.3007597
          ]
        ]
      },
      "id": "way/1249128615"
    },
    {
      "type": "Feature",
      "properties": {
        "@id": "way/1249128616",
        "access": "private",
        "highway": "service",
        "service": "driveway"
      },
      "geometry": {
        "type": "LineString",
        "coordinates": [
          [
            14.20805,
            37.3027638
          ],
          [
            14.2077564,
            37.3035205
          ],
          [
            14.2074533,
            37.3034521
          ]
        ]
      },
      "id": "way/1249128616"
    },
    {
      "type": "Feature",
      "properties": {
        "@id": "way/1249128617",
        "access": "permit",
        "highway": "service",
        "service": "driveway"
      },
      "geometry": {
        "type": "LineString",
        "coordinates": [
          [
            14.2090333,
            37.3030474
          ],
          [
            14.2090045,
            37.3031147
          ]
        ]
      },
      "id": "way/1249128617"
    },
    {
      "type": "Feature",
      "properties": {
        "@id": "way/1249128806",
        "highway": "residential"
      },
      "geometry": {
        "type": "LineString",
        "coordinates": [
          [
            14.2066806,
            37.3017598
          ],
          [
            14.2067229,
            37.3016618
          ]
        ]
      },
      "id": "way/1249128806"
    },
    {
      "type": "Feature",
      "properties": {
        "@id": "way/1249128807",
        "highway": "steps"
      },
      "geometry": {
        "type": "LineString",
        "coordinates": [
          [
            14.2066806,
            37.3017598
          ],
          [
            14.2066704,
            37.3017844
          ],
          [
            14.2066594,
            37.301811
          ]
        ]
      },
      "id": "way/1249128807"
    },
    {
      "type": "Feature",
      "properties": {
        "@id": "way/1249129205",
        "highway": "footway"
      },
      "geometry": {
        "type": "LineString",
        "coordinates": [
          [
            14.2154288,
            37.3092317
          ],
          [
            14.2153604,
            37.3095143
          ],
          [
            14.2153255,
            37.3096192
          ]
        ]
      },
      "id": "way/1249129205"
    },
    {
      "type": "Feature",
      "properties": {
        "@id": "way/1249134980",
        "highway": "service"
      },
      "geometry": {
        "type": "LineString",
        "coordinates": [
          [
            14.210889,
            37.2998827
          ],
          [
            14.2108141,
            37.2996928
          ],
          [
            14.2106961,
            37.2995627
          ],
          [
            14.2106142,
            37.2993139
          ],
          [
            14.2106068,
            37.2992964
          ]
        ]
      },
      "id": "way/1249134980"
    },
    {
      "type": "Feature",
      "properties": {
        "@id": "way/1249145427",
        "highway": "residential",
        "name": "Via Antonio Sciesa",
        "surface": "sett"
      },
      "geometry": {
        "type": "LineString",
        "coordinates": [
          [
            14.2159156,
            37.3004577
          ],
          [
            14.2159557,
            37.3008695
          ],
          [
            14.2161053,
            37.3011061
          ]
        ]
      },
      "id": "way/1249145427"
    },
    {
      "type": "Feature",
      "properties": {
        "@id": "way/1249145428",
        "access": "private",
        "highway": "service",
        "service": "driveway"
      },
      "geometry": {
        "type": "LineString",
        "coordinates": [
          [
            14.2160822,
            37.301488
          ],
          [
            14.2160947,
            37.3014797
          ],
          [
            14.2161664,
            37.3014701
          ],
          [
            14.2163099,
            37.3014712
          ],
          [
            14.2164869,
            37.3015981
          ]
        ]
      },
      "id": "way/1249145428"
    },
    {
      "type": "Feature",
      "properties": {
        "@id": "way/1249145429",
        "highway": "steps"
      },
      "geometry": {
        "type": "LineString",
        "coordinates": [
          [
            14.2127118,
            37.3021976
          ],
          [
            14.2126568,
            37.3021923
          ],
          [
            14.2126453,
            37.3022506
          ]
        ]
      },
      "id": "way/1249145429"
    },
    {
      "type": "Feature",
      "properties": {
        "@id": "way/1249145430",
        "highway": "residential",
        "name": "Via Cutrera",
        "narrow": "yes",
        "surface": "sett"
      },
      "geometry": {
        "type": "LineString",
        "coordinates": [
          [
            14.213091,
            37.302253
          ],
          [
            14.2127625,
            37.3022101
          ],
          [
            14.2127118,
            37.3021976
          ]
        ]
      },
      "id": "way/1249145430"
    },
    {
      "type": "Feature",
      "properties": {
        "@id": "way/1249145431",
        "access": "private",
        "highway": "service",
        "service": "driveway"
      },
      "geometry": {
        "type": "LineString",
        "coordinates": [
          [
            14.2150534,
            37.2995187
          ],
          [
            14.2155038,
            37.2994688
          ],
          [
            14.2155146,
            37.2993285
          ],
          [
            14.2154771,
            37.2989076
          ],
          [
            14.215174,
            37.298786
          ]
        ]
      },
      "id": "way/1249145431"
    },
    {
      "type": "Feature",
      "properties": {
        "@id": "way/1249145432",
        "highway": "service",
        "service": "driveway"
      },
      "geometry": {
        "type": "LineString",
        "coordinates": [
          [
            14.2150219,
            37.2995222
          ],
          [
            14.2150534,
            37.2995187
          ]
        ]
      },
      "id": "way/1249145432"
    },
    {
      "type": "Feature",
      "properties": {
        "@id": "way/1249145433",
        "highway": "residential",
        "name": "Via Sicilia",
        "surface": "asphalt"
      },
      "geometry": {
        "type": "LineString",
        "coordinates": [
          [
            14.2100467,
            37.3011585
          ],
          [
            14.2100305,
            37.3013247
          ],
          [
            14.2100186,
            37.3014317
          ],
          [
            14.2099524,
            37.301546
          ],
          [
            14.2097946,
            37.3018183
          ],
          [
            14.2097402,
            37.3019123
          ],
          [
            14.2096204,
            37.302107
          ],
          [
            14.2095201,
            37.3021843
          ]
        ]
      },
      "id": "way/1249145433"
    },
    {
      "type": "Feature",
      "properties": {
        "@id": "way/1249145434",
        "highway": "steps"
      },
      "geometry": {
        "type": "LineString",
        "coordinates": [
          [
            14.2100515,
            37.301122
          ],
          [
            14.2100486,
            37.3011502
          ],
          [
            14.2100467,
            37.3011585
          ]
        ]
      },
      "id": "way/1249145434"
    },
    {
      "type": "Feature",
      "properties": {
        "@id": "way/1249145435",
        "highway": "steps"
      },
      "geometry": {
        "type": "LineString",
        "coordinates": [
          [
            14.2179249,
            37.3031024
          ],
          [
            14.2178965,
            37.3031199
          ],
          [
            14.2179099,
            37.3031359
          ],
          [
            14.2179236,
            37.3031566
          ]
        ]
      },
      "id": "way/1249145435"
    },
    {
      "type": "Feature",
      "properties": {
        "@id": "way/1249145608",
        "highway": "steps",
        "name": "Via Ippolito Nievo"
      },
      "geometry": {
        "type": "LineString",
        "coordinates": [
          [
            14.2170888,
            37.3023511
          ],
          [
            14.2170291,
            37.302395
          ],
          [
            14.2169318,
            37.3024641
          ]
        ]
      },
      "id": "way/1249145608"
    },
    {
      "type": "Feature",
      "properties": {
        "@id": "way/1249154432",
        "highway": "steps"
      },
      "geometry": {
        "type": "LineString",
        "coordinates": [
          [
            14.2212935,
            37.3053886
          ],
          [
            14.2210771,
            37.3053691
          ]
        ]
      },
      "id": "way/1249154432"
    },
    {
      "type": "Feature",
      "properties": {
        "@id": "way/1249165248",
        "bridge": "yes",
        "highway": "secondary",
        "layer": "1",
        "surface": "asphalt"
      },
      "geometry": {
        "type": "LineString",
        "coordinates": [
          [
            14.2103484,
            37.3003884
          ],
          [
            14.2101998,
            37.3003986
          ]
        ]
      },
      "id": "way/1249165248"
    },
    {
      "type": "Feature",
      "properties": {
        "@id": "way/1249165249",
        "highway": "secondary",
        "name": "Viale della Regione",
        "surface": "asphalt"
      },
      "geometry": {
        "type": "LineString",
        "coordinates": [
          [
            14.2101998,
            37.3003986
          ],
          [
            14.2100501,
            37.3004007
          ],
          [
            14.2099705,
            37.3003958
          ],
          [
            14.2098284,
            37.3003659
          ],
          [
            14.2097609,
            37.3003488
          ],
          [
            14.2095418,
            37.3002937
          ],
          [
            14.2094475,
            37.3002828
          ],
          [
            14.2093536,
            37.3002805
          ],
          [
            14.2092543,
            37.3002842
          ],
          [
            14.2090908,
            37.3002902
          ],
          [
            14.208848,
            37.3003153
          ],
          [
            14.2088003,
            37.3003193
          ],
          [
            14.2083632,
            37.3003446
          ],
          [
            14.2082663,
            37.3003562
          ],
          [
            14.20814,
            37.3003611
          ],
          [
            14.2076887,
            37.3003774
          ],
          [
            14.2076273,
            37.3003835
          ],
          [
            14.2073071,
            37.3004161
          ],
          [
            14.2072549,
            37.3004216
          ],
          [
            14.2071958,
            37.3004427
          ],
          [
            14.207129,
            37.3004746
          ],
          [
            14.2070955,
            37.3004956
          ],
          [
            14.2070473,
            37.3005337
          ],
          [
            14.2070002,
            37.3005719
          ],
          [
            14.2069586,
            37.300614
          ],
          [
            14.2069279,
            37.3006526
          ],
          [
            14.2069019,
            37.3006933
          ],
          [
            14.2068808,
            37.3007357
          ],
          [
            14.206865,
            37.3007769
          ],
          [
            14.2068563,
            37.3007962
          ]
        ]
      },
      "id": "way/1249165249"
    },
    {
      "type": "Feature",
      "properties": {
        "@id": "way/1249168612",
        "highway": "residential",
        "name": "Via Puglie",
        "surface": "paving_stones"
      },
      "geometry": {
        "type": "LineString",
        "coordinates": [
          [
            14.2103721,
            37.3006748
          ],
          [
            14.2100027,
            37.3006882
          ]
        ]
      },
      "id": "way/1249168612"
    },
    {
      "type": "Feature",
      "properties": {
        "@id": "way/1249168614",
        "highway": "residential",
        "name": "Via Sicilia",
        "oneway": "yes",
        "surface": "asphalt"
      },
      "geometry": {
        "type": "LineString",
        "coordinates": [
          [
            14.2101795,
            37.3011142
          ],
          [
            14.210102,
            37.300926
          ],
          [
            14.2100027,
            37.3006882
          ]
        ]
      },
      "id": "way/1249168614"
    },
    {
      "type": "Feature",
      "properties": {
        "@id": "way/1249168615",
        "highway": "residential",
        "name": "Via Puglie",
        "surface": "asphalt"
      },
      "geometry": {
        "type": "LineString",
        "coordinates": [
          [
            14.2100027,
            37.3006882
          ],
          [
            14.2098995,
            37.3007073
          ],
          [
            14.209424,
            37.3006897
          ]
        ]
      },
      "id": "way/1249168615"
    },
    {
      "type": "Feature",
      "properties": {
        "@id": "way/1249268842",
        "highway": "residential"
      },
      "geometry": {
        "type": "LineString",
        "coordinates": [
          [
            14.2247324,
            37.3070386
          ],
          [
            14.2247676,
            37.3069633
          ],
          [
            14.2248055,
            37.3068999
          ],
          [
            14.2249439,
            37.3067104
          ]
        ]
      },
      "id": "way/1249268842"
    },
    {
      "type": "Feature",
      "properties": {
        "@id": "way/1249293350",
        "highway": "residential",
        "surface": "paving_stones"
      },
      "geometry": {
        "type": "LineString",
        "coordinates": [
          [
            14.2203544,
            37.3054538
          ],
          [
            14.220301,
            37.3054593
          ],
          [
            14.2202705,
            37.30547
          ],
          [
            14.2202446,
            37.3054867
          ],
          [
            14.2202253,
            37.3055083
          ],
          [
            14.2202142,
            37.3055295
          ],
          [
            14.2202121,
            37.3055546
          ]
        ]
      },
      "id": "way/1249293350"
    },
    {
      "type": "Feature",
      "properties": {
        "@id": "way/1249293352",
        "highway": "footway"
      },
      "geometry": {
        "type": "LineString",
        "coordinates": [
          [
            14.220642,
            37.3059056
          ],
          [
            14.2207946,
            37.3058865
          ]
        ]
      },
      "id": "way/1249293352"
    },
    {
      "type": "Feature",
      "properties": {
        "@id": "way/1249293353",
        "highway": "steps"
      },
      "geometry": {
        "type": "LineString",
        "coordinates": [
          [
            14.2209012,
            37.3059751
          ],
          [
            14.2207946,
            37.3058865
          ]
        ]
      },
      "id": "way/1249293353"
    },
    {
      "type": "Feature",
      "properties": {
        "@id": "way/1249293355",
        "highway": "residential",
        "name": "Via Licciardi",
        "surface": "sett"
      },
      "geometry": {
        "type": "LineString",
        "coordinates": [
          [
            14.2205323,
            37.3057823
          ],
          [
            14.2203292,
            37.3058449
          ],
          [
            14.2202152,
            37.3058769
          ],
          [
            14.2201428,
            37.3058876
          ],
          [
            14.2200918,
            37.3058876
          ],
          [
            14.2200355,
            37.3058844
          ],
          [
            14.2199403,
            37.3058684
          ],
          [
            14.2198183,
            37.3058566
          ]
        ]
      },
      "id": "way/1249293355"
    },
    {
      "type": "Feature",
      "properties": {
        "@id": "way/1249293356",
        "highway": "pedestrian",
        "name": "Via Italia"
      },
      "geometry": {
        "type": "LineString",
        "coordinates": [
          [
            14.2198021,
            37.3056187
          ],
          [
            14.2198108,
            37.3057505
          ]
        ]
      },
      "id": "way/1249293356"
    },
    {
      "type": "Feature",
      "properties": {
        "@id": "way/1249293357",
        "highway": "steps",
        "name": "Via Bonaffini"
      },
      "geometry": {
        "type": "LineString",
        "coordinates": [
          [
            14.2196741,
            37.305759
          ],
          [
            14.2196748,
            37.3058118
          ],
          [
            14.2196792,
            37.3059062
          ],
          [
            14.2196801,
            37.305991
          ]
        ]
      },
      "id": "way/1249293357"
    },
    {
      "type": "Feature",
      "properties": {
        "@id": "way/1249293358",
        "highway": "steps"
      },
      "geometry": {
        "type": "LineString",
        "coordinates": [
          [
            14.2191598,
            37.3055889
          ],
          [
            14.2190069,
            37.3055889
          ],
          [
            14.2190029,
            37.3056529
          ],
          [
            14.2190064,
            37.3056845
          ]
        ]
      },
      "id": "way/1249293358"
    },
    {
      "type": "Feature",
      "properties": {
        "@id": "way/1249293360",
        "highway": "footway",
        "name": "Via Fico"
      },
      "geometry": {
        "type": "LineString",
        "coordinates": [
          [
            14.2200885,
            37.3052422
          ],
          [
            14.220116,
            37.3053521
          ],
          [
            14.2200838,
            37.3053681
          ],
          [
            14.2200463,
            37.3053841
          ],
          [
            14.2200342,
            37.305415
          ]
        ]
      },
      "id": "way/1249293360"
    },
    {
      "type": "Feature",
      "properties": {
        "@id": "way/1249293361",
        "highway": "residential",
        "surface": "paving_stones"
      },
      "geometry": {
        "type": "LineString",
        "coordinates": [
          [
            14.2208,
            37.305071
          ],
          [
            14.2208109,
            37.3051787
          ]
        ]
      },
      "id": "way/1249293361"
    },
    {
      "type": "Feature",
      "properties": {
        "@id": "way/1249293362",
        "highway": "residential",
        "name": "Via Galizia",
        "surface": "paving_stones"
      },
      "geometry": {
        "type": "LineString",
        "coordinates": [
          [
            14.2197123,
            37.3051611
          ],
          [
            14.2197794,
            37.305143
          ],
          [
            14.2197981,
            37.3051259
          ],
          [
            14.2200784,
            37.305047
          ],
          [
            14.2202307,
            37.3050102
          ],
          [
            14.2205586,
            37.3049168
          ],
          [
            14.2210192,
            37.3047781
          ]
        ]
      },
      "id": "way/1249293362"
    },
    {
      "type": "Feature",
      "properties": {
        "@id": "way/1249293363",
        "highway": "residential",
        "name": "Via Palermo",
        "surface": "paving_stones"
      },
      "geometry": {
        "type": "LineString",
        "coordinates": [
          [
            14.2213183,
            37.305152
          ],
          [
            14.2213055,
            37.3050027
          ],
          [
            14.2212271,
            37.3049968
          ],
          [
            14.2210776,
            37.3049947
          ],
          [
            14.2207906,
            37.3050187
          ]
        ]
      },
      "id": "way/1249293363"
    },
    {
      "type": "Feature",
      "properties": {
        "@id": "way/1249293364",
        "highway": "residential",
        "name": "Via Buccola",
        "surface": "paving_stones"
      },
      "geometry": {
        "type": "LineString",
        "coordinates": [
          [
            14.2207906,
            37.3050187
          ],
          [
            14.2208,
            37.305071
          ],
          [
            14.2203795,
            37.3051126
          ],
          [
            14.2203272,
            37.3050998
          ],
          [
            14.2202655,
            37.3051024
          ],
          [
            14.2202307,
            37.3050102
          ]
        ]
      },
      "id": "way/1249293364"
    },
    {
      "type": "Feature",
      "properties": {
        "@id": "way/1249293365",
        "highway": "residential",
        "name": "Via Salita Madonna",
        "surface": "asphalt"
      },
      "geometry": {
        "type": "LineString",
        "coordinates": [
          [
            14.2213183,
            37.305152
          ],
          [
            14.2213277,
            37.3052694
          ],
          [
            14.2213163,
            37.3054433
          ],
          [
            14.2212921,
            37.3055553
          ],
          [
            14.2212573,
            37.3056539
          ],
          [
            14.221215,
            37.3057441
          ],
          [
            14.2211808,
            37.3057803
          ],
          [
            14.2211252,
            37.3058262
          ],
          [
            14.2209012,
            37.3059751
          ],
          [
            14.2207376,
            37.3060838
          ],
          [
            14.220346,
            37.3063516
          ],
          [
            14.2203172,
            37.3063494
          ],
          [
            14.2202199,
            37.3062566
          ]
        ]
      },
      "id": "way/1249293365"
    },
    {
      "type": "Feature",
      "properties": {
        "@id": "way/1249293366",
        "highway": "residential",
        "name": "Via Pero",
        "narrow": "yes",
        "surface": "sett"
      },
      "geometry": {
        "type": "LineString",
        "coordinates": [
          [
            14.2193507,
            37.3051768
          ],
          [
            14.2194112,
            37.3051915
          ],
          [
            14.219489,
            37.3051782
          ],
          [
            14.2196265,
            37.3051632
          ],
          [
            14.2197123,
            37.3051611
          ],
          [
            14.2198022,
            37.3051835
          ],
          [
            14.2198893,
            37.3051984
          ],
          [
            14.2199859,
            37.3052267
          ],
          [
            14.2200201,
            37.3052352
          ],
          [
            14.2200885,
            37.3052422
          ],
          [
            14.2201757,
            37.3052416
          ],
          [
            14.220226,
            37.3052336
          ],
          [
            14.2203145,
            37.3052187
          ],
          [
            14.220641,
            37.3051926
          ],
          [
            14.2208109,
            37.3051787
          ],
          [
            14.220975,
            37.3051654
          ],
          [
            14.2211647,
            37.3051584
          ],
          [
            14.2213183,
            37.305152
          ]
        ]
      },
      "id": "way/1249293366"
    },
    {
      "type": "Feature",
      "properties": {
        "@id": "way/1249293371",
        "access": "customers",
        "highway": "service",
        "service": "parking_aisle"
      },
      "geometry": {
        "type": "LineString",
        "coordinates": [
          [
            14.2236136,
            37.3071729
          ],
          [
            14.2231415,
            37.3069586
          ],
          [
            14.2232086,
            37.3068743
          ],
          [
            14.2234562,
            37.3069839
          ],
          [
            14.2236807,
            37.3070876
          ],
          [
            14.2236136,
            37.3071729
          ]
        ]
      },
      "id": "way/1249293371"
    },
    {
      "type": "Feature",
      "properties": {
        "@id": "way/1249293373",
        "highway": "service",
        "service": "driveway"
      },
      "geometry": {
        "type": "LineString",
        "coordinates": [
          [
            14.2235478,
            37.3068633
          ],
          [
            14.2234845,
            37.3069476
          ]
        ]
      },
      "id": "way/1249293373"
    },
    {
      "type": "Feature",
      "properties": {
        "@id": "way/1249296037",
        "highway": "residential",
        "name": "Via Leonardo Da Vinci",
        "surface": "paving_stones"
      },
      "geometry": {
        "type": "LineString",
        "coordinates": [
          [
            14.2201991,
            37.3062353
          ],
          [
            14.2200248,
            37.3062758
          ],
          [
            14.2199457,
            37.3063238
          ],
          [
            14.219723,
            37.3063985
          ],
          [
            14.2194548,
            37.3064743
          ],
          [
            14.2193556,
            37.3064988
          ],
          [
            14.2192107,
            37.3065319
          ],
          [
            14.2190284,
            37.3065927
          ],
          [
            14.2188996,
            37.3066332
          ],
          [
            14.2188513,
            37.3066289
          ],
          [
            14.2187467,
            37.306598
          ],
          [
            14.2186435,
            37.3065521
          ],
          [
            14.2185603,
            37.3064807
          ],
          [
            14.2184852,
            37.3064348
          ]
        ]
      },
      "id": "way/1249296037"
    },
    {
      "type": "Feature",
      "properties": {
        "@id": "way/1249296038",
        "highway": "residential",
        "name": "Via Lo Nobile",
        "narrow": "yes",
        "surface": "paving_stones"
      },
      "geometry": {
        "type": "LineString",
        "coordinates": [
          [
            14.2187467,
            37.306598
          ],
          [
            14.2187645,
            37.3065521
          ],
          [
            14.218787,
            37.3065239
          ],
          [
            14.2188956,
            37.3064359
          ],
          [
            14.2190793,
            37.3063783
          ],
          [
            14.2190833,
            37.3063633
          ],
          [
            14.2192818,
            37.3063068
          ],
          [
            14.2195165,
            37.3062417
          ],
          [
            14.2195795,
            37.3062556
          ],
          [
            14.2196647,
            37.3062513
          ],
          [
            14.219723,
            37.3063985
          ]
        ]
      },
      "id": "way/1249296038"
    },
    {
      "type": "Feature",
      "properties": {
        "@id": "way/1249296039",
        "highway": "footway",
        "name": "Via Mannella"
      },
      "geometry": {
        "type": "LineString",
        "coordinates": [
          [
            14.2197016,
            37.3061308
          ],
          [
            14.2198706,
            37.3061276
          ],
          [
            14.2200261,
            37.3061308
          ],
          [
            14.2201643,
            37.3061201
          ],
          [
            14.2201911,
            37.3061382
          ],
          [
            14.2201991,
            37.3062353
          ],
          [
            14.2202199,
            37.3062566
          ]
        ]
      },
      "id": "way/1249296039"
    },
    {
      "type": "Feature",
      "properties": {
        "@id": "way/1249296040",
        "highway": "residential",
        "name": "Via Virga"
      },
      "geometry": {
        "type": "LineString",
        "coordinates": [
          [
            14.2200248,
            37.3062758
          ],
          [
            14.2200261,
            37.3061308
          ],
          [
            14.2200261,
            37.3060081
          ],
          [
            14.2198344,
            37.3059921
          ],
          [
            14.2196801,
            37.305991
          ]
        ]
      },
      "id": "way/1249296040"
    },
    {
      "type": "Feature",
      "properties": {
        "@id": "way/1249296041",
        "highway": "pedestrian",
        "name": "Via Licciardi"
      },
      "geometry": {
        "type": "LineString",
        "coordinates": [
          [
            14.2198183,
            37.3058566
          ],
          [
            14.2198149,
            37.3058177
          ],
          [
            14.2196748,
            37.3058118
          ]
        ]
      },
      "id": "way/1249296041"
    },
    {
      "type": "Feature",
      "properties": {
        "@id": "way/1249296042",
        "highway": "residential",
        "name": "Via Caramanna",
        "surface": "paving_stones"
      },
      "geometry": {
        "type": "LineString",
        "coordinates": [
          [
            14.2187461,
            37.3059574
          ],
          [
            14.2188178,
            37.3059382
          ],
          [
            14.2188822,
            37.305926
          ],
          [
            14.2189566,
            37.3059286
          ],
          [
            14.2190877,
            37.3059342
          ],
          [
            14.2191195,
            37.3059265
          ],
          [
            14.2191853,
            37.3059142
          ],
          [
            14.2194065,
            37.3059068
          ],
          [
            14.2196792,
            37.3059062
          ]
        ]
      },
      "id": "way/1249296042"
    },
    {
      "type": "Feature",
      "properties": {
        "@id": "way/1249296911",
        "highway": "footway",
        "name": "Via Caramanna"
      },
      "geometry": {
        "type": "LineString",
        "coordinates": [
          [
            14.2185233,
            37.3059571
          ],
          [
            14.2185489,
            37.3059734
          ],
          [
            14.2186106,
            37.3059436
          ],
          [
            14.2187078,
            37.3059201
          ],
          [
            14.2187461,
            37.3059574
          ]
        ]
      },
      "id": "way/1249296911"
    },
    {
      "type": "Feature",
      "properties": {
        "@id": "way/1249296912",
        "highway": "residential",
        "name": "Via Nicosiano",
        "narrow": "yes",
        "surface": "paving_stones"
      },
      "geometry": {
        "type": "LineString",
        "coordinates": [
          [
            14.2184222,
            37.3058305
          ],
          [
            14.2185233,
            37.3059571
          ],
          [
            14.2183726,
            37.3060582
          ],
          [
            14.2183585,
            37.306087
          ],
          [
            14.2183323,
            37.3061398
          ],
          [
            14.2182706,
            37.3063265
          ],
          [
            14.2182378,
            37.3064412
          ],
          [
            14.2182168,
            37.3065546
          ]
        ]
      },
      "id": "way/1249296912"
    },
    {
      "type": "Feature",
      "properties": {
        "@id": "way/1249296913",
        "highway": "residential",
        "name": "Via Agnello",
        "surface": "paving_stones"
      },
      "geometry": {
        "type": "LineString",
        "coordinates": [
          [
            14.2191611,
            37.3060636
          ],
          [
            14.2193677,
            37.3060305
          ]
        ]
      },
      "id": "way/1249296913"
    },
    {
      "type": "Feature",
      "properties": {
        "@id": "way/1249296914",
        "highway": "residential",
        "name": "Via Agnello",
        "surface": "paving_stones"
      },
      "geometry": {
        "type": "LineString",
        "coordinates": [
          [
            14.2188956,
            37.3064359
          ],
          [
            14.2189318,
            37.3063526
          ],
          [
            14.2190015,
            37.3062321
          ],
          [
            14.2190431,
            37.306183
          ],
          [
            14.2191061,
            37.3061158
          ],
          [
            14.2191611,
            37.3060636
          ],
          [
            14.2191169,
            37.3060049
          ],
          [
            14.2190877,
            37.3059342
          ]
        ]
      },
      "id": "way/1249296914"
    },
    {
      "type": "Feature",
      "properties": {
        "@id": "way/1249296915",
        "highway": "residential",
        "name": "Via Lo Guzzo",
        "surface": "paving_stones"
      },
      "geometry": {
        "type": "LineString",
        "coordinates": [
          [
            14.2184275,
            37.3065874
          ],
          [
            14.2184852,
            37.3064348
          ],
          [
            14.2184879,
            37.3064017
          ],
          [
            14.2185549,
            37.3062897
          ],
          [
            14.218673,
            37.3060881
          ],
          [
            14.2187011,
            37.3060465
          ],
          [
            14.2187601,
            37.3059985
          ],
          [
            14.2187461,
            37.3059574
          ]
        ]
      },
      "id": "way/1249296915"
    },
    {
      "type": "Feature",
      "properties": {
        "@id": "way/1249303242",
        "highway": "residential"
      },
      "geometry": {
        "type": "LineString",
        "coordinates": [
          [
            14.2174668,
            37.3063715
          ],
          [
            14.2175155,
            37.3063763
          ],
          [
            14.2175538,
            37.3063654
          ],
          [
            14.2175893,
            37.3062524
          ]
        ]
      },
      "id": "way/1249303242"
    },
    {
      "type": "Feature",
      "properties": {
        "@id": "way/1249303243",
        "highway": "steps"
      },
      "geometry": {
        "type": "LineString",
        "coordinates": [
          [
            14.2175893,
            37.3062524
          ],
          [
            14.2176212,
            37.3061519
          ],
          [
            14.2176339,
            37.306122
          ]
        ]
      },
      "id": "way/1249303243"
    },
    {
      "type": "Feature",
      "properties": {
        "@id": "way/1249416974",
        "highway": "footway",
        "name": "Via Principe di Butera"
      },
      "geometry": {
        "type": "LineString",
        "coordinates": [
          [
            14.2159358,
            37.3057286
          ],
          [
            14.2159224,
            37.3056921
          ]
        ]
      },
      "id": "way/1249416974"
    },
    {
      "type": "Feature",
      "properties": {
        "@id": "way/1249416975",
        "highway": "footway",
        "name": "Via Carcere"
      },
      "geometry": {
        "type": "LineString",
        "coordinates": [
          [
            14.216267,
            37.3057691
          ],
          [
            14.216255,
            37.3059007
          ],
          [
            14.2162375,
            37.3059164
          ],
          [
            14.2161745,
            37.3059313
          ],
          [
            14.2161906,
            37.3060732
          ],
          [
            14.2162321,
            37.3063142
          ],
          [
            14.2162456,
            37.30635
          ]
        ]
      },
      "id": "way/1249416975"
    },
    {
      "type": "Feature",
      "properties": {
        "@id": "way/1249416976",
        "highway": "footway",
        "name": "Via Principe di Butera"
      },
      "geometry": {
        "type": "LineString",
        "coordinates": [
          [
            14.2159326,
            37.3056264
          ],
          [
            14.2159469,
            37.3055403
          ]
        ]
      },
      "id": "way/1249416976"
    },
    {
      "type": "Feature",
      "properties": {
        "@id": "way/1249416977",
        "highway": "steps",
        "name": "Via Principe di Butera"
      },
      "geometry": {
        "type": "LineString",
        "coordinates": [
          [
            14.2159469,
            37.3055403
          ],
          [
            14.2159653,
            37.30543
          ]
        ]
      },
      "id": "way/1249416977"
    },
    {
      "type": "Feature",
      "properties": {
        "@id": "way/1249416978",
        "highway": "steps",
        "name": "Via Principe di Butera"
      },
      "geometry": {
        "type": "LineString",
        "coordinates": [
          [
            14.2159326,
            37.3056264
          ],
          [
            14.2159224,
            37.3056921
          ]
        ]
      },
      "id": "way/1249416978"
    },
    {
      "type": "Feature",
      "properties": {
        "@id": "way/1249416979",
        "highway": "residential",
        "name": "Via Principe di Butera",
        "narrow": "yes"
      },
      "geometry": {
        "type": "LineString",
        "coordinates": [
          [
            14.2168136,
            37.3058294
          ],
          [
            14.216267,
            37.3057691
          ],
          [
            14.2159358,
            37.3057286
          ]
        ]
      },
      "id": "way/1249416979"
    },
    {
      "type": "Feature",
      "properties": {
        "@id": "way/1249416980",
        "highway": "residential",
        "oneway": "yes",
        "surface": "sett"
      },
      "geometry": {
        "type": "LineString",
        "coordinates": [
          [
            14.216961,
            37.3053318
          ],
          [
            14.2169167,
            37.3055276
          ]
        ]
      },
      "id": "way/1249416980"
    },
    {
      "type": "Feature",
      "properties": {
        "@id": "way/1249416982",
        "highway": "residential",
        "surface": "sett"
      },
      "geometry": {
        "type": "LineString",
        "coordinates": [
          [
            14.2170088,
            37.305539
          ],
          [
            14.2169805,
            37.3057137
          ],
          [
            14.216859,
            37.3057002
          ]
        ]
      },
      "id": "way/1249416982"
    },
    {
      "type": "Feature",
      "properties": {
        "@id": "way/1249416984",
        "highway": "residential",
        "surface": "sett"
      },
      "geometry": {
        "type": "LineString",
        "coordinates": [
          [
            14.2177514,
            37.3056996
          ],
          [
            14.2177107,
            37.305691
          ],
          [
            14.2174238,
            37.3056258
          ],
          [
            14.2173568,
            37.3055917
          ],
          [
            14.2171857,
            37.305563
          ],
          [
            14.2171244,
            37.3055546
          ],
          [
            14.2170363,
            37.3055424
          ],
          [
            14.2170088,
            37.305539
          ],
          [
            14.2169167,
            37.3055276
          ],
          [
            14.216859,
            37.3057002
          ],
          [
            14.2168438,
            37.3057432
          ]
        ]
      },
      "id": "way/1249416984"
    },
    {
      "type": "Feature",
      "properties": {
        "@id": "way/1249416988",
        "highway": "residential",
        "name": "Via Nicola Passero"
      },
      "geometry": {
        "type": "LineString",
        "coordinates": [
          [
            14.2180333,
            37.3064732
          ],
          [
            14.2180869,
            37.3063334
          ],
          [
            14.2181244,
            37.3062566
          ],
          [
            14.2181969,
            37.3061222
          ]
        ]
      },
      "id": "way/1249416988"
    },
    {
      "type": "Feature",
      "properties": {
        "@id": "way/1249463302",
        "highway": "residential",
        "name": "Via Giarrizzo",
        "surface": "paving_stones"
      },
      "geometry": {
        "type": "LineString",
        "coordinates": [
          [
            14.2170462,
            37.3045584
          ],
          [
            14.2170455,
            37.3046213
          ],
          [
            14.2170512,
            37.3046813
          ],
          [
            14.2170703,
            37.3047278
          ],
          [
            14.2171092,
            37.3048075
          ],
          [
            14.2171159,
            37.304896
          ],
          [
            14.2171268,
            37.3050715
          ],
          [
            14.2171288,
            37.3050946
          ],
          [
            14.2171344,
            37.3051286
          ],
          [
            14.2171401,
            37.3051631
          ]
        ]
      },
      "id": "way/1249463302"
    },
    {
      "type": "Feature",
      "properties": {
        "@id": "way/1249463304",
        "alt_name": "Corso Vittorio Emanuele II",
        "highway": "residential",
        "name": "Corso Vittorio Emanuele Secondo",
        "oneway": "yes",
        "surface": "sett"
      },
      "geometry": {
        "type": "LineString",
        "coordinates": [
          [
            14.2152198,
            37.3051732
          ],
          [
            14.2152548,
            37.3051717
          ],
          [
            14.215311,
            37.3051693
          ],
          [
            14.2154986,
            37.3051682
          ],
          [
            14.2156065,
            37.3051675
          ],
          [
            14.2156303,
            37.3051673
          ],
          [
            14.2161015,
            37.3051907
          ],
          [
            14.2161627,
            37.3051914
          ],
          [
            14.2162089,
            37.305192
          ],
          [
            14.2169628,
            37.3051699
          ],
          [
            14.2169839,
            37.3051693
          ],
          [
            14.2171401,
            37.3051631
          ],
          [
            14.2171951,
            37.3051622
          ],
          [
            14.2173631,
            37.305161
          ],
          [
            14.2179005,
            37.305272
          ]
        ]
      },
      "id": "way/1249463304"
    },
    {
      "type": "Feature",
      "properties": {
        "@id": "way/1249499313",
        "highway": "footway"
      },
      "geometry": {
        "type": "LineString",
        "coordinates": [
          [
            14.2183381,
            37.3051899
          ],
          [
            14.2184936,
            37.3051421
          ],
          [
            14.2185455,
            37.3051251
          ]
        ]
      },
      "id": "way/1249499313"
    },
    {
      "type": "Feature",
      "properties": {
        "@id": "way/1249499314",
        "highway": "footway"
      },
      "geometry": {
        "type": "LineString",
        "coordinates": [
          [
            14.2182579,
            37.3052089
          ],
          [
            14.2180955,
            37.3052682
          ]
        ]
      },
      "id": "way/1249499314"
    },
    {
      "type": "Feature",
      "properties": {
        "@id": "way/1249499315",
        "highway": "footway"
      },
      "geometry": {
        "type": "LineString",
        "coordinates": [
          [
            14.2183186,
            37.3052282
          ],
          [
            14.2183929,
            37.3053335
          ]
        ]
      },
      "id": "way/1249499315"
    },
    {
      "type": "Feature",
      "properties": {
        "@id": "way/1249499316",
        "highway": "footway"
      },
      "geometry": {
        "type": "LineString",
        "coordinates": [
          [
            14.2182744,
            37.3051713
          ],
          [
            14.2181901,
            37.3050648
          ],
          [
            14.2181542,
            37.3050194
          ]
        ]
      },
      "id": "way/1249499316"
    },
    {
      "type": "Feature",
      "properties": {
        "@id": "way/1249499317",
        "highway": "footway"
      },
      "geometry": {
        "type": "LineString",
        "coordinates": [
          [
            14.2183099,
            37.3051654
          ],
          [
            14.2183324,
            37.3051775
          ],
          [
            14.2183381,
            37.3051899
          ],
          [
            14.2183417,
            37.3051978
          ],
          [
            14.2183342,
            37.3052186
          ],
          [
            14.2183186,
            37.3052282
          ],
          [
            14.2183128,
            37.3052318
          ],
          [
            14.2182856,
            37.3052326
          ],
          [
            14.2182631,
            37.3052205
          ],
          [
            14.2182579,
            37.3052089
          ],
          [
            14.2182539,
            37.3052002
          ],
          [
            14.2182614,
            37.3051794
          ],
          [
            14.2182744,
            37.3051713
          ],
          [
            14.2182828,
            37.3051661
          ],
          [
            14.2183099,
            37.3051654
          ]
        ]
      },
      "id": "way/1249499317"
    },
    {
      "type": "Feature",
      "properties": {
        "@id": "way/1249499323",
        "highway": "residential",
        "surface": "paving_stones"
      },
      "geometry": {
        "type": "LineString",
        "coordinates": [
          [
            14.2180368,
            37.3053011
          ],
          [
            14.2180548,
            37.3052584
          ],
          [
            14.2181542,
            37.3050194
          ],
          [
            14.2181644,
            37.3049949
          ]
        ]
      },
      "id": "way/1249499323"
    },
    {
      "type": "Feature",
      "properties": {
        "@id": "way/1249503896",
        "access": "private",
        "highway": "service",
        "service": "driveway"
      },
      "geometry": {
        "type": "LineString",
        "coordinates": [
          [
            14.2185859,
            37.305122
          ],
          [
            14.2187588,
            37.3051686
          ],
          [
            14.2188352,
            37.3050934
          ]
        ]
      },
      "id": "way/1249503896"
    },
    {
      "type": "Feature",
      "properties": {
        "@id": "way/1249503897",
        "highway": "service",
        "service": "driveway"
      },
      "geometry": {
        "type": "LineString",
        "coordinates": [
          [
            14.2185455,
            37.3051251
          ],
          [
            14.2185859,
            37.305122
          ]
        ]
      },
      "id": "way/1249503897"
    },
    {
      "type": "Feature",
      "properties": {
        "@id": "way/1249537651",
        "highway": "residential",
        "name": "Via Ragusa",
        "surface": "sett"
      },
      "geometry": {
        "type": "LineString",
        "coordinates": [
          [
            14.2186059,
            37.3050278
          ],
          [
            14.2187942,
            37.3048144
          ]
        ]
      },
      "id": "way/1249537651"
    },
    {
      "type": "Feature",
      "properties": {
        "@id": "way/1249541228",
        "access": "private",
        "highway": "service",
        "service": "driveway"
      },
      "geometry": {
        "type": "LineString",
        "coordinates": [
          [
            14.2149627,
            37.3083422
          ],
          [
            14.2151995,
            37.3083378
          ]
        ]
      },
      "id": "way/1249541228"
    },
    {
      "type": "Feature",
      "properties": {
        "@id": "way/1249541229",
        "highway": "service",
        "service": "driveway"
      },
      "geometry": {
        "type": "LineString",
        "coordinates": [
          [
            14.2149167,
            37.3083374
          ],
          [
            14.2149627,
            37.3083422
          ]
        ]
      },
      "id": "way/1249541229"
    },
    {
      "type": "Feature",
      "properties": {
        "@id": "way/1249541231",
        "access": "customers",
        "highway": "service",
        "service": "driveway"
      },
      "geometry": {
        "type": "LineString",
        "coordinates": [
          [
            14.2149272,
            37.3090682
          ],
          [
            14.214946,
            37.3090844
          ],
          [
            14.2151096,
            37.3092679
          ],
          [
            14.2152169,
            37.3093981
          ],
          [
            14.215284,
            37.3095112
          ],
          [
            14.2153255,
            37.3096192
          ],
          [
            14.215343,
            37.3096648
          ],
          [
            14.2154288,
            37.3099335
          ],
          [
            14.2154471,
            37.3099612
          ],
          [
            14.2154771,
            37.3099933
          ],
          [
            14.2155576,
            37.3100295
          ],
          [
            14.2157614,
            37.310068
          ],
          [
            14.2158915,
            37.3100893
          ],
          [
            14.2159532,
            37.3100968
          ],
          [
            14.2160088,
            37.3101084
          ],
          [
            14.2160603,
            37.3101152
          ],
          [
            14.2161125,
            37.3101176
          ],
          [
            14.2161623,
            37.3101158
          ],
          [
            14.2162116,
            37.31011
          ],
          [
            14.2162615,
            37.3100999
          ],
          [
            14.2162984,
            37.3100886
          ],
          [
            14.2163314,
            37.3100712
          ],
          [
            14.2163584,
            37.3100489
          ],
          [
            14.2163788,
            37.3100225
          ],
          [
            14.2163917,
            37.3099933
          ],
          [
            14.2163994,
            37.309968
          ],
          [
            14.2163998,
            37.3099421
          ],
          [
            14.2163922,
            37.3099154
          ],
          [
            14.216377,
            37.3098909
          ]
        ]
      },
      "id": "way/1249541231"
    },
    {
      "type": "Feature",
      "properties": {
        "@id": "way/1249541232",
        "highway": "service",
        "name": "Via Castelvecchio",
        "surface": "paving_stones"
      },
      "geometry": {
        "type": "LineString",
        "coordinates": [
          [
            14.2147859,
            37.3089742
          ],
          [
            14.2148656,
            37.3090151
          ]
        ]
      },
      "id": "way/1249541232"
    },
    {
      "type": "Feature",
      "properties": {
        "@id": "way/1249549613",
        "highway": "service"
      },
      "geometry": {
        "type": "LineString",
        "coordinates": [
          [
            14.2124624,
            37.3059173
          ],
          [
            14.2123651,
            37.3059258
          ],
          [
            14.2122155,
            37.3059633
          ],
          [
            14.2121297,
            37.3059953
          ],
          [
            14.212064,
            37.3060294
          ],
          [
            14.2119795,
            37.3061094
          ],
          [
            14.211887,
            37.306215
          ],
          [
            14.2117475,
            37.3063601
          ],
          [
            14.2117381,
            37.3064103
          ],
          [
            14.2117985,
            37.3065372
          ]
        ]
      },
      "id": "way/1249549613"
    },
    {
      "type": "Feature",
      "properties": {
        "@id": "way/1249555236",
        "bridge": "yes",
        "highway": "service",
        "layer": "1",
        "surface": "unpaved"
      },
      "geometry": {
        "type": "LineString",
        "coordinates": [
          [
            14.2025609,
            37.3152528
          ],
          [
            14.202514,
            37.3151195
          ]
        ]
      },
      "id": "way/1249555236"
    },
    {
      "type": "Feature",
      "properties": {
        "@id": "way/1249555237",
        "highway": "service",
        "surface": "unpaved"
      },
      "geometry": {
        "type": "LineString",
        "coordinates": [
          [
            14.2004371,
            37.3223605
          ],
          [
            14.2004111,
            37.3221289
          ],
          [
            14.2004299,
            37.3219924
          ],
          [
            14.2005587,
            37.3216767
          ],
          [
            14.2006391,
            37.3214485
          ],
          [
            14.2007652,
            37.3209984
          ],
          [
            14.2009047,
            37.3206379
          ],
          [
            14.2009342,
            37.3205419
          ],
          [
            14.2009476,
            37.3204225
          ],
          [
            14.2009744,
            37.3200833
          ],
          [
            14.2009932,
            37.3199767
          ],
          [
            14.2010254,
            37.3198721
          ],
          [
            14.201071,
            37.3196866
          ],
          [
            14.2011434,
            37.3194903
          ],
          [
            14.2012399,
            37.3187693
          ],
          [
            14.2012614,
            37.3184771
          ],
          [
            14.2012426,
            37.318251
          ],
          [
            14.2012748,
            37.3178414
          ],
          [
            14.2013043,
            37.3175663
          ],
          [
            14.2013338,
            37.317385
          ],
          [
            14.2013714,
            37.3172442
          ],
          [
            14.2014438,
            37.3170884
          ],
          [
            14.2015806,
            37.3168389
          ],
          [
            14.2017978,
            37.3165509
          ],
          [
            14.2019802,
            37.3162971
          ],
          [
            14.2020312,
            37.3161819
          ],
          [
            14.2020848,
            37.3160112
          ],
          [
            14.2021117,
            37.3159323
          ],
          [
            14.2021707,
            37.3158576
          ],
          [
            14.2022994,
            37.3156998
          ],
          [
            14.2025247,
            37.3153819
          ],
          [
            14.2025596,
            37.3153073
          ],
          [
            14.2025609,
            37.3152528
          ]
        ]
      },
      "id": "way/1249555237"
    },
    {
      "type": "Feature",
      "properties": {
        "@id": "way/1249559548",
        "access": "private",
        "highway": "service",
        "service": "driveway"
      },
      "geometry": {
        "type": "LineString",
        "coordinates": [
          [
            14.2111828,
            37.3077701
          ],
          [
            14.2112459,
            37.3079527
          ],
          [
            14.211262,
            37.3079751
          ],
          [
            14.2113076,
            37.3079794
          ],
          [
            14.2115799,
            37.3079954
          ],
          [
            14.2117073,
            37.3080007
          ]
        ]
      },
      "id": "way/1249559548"
    },
    {
      "type": "Feature",
      "properties": {
        "@id": "way/1249559552",
        "highway": "residential",
        "name": "Via Castelvecchio",
        "surface": "paving_stones"
      },
      "geometry": {
        "type": "LineString",
        "coordinates": [
          [
            14.2148898,
            37.3070349
          ],
          [
            14.2147717,
            37.3072156
          ],
          [
            14.2147528,
            37.3072458
          ],
          [
            14.2147396,
            37.3072779
          ],
          [
            14.2147323,
            37.3073112
          ],
          [
            14.214731,
            37.3073445
          ],
          [
            14.2147357,
            37.3073776
          ],
          [
            14.2147462,
            37.3074098
          ],
          [
            14.2149683,
            37.3080643
          ],
          [
            14.2149669,
            37.3081778
          ],
          [
            14.214948,
            37.308233
          ],
          [
            14.2149325,
            37.3082783
          ],
          [
            14.2149167,
            37.3083374
          ],
          [
            14.2147926,
            37.3088025
          ],
          [
            14.2147765,
            37.3088974
          ],
          [
            14.2147859,
            37.3089742
          ]
        ]
      },
      "id": "way/1249559552"
    },
    {
      "type": "Feature",
      "properties": {
        "@id": "way/1249639581",
        "highway": "steps"
      },
      "geometry": {
        "type": "LineString",
        "coordinates": [
          [
            14.2150322,
            37.3082253
          ],
          [
            14.2150885,
            37.3082201
          ]
        ]
      },
      "id": "way/1249639581"
    },
    {
      "type": "Feature",
      "properties": {
        "@id": "way/1249639582",
        "highway": "footway"
      },
      "geometry": {
        "type": "LineString",
        "coordinates": [
          [
            14.214948,
            37.308233
          ],
          [
            14.2150322,
            37.3082253
          ]
        ]
      },
      "id": "way/1249639582"
    },
    {
      "type": "Feature",
      "properties": {
        "@id": "way/1249639585",
        "highway": "residential",
        "name": "Via Mandre",
        "surface": "sett"
      },
      "geometry": {
        "type": "LineString",
        "coordinates": [
          [
            14.2166828,
            37.3068407
          ],
          [
            14.2166982,
            37.3069548
          ],
          [
            14.2166667,
            37.3071122
          ],
          [
            14.2166573,
            37.3072823
          ],
          [
            14.2166445,
            37.3073911
          ],
          [
            14.2166527,
            37.3074328
          ]
        ]
      },
      "id": "way/1249639585"
    },
    {
      "type": "Feature",
      "properties": {
        "@id": "way/1249639586",
        "highway": "footway",
        "name": "Via Carini",
        "surface": "concrete"
      },
      "geometry": {
        "type": "LineString",
        "coordinates": [
          [
            14.2167847,
            37.3066231
          ],
          [
            14.2168464,
            37.3066172
          ],
          [
            14.2169464,
            37.3066242
          ]
        ]
      },
      "id": "way/1249639586"
    },
    {
      "type": "Feature",
      "properties": {
        "@id": "way/1249639587",
        "highway": "steps"
      },
      "geometry": {
        "type": "LineString",
        "coordinates": [
          [
            14.2163716,
            37.3069175
          ],
          [
            14.2165098,
            37.3069329
          ]
        ]
      },
      "id": "way/1249639587"
    },
    {
      "type": "Feature",
      "properties": {
        "@id": "way/1249639588",
        "highway": "residential",
        "name": "Via Libertà",
        "narrow": "yes",
        "surface": "sett"
      },
      "geometry": {
        "type": "LineString",
        "coordinates": [
          [
            14.2165122,
            37.3066604
          ],
          [
            14.2165305,
            37.3067087
          ],
          [
            14.2165319,
            37.3067271
          ],
          [
            14.2165158,
            37.3067993
          ],
          [
            14.2165098,
            37.3069329
          ],
          [
            14.2165292,
            37.3069649
          ],
          [
            14.2166157,
            37.3070833
          ],
          [
            14.2166667,
            37.3071122
          ]
        ]
      },
      "id": "way/1249639588"
    },
    {
      "type": "Feature",
      "properties": {
        "@id": "way/1249639589",
        "highway": "residential",
        "name": "Via Andronaco",
        "narrow": "yes",
        "surface": "asphalt"
      },
      "geometry": {
        "type": "LineString",
        "coordinates": [
          [
            14.2163736,
            37.3068081
          ],
          [
            14.2163716,
            37.3069175
          ],
          [
            14.2163703,
            37.3070369
          ],
          [
            14.2163756,
            37.3070759
          ],
          [
            14.2163964,
            37.3071303
          ],
          [
            14.2164159,
            37.307158
          ],
          [
            14.2164394,
            37.3072284
          ],
          [
            14.2164427,
            37.3072967
          ],
          [
            14.2164259,
            37.3074572
          ],
          [
            14.2164253,
            37.3075234
          ],
          [
            14.2164259,
            37.3075532
          ],
          [
            14.2164098,
            37.30759
          ],
          [
            14.2163944,
            37.3076108
          ],
          [
            14.2163146,
            37.3076716
          ],
          [
            14.2162777,
            37.3076967
          ],
          [
            14.2162602,
            37.3077182
          ]
        ]
      },
      "id": "way/1249639589"
    },
    {
      "type": "Feature",
      "properties": {
        "@id": "way/1249639590",
        "highway": "steps",
        "name": "Via Carini"
      },
      "geometry": {
        "type": "LineString",
        "coordinates": [
          [
            14.2165882,
            37.3066017
          ],
          [
            14.2166144,
            37.3066268
          ],
          [
            14.2166559,
            37.30663
          ],
          [
            14.2166868,
            37.3066273
          ],
          [
            14.2167129,
            37.306622
          ],
          [
            14.2167847,
            37.3066231
          ]
        ]
      },
      "id": "way/1249639590"
    },
    {
      "type": "Feature",
      "properties": {
        "@id": "way/1249639592",
        "highway": "residential",
        "surface": "sett"
      },
      "geometry": {
        "type": "LineString",
        "coordinates": [
          [
            14.2172272,
            37.3063073
          ],
          [
            14.2172397,
            37.3062534
          ],
          [
            14.2173104,
            37.3061462
          ],
          [
            14.2172971,
            37.306053
          ]
        ]
      },
      "id": "way/1249639592"
    },
    {
      "type": "Feature",
      "properties": {
        "@id": "way/1249654104",
        "highway": "footway",
        "name": "Via Quattrocchi"
      },
      "geometry": {
        "type": "LineString",
        "coordinates": [
          [
            14.2162456,
            37.30635
          ],
          [
            14.2160008,
            37.3064615
          ],
          [
            14.2159431,
            37.3064785
          ]
        ]
      },
      "id": "way/1249654104"
    },
    {
      "type": "Feature",
      "properties": {
        "@id": "way/1249654105",
        "highway": "residential",
        "name": "Via Concezione",
        "narrow": "yes",
        "surface": "sett"
      },
      "geometry": {
        "type": "LineString",
        "coordinates": [
          [
            14.215571,
            37.3061596
          ],
          [
            14.2154396,
            37.3061798
          ],
          [
            14.2150614,
            37.30623
          ]
        ]
      },
      "id": "way/1249654105"
    },
    {
      "type": "Feature",
      "properties": {
        "@id": "way/1249654106",
        "highway": "footway",
        "name": "Via Concezione"
      },
      "geometry": {
        "type": "LineString",
        "coordinates": [
          [
            14.2158781,
            37.3061702
          ],
          [
            14.2155911,
            37.3061862
          ],
          [
            14.215571,
            37.3061596
          ]
        ]
      },
      "id": "way/1249654106"
    },
    {
      "type": "Feature",
      "properties": {
        "@id": "way/1249654107",
        "highway": "residential",
        "name": "Via Quattrocchi",
        "narrow": "yes",
        "surface": "sett"
      },
      "geometry": {
        "type": "LineString",
        "coordinates": [
          [
            14.2159431,
            37.3064785
          ],
          [
            14.2157889,
            37.3064919
          ],
          [
            14.2156883,
            37.3064892
          ],
          [
            14.2156132,
            37.3064977
          ],
          [
            14.2154389,
            37.3065447
          ],
          [
            14.2153504,
            37.3065537
          ],
          [
            14.2151687,
            37.306574
          ]
        ]
      },
      "id": "way/1249654107"
    },
    {
      "type": "Feature",
      "properties": {
        "@id": "way/1249654108",
        "highway": "steps",
        "name": "Via Carcere"
      },
      "geometry": {
        "type": "LineString",
        "coordinates": [
          [
            14.2162456,
            37.30635
          ],
          [
            14.2162523,
            37.3063633
          ],
          [
            14.2163362,
            37.3064706
          ]
        ]
      },
      "id": "way/1249654108"
    },
    {
      "type": "Feature",
      "properties": {
        "@id": "way/1249654109",
        "highway": "steps",
        "name": "Vicolo Stretto"
      },
      "geometry": {
        "type": "LineString",
        "coordinates": [
          [
            14.2165379,
            37.3066364
          ],
          [
            14.2163736,
            37.3065276
          ],
          [
            14.2163515,
            37.3065073
          ],
          [
            14.216319,
            37.306483
          ]
        ]
      },
      "id": "way/1249654109"
    },
    {
      "type": "Feature",
      "properties": {
        "@id": "way/1249654110",
        "highway": "residential",
        "name": "Via Carini",
        "surface": "concrete"
      },
      "geometry": {
        "type": "LineString",
        "coordinates": [
          [
            14.2171254,
            37.3066592
          ],
          [
            14.2170496,
            37.306558
          ],
          [
            14.2170027,
            37.3065794
          ],
          [
            14.2169464,
            37.3066242
          ],
          [
            14.2168504,
            37.30676
          ],
          [
            14.2168019,
            37.3068565
          ],
          [
            14.2167574,
            37.3069635
          ],
          [
            14.2166983,
            37.3073155
          ],
          [
            14.2166527,
            37.3074328
          ]
        ]
      },
      "id": "way/1249654110"
    },
    {
      "type": "Feature",
      "properties": {
        "@id": "way/1249654112",
        "highway": "footway",
        "name": "Via Rivalora"
      },
      "geometry": {
        "type": "LineString",
        "coordinates": [
          [
            14.2159881,
            37.3072551
          ],
          [
            14.2160216,
            37.3074898
          ],
          [
            14.2160278,
            37.3075646
          ]
        ]
      },
      "id": "way/1249654112"
    },
    {
      "type": "Feature",
      "properties": {
        "@id": "way/1249654114",
        "highway": "residential",
        "name": "Via Eremo",
        "surface": "sett"
      },
      "geometry": {
        "type": "LineString",
        "coordinates": [
          [
            14.2152759,
            37.3077287
          ],
          [
            14.2152714,
            37.3076952
          ],
          [
            14.2152317,
            37.3076423
          ],
          [
            14.2151828,
            37.3074849
          ]
        ]
      },
      "id": "way/1249654114"
    },
    {
      "type": "Feature",
      "properties": {
        "@id": "way/1249654115",
        "highway": "residential",
        "name": "Via Rivalora",
        "surface": "sett"
      },
      "geometry": {
        "type": "LineString",
        "coordinates": [
          [
            14.2151828,
            37.3074849
          ],
          [
            14.2152605,
            37.3074988
          ],
          [
            14.2152968,
            37.3075016
          ],
          [
            14.2154323,
            37.3074857
          ],
          [
            14.2156529,
            37.3074808
          ]
        ]
      },
      "id": "way/1249654115"
    },
    {
      "type": "Feature",
      "properties": {
        "@id": "way/1249654116",
        "highway": "footway"
      },
      "geometry": {
        "type": "LineString",
        "coordinates": [
          [
            14.2156529,
            37.3074808
          ],
          [
            14.2157535,
            37.3074825
          ],
          [
            14.2157823,
            37.3074862
          ],
          [
            14.2158125,
            37.3075523
          ],
          [
            14.2158816,
            37.3075619
          ],
          [
            14.2160278,
            37.3075646
          ],
          [
            14.2160672,
            37.3075719
          ]
        ]
      },
      "id": "way/1249654116"
    },
    {
      "type": "Feature",
      "properties": {
        "@id": "way/1249654117",
        "highway": "residential",
        "name": "Via Gioioso",
        "surface": "sett"
      },
      "geometry": {
        "type": "LineString",
        "coordinates": [
          [
            14.216153,
            37.3068892
          ],
          [
            14.2161819,
            37.3069905
          ],
          [
            14.2161939,
            37.3070636
          ],
          [
            14.2162033,
            37.3071164
          ],
          [
            14.2162167,
            37.3072604
          ],
          [
            14.2162194,
            37.3074327
          ],
          [
            14.2162127,
            37.3075527
          ],
          [
            14.2162047,
            37.3075687
          ],
          [
            14.2161866,
            37.3075756
          ],
          [
            14.2160672,
            37.3075719
          ]
        ]
      },
      "id": "way/1249654117"
    },
    {
      "type": "Feature",
      "properties": {
        "@id": "way/1249654121",
        "highway": "steps"
      },
      "geometry": {
        "type": "LineString",
        "coordinates": [
          [
            14.2160359,
            37.3076186
          ],
          [
            14.2160278,
            37.3075646
          ]
        ]
      },
      "id": "way/1249654121"
    },
    {
      "type": "Feature",
      "properties": {
        "@id": "way/1249654122",
        "highway": "footway"
      },
      "geometry": {
        "type": "LineString",
        "coordinates": [
          [
            14.2160477,
            37.307717
          ],
          [
            14.2160359,
            37.3076186
          ]
        ]
      },
      "id": "way/1249654122"
    },
    {
      "type": "Feature",
      "properties": {
        "@id": "way/1249654123",
        "highway": "steps"
      },
      "geometry": {
        "type": "LineString",
        "coordinates": [
          [
            14.2161859,
            37.307734
          ],
          [
            14.2161798,
            37.3076999
          ],
          [
            14.2160477,
            37.307717
          ]
        ]
      },
      "id": "way/1249654123"
    },
    {
      "type": "Feature",
      "properties": {
        "@id": "way/1249654125",
        "highway": "residential",
        "name": "Via Eremo",
        "oneway": "yes",
        "surface": "concrete"
      },
      "geometry": {
        "type": "LineString",
        "coordinates": [
          [
            14.2151828,
            37.3074849
          ],
          [
            14.2151821,
            37.307446
          ],
          [
            14.2151921,
            37.3074151
          ],
          [
            14.215211,
            37.3073923
          ],
          [
            14.215321,
            37.3072835
          ],
          [
            14.2154457,
            37.3072104
          ],
          [
            14.2154586,
            37.3072003
          ],
          [
            14.215466,
            37.3071871
          ],
          [
            14.2154669,
            37.3071732
          ],
          [
            14.2154617,
            37.3071599
          ],
          [
            14.2154463,
            37.307117
          ],
          [
            14.2154397,
            37.3070845
          ],
          [
            14.215431,
            37.3070259
          ],
          [
            14.2154464,
            37.3069742
          ]
        ]
      },
      "id": "way/1249654125"
    },
    {
      "type": "Feature",
      "properties": {
        "@id": "way/1249675348",
        "highway": "residential",
        "name": "Via Canale",
        "surface": "sett"
      },
      "geometry": {
        "type": "LineString",
        "coordinates": [
          [
            14.2129451,
            37.3056017
          ],
          [
            14.2131699,
            37.3054946
          ]
        ]
      },
      "id": "way/1249675348"
    },
    {
      "type": "Feature",
      "properties": {
        "@id": "way/1249675349",
        "highway": "steps",
        "name": "Vicolo Aldo Moro"
      },
      "geometry": {
        "type": "LineString",
        "coordinates": [
          [
            14.2134823,
            37.3063081
          ],
          [
            14.213665,
            37.3062631
          ]
        ]
      },
      "id": "way/1249675349"
    },
    {
      "type": "Feature",
      "properties": {
        "@id": "way/1249675350",
        "highway": "residential",
        "name": "Via Giovanni Gentile",
        "surface": "sett"
      },
      "geometry": {
        "type": "LineString",
        "coordinates": [
          [
            14.2136424,
            37.3061411
          ],
          [
            14.2136398,
            37.3062022
          ],
          [
            14.213665,
            37.3062631
          ],
          [
            14.2137364,
            37.3064359
          ],
          [
            14.2137431,
            37.3064881
          ],
          [
            14.2137377,
            37.3065159
          ],
          [
            14.2136988,
            37.306534
          ],
          [
            14.2136613,
            37.3065372
          ],
          [
            14.2136157,
            37.306518
          ],
          [
            14.2134823,
            37.3063081
          ],
          [
            14.2133045,
            37.306023
          ],
          [
            14.2131369,
            37.3058876
          ],
          [
            14.2129907,
            37.3057382
          ],
          [
            14.2129692,
            37.3056859
          ],
          [
            14.2129451,
            37.3056017
          ]
        ]
      },
      "id": "way/1249675350"
    },
    {
      "type": "Feature",
      "properties": {
        "@id": "way/1249675352",
        "highway": "pedestrian",
        "name": "Via Giunta"
      },
      "geometry": {
        "type": "LineString",
        "coordinates": [
          [
            14.2138753,
            37.3055645
          ],
          [
            14.2138255,
            37.3056283
          ],
          [
            14.2135727,
            37.3057745
          ],
          [
            14.2135379,
            37.3057905
          ],
          [
            14.2134418,
            37.3058583
          ]
        ]
      },
      "id": "way/1249675352"
    },
    {
      "type": "Feature",
      "properties": {
        "@id": "way/1249675353",
        "highway": "residential",
        "name": "Via Paraninfo",
        "narrow": "yes"
      },
      "geometry": {
        "type": "LineString",
        "coordinates": [
          [
            14.214452,
            37.3053538
          ],
          [
            14.2144391,
            37.3054447
          ],
          [
            14.2144304,
            37.3055547
          ],
          [
            14.21443,
            37.3055643
          ],
          [
            14.2144111,
            37.3055666
          ]
        ]
      },
      "id": "way/1249675353"
    },
    {
      "type": "Feature",
      "properties": {
        "@id": "way/1249675354",
        "highway": "residential",
        "name": "Via La Loggia",
        "oneway": "yes",
        "surface": "sett"
      },
      "geometry": {
        "type": "LineString",
        "coordinates": [
          [
            14.214189,
            37.3056841
          ],
          [
            14.2142017,
            37.3057122
          ],
          [
            14.2142166,
            37.3057393
          ],
          [
            14.2143938,
            37.3060607
          ]
        ]
      },
      "id": "way/1249675354"
    },
    {
      "type": "Feature",
      "properties": {
        "@id": "way/1249675355",
        "highway": "residential",
        "oneway": "yes",
        "surface": "sett"
      },
      "geometry": {
        "type": "LineString",
        "coordinates": [
          [
            14.2138753,
            37.3055645
          ],
          [
            14.2139334,
            37.305572
          ],
          [
            14.2140369,
            37.3055853
          ],
          [
            14.2141032,
            37.3056082
          ],
          [
            14.2141436,
            37.3056393
          ],
          [
            14.2141723,
            37.3056615
          ],
          [
            14.2141858,
            37.3056798
          ],
          [
            14.214189,
            37.3056841
          ]
        ]
      },
      "id": "way/1249675355"
    },
    {
      "type": "Feature",
      "properties": {
        "@id": "way/1249675356",
        "highway": "pedestrian",
        "name": "Via Azzolini"
      },
      "geometry": {
        "type": "LineString",
        "coordinates": [
          [
            14.213584,
            37.3059807
          ],
          [
            14.2136317,
            37.3059633
          ],
          [
            14.2138302,
            37.3059036
          ],
          [
            14.213908,
            37.3058833
          ],
          [
            14.2140314,
            37.3058385
          ],
          [
            14.2140958,
            37.3057926
          ],
          [
            14.2140958,
            37.3057793
          ],
          [
            14.2140797,
            37.3057325
          ],
          [
            14.214189,
            37.3056841
          ]
        ]
      },
      "id": "way/1249675356"
    },
    {
      "type": "Feature",
      "properties": {
        "@id": "way/1249675357",
        "highway": "residential",
        "name": "Via Guerreri",
        "oneway": "yes"
      },
      "geometry": {
        "type": "LineString",
        "coordinates": [
          [
            14.2143938,
            37.3060607
          ],
          [
            14.2142039,
            37.3061432
          ],
          [
            14.2141073,
            37.3061698
          ],
          [
            14.2139048,
            37.3061666
          ],
          [
            14.213776,
            37.306172
          ],
          [
            14.2136929,
            37.3060845
          ],
          [
            14.213601,
            37.3059929
          ]
        ]
      },
      "id": "way/1249675357"
    },
    {
      "type": "Feature",
      "properties": {
        "@id": "way/1249686504",
        "highway": "residential",
        "name": "Via Santa Lucia",
        "oneway": "yes",
        "surface": "paving_stones"
      },
      "geometry": {
        "type": "LineString",
        "coordinates": [
          [
            14.2136794,
            37.3046294
          ],
          [
            14.2136988,
            37.3046943
          ],
          [
            14.2136983,
            37.304848
          ],
          [
            14.2136982,
            37.3048688
          ]
        ]
      },
      "id": "way/1249686504"
    },
    {
      "type": "Feature",
      "properties": {
        "@id": "way/1249686505",
        "highway": "residential",
        "name": "Via Matteo Bartoli",
        "oneway": "yes",
        "surface": "paving_stones"
      },
      "geometry": {
        "type": "LineString",
        "coordinates": [
          [
            14.2135726,
            37.3046263
          ],
          [
            14.2136203,
            37.3046283
          ],
          [
            14.2136794,
            37.3046294
          ]
        ]
      },
      "id": "way/1249686505"
    },
    {
      "type": "Feature",
      "properties": {
        "@id": "way/1249701736",
        "highway": "residential",
        "name": "Salita Teatro",
        "surface": "sett"
      },
      "geometry": {
        "type": "LineString",
        "coordinates": [
          [
            14.2159653,
            37.30543
          ],
          [
            14.2160472,
            37.3054276
          ],
          [
            14.2160978,
            37.3052067
          ],
          [
            14.2161015,
            37.3051907
          ]
        ]
      },
      "id": "way/1249701736"
    },
    {
      "type": "Feature",
      "properties": {
        "@id": "way/1249701737",
        "highway": "residential",
        "name": "Via Laurella",
        "surface": "sett"
      },
      "geometry": {
        "type": "LineString",
        "coordinates": [
          [
            14.2145303,
            37.3064284
          ],
          [
            14.2140891,
            37.3064348
          ],
          [
            14.2140904,
            37.3063612
          ]
        ]
      },
      "id": "way/1249701737"
    },
    {
      "type": "Feature",
      "properties": {
        "@id": "way/1249705191",
        "access": "private",
        "highway": "service",
        "service": "driveway"
      },
      "geometry": {
        "type": "LineString",
        "coordinates": [
          [
            14.2177767,
            37.3044199
          ],
          [
            14.2177436,
            37.3045456
          ]
        ]
      },
      "id": "way/1249705191"
    },
    {
      "type": "Feature",
      "properties": {
        "@id": "way/1249705192",
        "highway": "service",
        "service": "driveway"
      },
      "geometry": {
        "type": "LineString",
        "coordinates": [
          [
            14.2177799,
            37.3044059
          ],
          [
            14.2177767,
            37.3044199
          ]
        ]
      },
      "id": "way/1249705192"
    },
    {
      "type": "Feature",
      "properties": {
        "@id": "way/1249705193",
        "highway": "footway",
        "name": "Via Catania"
      },
      "geometry": {
        "type": "LineString",
        "coordinates": [
          [
            14.2170462,
            37.3045584
          ],
          [
            14.2171669,
            37.3045392
          ],
          [
            14.2171961,
            37.3045528
          ],
          [
            14.2173399,
            37.3045595
          ],
          [
            14.2173627,
            37.3045509
          ],
          [
            14.2173453,
            37.3044677
          ],
          [
            14.2173441,
            37.3043354
          ]
        ]
      },
      "id": "way/1249705193"
    },
    {
      "type": "Feature",
      "properties": {
        "@id": "way/1249705194",
        "highway": "footway",
        "name": "Via Giarrizzo"
      },
      "geometry": {
        "type": "LineString",
        "coordinates": [
          [
            14.2170455,
            37.3046213
          ],
          [
            14.2169644,
            37.304632
          ],
          [
            14.2169081,
            37.3046491
          ],
          [
            14.2168115,
            37.304744
          ],
          [
            14.2168196,
            37.3049179
          ]
        ]
      },
      "id": "way/1249705194"
    },
    {
      "type": "Feature",
      "properties": {
        "@id": "way/1249705195",
        "highway": "footway",
        "name": "Via Luigi Longo",
        "surface": "sett"
      },
      "geometry": {
        "type": "LineString",
        "coordinates": [
          [
            14.2171589,
            37.3043625
          ],
          [
            14.2172454,
            37.3043364
          ],
          [
            14.217291,
            37.3043347
          ],
          [
            14.2173441,
            37.3043354
          ]
        ]
      },
      "id": "way/1249705195"
    },
    {
      "type": "Feature",
      "properties": {
        "@id": "way/1249817820",
        "alt_name": "Corso Vittorio Emanuele II",
        "highway": "residential",
        "name": "Corso Vittorio Emanuele Secondo",
        "oneway": "yes",
        "surface": "sett"
      },
      "geometry": {
        "type": "LineString",
        "coordinates": [
          [
            14.2118731,
            37.3046263
          ],
          [
            14.2119493,
            37.3046282
          ],
          [
            14.2127064,
            37.3046602
          ],
          [
            14.212779,
            37.3046657
          ],
          [
            14.2129144,
            37.3046949
          ],
          [
            14.2131214,
            37.3047377
          ],
          [
            14.2136211,
            37.3048516
          ],
          [
            14.2136801,
            37.3048648
          ]
        ]
      },
      "id": "way/1249817820"
    },
    {
      "type": "Feature",
      "properties": {
        "@id": "way/1249817825",
        "highway": "footway",
        "layer": "1"
      },
      "geometry": {
        "type": "LineString",
        "coordinates": [
          [
            14.2137578,
            37.3050912
          ],
          [
            14.2141729,
            37.3051291
          ]
        ]
      },
      "id": "way/1249817825"
    },
    {
      "type": "Feature",
      "properties": {
        "@id": "way/1249817826",
        "highway": "steps"
      },
      "geometry": {
        "type": "LineString",
        "coordinates": [
          [
            14.2136866,
            37.3050827
          ],
          [
            14.2137578,
            37.3050912
          ]
        ]
      },
      "id": "way/1249817826"
    },
    {
      "type": "Feature",
      "properties": {
        "@id": "way/1249817827",
        "highway": "residential",
        "oneway": "yes",
        "surface": "paving_stones"
      },
      "geometry": {
        "type": "LineString",
        "coordinates": [
          [
            14.2136982,
            37.3048688
          ],
          [
            14.2136979,
            37.3049437
          ],
          [
            14.2136866,
            37.3050827
          ],
          [
            14.2136838,
            37.3050944
          ]
        ]
      },
      "id": "way/1249817827"
    },
    {
      "type": "Feature",
      "properties": {
        "@id": "way/1249817828",
        "highway": "steps",
        "name": "Via Paraninfo"
      },
      "geometry": {
        "type": "LineString",
        "coordinates": [
          [
            14.2144294,
            37.3051517
          ],
          [
            14.214428,
            37.3051617
          ],
          [
            14.2144203,
            37.3052171
          ]
        ]
      },
      "id": "way/1249817828"
    },
    {
      "type": "Feature",
      "properties": {
        "@id": "way/1249817830",
        "highway": "residential"
      },
      "geometry": {
        "type": "LineString",
        "coordinates": [
          [
            14.2142017,
            37.3057122
          ],
          [
            14.2143915,
            37.3056774
          ],
          [
            14.21438,
            37.3056018
          ],
          [
            14.2141032,
            37.3056082
          ]
        ]
      },
      "id": "way/1249817830"
    },
    {
      "type": "Feature",
      "properties": {
        "@id": "way/1249818745",
        "highway": "footway",
        "name": "Via Mandre",
        "surface": "sett"
      },
      "geometry": {
        "type": "LineString",
        "coordinates": [
          [
            14.2166868,
            37.3066273
          ],
          [
            14.2166828,
            37.3067324
          ],
          [
            14.2166828,
            37.3068407
          ]
        ]
      },
      "id": "way/1249818745"
    },
    {
      "type": "Feature",
      "properties": {
        "@id": "way/1249818746",
        "highway": "steps"
      },
      "geometry": {
        "type": "LineString",
        "coordinates": [
          [
            14.2168019,
            37.3068565
          ],
          [
            14.2166828,
            37.3068407
          ]
        ]
      },
      "id": "way/1249818746"
    },
    {
      "type": "Feature",
      "properties": {
        "@id": "way/1249820528",
        "highway": "steps"
      },
      "geometry": {
        "type": "LineString",
        "coordinates": [
          [
            14.2142078,
            37.3051326
          ],
          [
            14.2141729,
            37.3051291
          ]
        ]
      },
      "id": "way/1249820528"
    },
    {
      "type": "Feature",
      "properties": {
        "@id": "way/1249823881",
        "footway": "crossing",
        "highway": "footway"
      },
      "geometry": {
        "type": "LineString",
        "coordinates": [
          [
            14.215316,
            37.3051398
          ],
          [
            14.2152559,
            37.3051403
          ]
        ]
      },
      "id": "way/1249823881"
    },
    {
      "type": "Feature",
      "properties": {
        "@id": "way/1249823882",
        "footway": "sidewalk",
        "highway": "footway"
      },
      "geometry": {
        "type": "LineString",
        "coordinates": [
          [
            14.2152559,
            37.3051403
          ],
          [
            14.2150825,
            37.305128
          ],
          [
            14.2150235,
            37.3051142
          ],
          [
            14.2144619,
            37.3049904
          ]
        ]
      },
      "id": "way/1249823882"
    },
    {
      "type": "Feature",
      "properties": {
        "@id": "way/1249823883",
        "footway": "crossing",
        "highway": "footway"
      },
      "geometry": {
        "type": "LineString",
        "coordinates": [
          [
            14.2144619,
            37.3049904
          ],
          [
            14.2144435,
            37.3049863
          ],
          [
            14.2144239,
            37.3049821
          ]
        ]
      },
      "id": "way/1249823883"
    },
    {
      "type": "Feature",
      "properties": {
        "@id": "way/1249823884",
        "highway": "footway"
      },
      "geometry": {
        "type": "LineString",
        "coordinates": [
          [
            14.2136983,
            37.304848
          ],
          [
            14.2137278,
            37.3048461
          ],
          [
            14.2144239,
            37.3049821
          ]
        ]
      },
      "id": "way/1249823884"
    },
    {
      "type": "Feature",
      "properties": {
        "@id": "way/1249823885",
        "footway": "sidewalk",
        "highway": "footway"
      },
      "geometry": {
        "type": "LineString",
        "coordinates": [
          [
            14.2144481,
            37.3050578
          ],
          [
            14.2144399,
            37.3051021
          ],
          [
            14.2144294,
            37.3051517
          ]
        ]
      },
      "id": "way/1249823885"
    },
    {
      "type": "Feature",
      "properties": {
        "@id": "way/1249823886",
        "footway": "crossing",
        "highway": "footway"
      },
      "geometry": {
        "type": "LineString",
        "coordinates": [
          [
            14.2144531,
            37.3050308
          ],
          [
            14.2144481,
            37.3050578
          ]
        ]
      },
      "id": "way/1249823886"
    },
    {
      "type": "Feature",
      "properties": {
        "@id": "way/1249823887",
        "highway": "footway"
      },
      "geometry": {
        "type": "LineString",
        "coordinates": [
          [
            14.214228,
            37.3050572
          ],
          [
            14.2142078,
            37.3051326
          ]
        ]
      },
      "id": "way/1249823887"
    },
    {
      "type": "Feature",
      "properties": {
        "@id": "way/1249823888",
        "footway": "sidewalk",
        "highway": "footway"
      },
      "geometry": {
        "type": "LineString",
        "coordinates": [
          [
            14.2151711,
            37.3052081
          ],
          [
            14.2151504,
            37.3052086
          ],
          [
            14.2150446,
            37.3051982
          ],
          [
            14.2144399,
            37.3051021
          ],
          [
            14.214228,
            37.3050572
          ],
          [
            14.2137319,
            37.3049518
          ],
          [
            14.2136979,
            37.3049437
          ]
        ]
      },
      "id": "way/1249823888"
    },
    {
      "type": "Feature",
      "properties": {
        "@id": "way/1249832587",
        "highway": "residential",
        "name": "Vicolo Napoli",
        "surface": "sett"
      },
      "geometry": {
        "type": "LineString",
        "coordinates": [
          [
            14.2145953,
            37.3041708
          ],
          [
            14.2141682,
            37.3041845
          ]
        ]
      },
      "id": "way/1249832587"
    },
    {
      "type": "Feature",
      "properties": {
        "@id": "way/1249832588",
        "highway": "service",
        "name": "Via Commenda"
      },
      "geometry": {
        "type": "LineString",
        "coordinates": [
          [
            14.2150996,
            37.3043456
          ],
          [
            14.2150667,
            37.3044731
          ],
          [
            14.2149541,
            37.3044496
          ]
        ]
      },
      "id": "way/1249832588"
    },
    {
      "type": "Feature",
      "properties": {
        "@id": "way/1249832589",
        "highway": "residential",
        "name": "Via della Neve",
        "surface": "sett"
      },
      "geometry": {
        "type": "LineString",
        "coordinates": [
          [
            14.2159719,
            37.3045178
          ],
          [
            14.2159304,
            37.3044677
          ],
          [
            14.2158603,
            37.3042986
          ],
          [
            14.2158436,
            37.304284
          ],
          [
            14.2158114,
            37.3042828
          ],
          [
            14.215683,
            37.3042202
          ],
          [
            14.2156976,
            37.3040533
          ]
        ]
      },
      "id": "way/1249832589"
    },
    {
      "type": "Feature",
      "properties": {
        "@id": "way/1249832590",
        "highway": "residential",
        "name": "Via Commenda"
      },
      "geometry": {
        "type": "LineString",
        "coordinates": [
          [
            14.2146026,
            37.3043524
          ],
          [
            14.214696,
            37.3043488
          ],
          [
            14.2149026,
            37.3043436
          ],
          [
            14.2150996,
            37.3043456
          ],
          [
            14.2151727,
            37.3043493
          ],
          [
            14.2152417,
            37.304368
          ],
          [
            14.2154336,
            37.3043905
          ]
        ]
      },
      "id": "way/1249832590"
    },
    {
      "type": "Feature",
      "properties": {
        "@id": "way/1249832591",
        "highway": "footway",
        "name": "Via Natoli",
        "surface": "sett"
      },
      "geometry": {
        "type": "LineString",
        "coordinates": [
          [
            14.2154027,
            37.3045589
          ],
          [
            14.2157098,
            37.3045643
          ],
          [
            14.2159732,
            37.3045643
          ]
        ]
      },
      "id": "way/1249832591"
    },
    {
      "type": "Feature",
      "properties": {
        "@id": "way/1249832592",
        "highway": "residential",
        "name": "Via San Giuseppe"
      },
      "geometry": {
        "type": "LineString",
        "coordinates": [
          [
            14.2153591,
            37.3048847
          ],
          [
            14.2157413,
            37.3049254
          ]
        ]
      },
      "id": "way/1249832592"
    },
    {
      "type": "Feature",
      "properties": {
        "@id": "way/1249832593",
        "highway": "residential",
        "name": "Via Cannata",
        "oneway": "yes",
        "surface": "sett"
      },
      "geometry": {
        "type": "LineString",
        "coordinates": [
          [
            14.2153832,
            37.3047429
          ],
          [
            14.214881,
            37.3046491
          ],
          [
            14.2147334,
            37.304616
          ],
          [
            14.2145822,
            37.3045867
          ]
        ]
      },
      "id": "way/1249832593"
    },
    {
      "type": "Feature",
      "properties": {
        "@id": "way/1249832596",
        "highway": "footway"
      },
      "geometry": {
        "type": "LineString",
        "coordinates": [
          [
            14.2156444,
            37.3054755
          ],
          [
            14.2156433,
            37.3054406
          ],
          [
            14.215638,
            37.3053955
          ]
        ]
      },
      "id": "way/1249832596"
    },
    {
      "type": "Feature",
      "properties": {
        "@id": "way/1249832597",
        "highway": "steps"
      },
      "geometry": {
        "type": "LineString",
        "coordinates": [
          [
            14.2156311,
            37.3053031
          ],
          [
            14.215638,
            37.3053955
          ]
        ]
      },
      "id": "way/1249832597"
    },
    {
      "type": "Feature",
      "properties": {
        "@id": "way/1249832598",
        "highway": "footway",
        "name": "Arco Capizzi",
        "tunnel": "building_passage"
      },
      "geometry": {
        "type": "LineString",
        "coordinates": [
          [
            14.2156311,
            37.3053031
          ],
          [
            14.2156302,
            37.30519
          ]
        ]
      },
      "id": "way/1249832598"
    },
    {
      "type": "Feature",
      "properties": {
        "@id": "way/1249832599",
        "highway": "footway"
      },
      "geometry": {
        "type": "LineString",
        "coordinates": [
          [
            14.2156303,
            37.3051673
          ],
          [
            14.2156302,
            37.30519
          ]
        ]
      },
      "id": "way/1249832599"
    },
    {
      "type": "Feature",
      "properties": {
        "@id": "way/1249832601",
        "highway": "residential",
        "name": "Via della Pietà",
        "narrow": "yes",
        "surface": "sett"
      },
      "geometry": {
        "type": "LineString",
        "coordinates": [
          [
            14.2145095,
            37.3047979
          ],
          [
            14.2147315,
            37.3048518
          ],
          [
            14.2149782,
            37.3049147
          ],
          [
            14.2152974,
            37.3049958
          ],
          [
            14.2153394,
            37.3050018
          ]
        ]
      },
      "id": "way/1249832601"
    },
    {
      "type": "Feature",
      "properties": {
        "@id": "way/1249834979",
        "highway": "footway",
        "name": "Vicolo Gatto"
      },
      "geometry": {
        "type": "LineString",
        "coordinates": [
          [
            14.2160598,
            37.3045092
          ],
          [
            14.2160431,
            37.3044523
          ],
          [
            14.2160457,
            37.30444
          ],
          [
            14.2160055,
            37.3043936
          ]
        ]
      },
      "id": "way/1249834979"
    },
    {
      "type": "Feature",
      "properties": {
        "@id": "way/1249834980",
        "highway": "footway",
        "name": "Vicolo Gatto"
      },
      "geometry": {
        "type": "LineString",
        "coordinates": [
          [
            14.2161229,
            37.3041173
          ],
          [
            14.2162442,
            37.3042117
          ],
          [
            14.2162013,
            37.3042458
          ]
        ]
      },
      "id": "way/1249834980"
    },
    {
      "type": "Feature",
      "properties": {
        "@id": "way/1249834981",
        "highway": "residential",
        "name": "Vicolo Gatto",
        "surface": "sett"
      },
      "geometry": {
        "type": "LineString",
        "coordinates": [
          [
            14.2160055,
            37.3043936
          ],
          [
            14.2160122,
            37.3043621
          ],
          [
            14.2161229,
            37.3041173
          ],
          [
            14.2160779,
            37.3040725
          ],
          [
            14.216094,
            37.3040234
          ],
          [
            14.2160937,
            37.3039917
          ],
          [
            14.2160818,
            37.3039503
          ]
        ]
      },
      "id": "way/1249834981"
    },
    {
      "type": "Feature",
      "properties": {
        "@id": "way/1249834982",
        "highway": "residential",
        "name": "Via San Francesco da Paola",
        "surface": "sett"
      },
      "geometry": {
        "type": "LineString",
        "coordinates": [
          [
            14.2158204,
            37.3040309
          ],
          [
            14.215738,
            37.3040432
          ],
          [
            14.2156976,
            37.3040533
          ],
          [
            14.2155986,
            37.3040825
          ],
          [
            14.2154985,
            37.3040853
          ]
        ]
      },
      "id": "way/1249834982"
    },
    {
      "type": "Feature",
      "properties": {
        "@id": "way/1249838996",
        "highway": "residential",
        "name": "Via Terranova",
        "surface": "sett"
      },
      "geometry": {
        "type": "LineString",
        "coordinates": [
          [
            14.2171415,
            37.3034635
          ],
          [
            14.2172071,
            37.3035797
          ],
          [
            14.2172488,
            37.3037164
          ],
          [
            14.2173071,
            37.3037357
          ],
          [
            14.2174131,
            37.3037659
          ],
          [
            14.2174432,
            37.3037657
          ],
          [
            14.2174755,
            37.3037654
          ],
          [
            14.2176418,
            37.3037638
          ],
          [
            14.2176665,
            37.3037834
          ],
          [
            14.2177169,
            37.3037974
          ],
          [
            14.218152,
            37.303775
          ]
        ]
      },
      "id": "way/1249838996"
    },
    {
      "type": "Feature",
      "properties": {
        "@id": "way/1249838997",
        "highway": "residential",
        "name": "Via Squadrito",
        "surface": "sett"
      },
      "geometry": {
        "type": "LineString",
        "coordinates": [
          [
            14.2163515,
            37.3042799
          ],
          [
            14.2164283,
            37.3042634
          ],
          [
            14.2165228,
            37.304228
          ],
          [
            14.2165996,
            37.3042138
          ],
          [
            14.2166921,
            37.3041344
          ],
          [
            14.2167404,
            37.3040848
          ],
          [
            14.2167619,
            37.3040506
          ],
          [
            14.2169919,
            37.3038959
          ],
          [
            14.2170509,
            37.3038485
          ],
          [
            14.2170918,
            37.3038218
          ],
          [
            14.2171052,
            37.3037786
          ],
          [
            14.2171703,
            37.303737
          ],
          [
            14.2172488,
            37.3037164
          ]
        ]
      },
      "id": "way/1249838997"
    },
    {
      "type": "Feature",
      "properties": {
        "@id": "way/1249838998",
        "highway": "residential",
        "name": "Via Squadrito",
        "surface": "sett"
      },
      "geometry": {
        "type": "LineString",
        "coordinates": [
          [
            14.2159719,
            37.3045178
          ],
          [
            14.2160335,
            37.3045157
          ],
          [
            14.2160598,
            37.3045092
          ],
          [
            14.2160765,
            37.304505
          ],
          [
            14.2163515,
            37.3042799
          ]
        ]
      },
      "id": "way/1249838998"
    },
    {
      "type": "Feature",
      "properties": {
        "@id": "way/1249838999",
        "highway": "residential",
        "name": "Via Lidestri"
      },
      "geometry": {
        "type": "LineString",
        "coordinates": [
          [
            14.2168088,
            37.3035743
          ],
          [
            14.2168625,
            37.3036484
          ],
          [
            14.216897,
            37.3036916
          ]
        ]
      },
      "id": "way/1249838999"
    },
    {
      "type": "Feature",
      "properties": {
        "@id": "way/1249840946",
        "highway": "residential",
        "name": "Via Zito",
        "surface": "sett"
      },
      "geometry": {
        "type": "LineString",
        "coordinates": [
          [
            14.2176396,
            37.3039824
          ],
          [
            14.2176537,
            37.304089
          ],
          [
            14.2176906,
            37.3042008
          ]
        ]
      },
      "id": "way/1249840946"
    },
    {
      "type": "Feature",
      "properties": {
        "@id": "way/1249840947",
        "highway": "residential",
        "name": "Via Russo",
        "surface": "sett"
      },
      "geometry": {
        "type": "LineString",
        "coordinates": [
          [
            14.2170361,
            37.3042194
          ],
          [
            14.217129,
            37.304201
          ],
          [
            14.2171954,
            37.3041925
          ],
          [
            14.2173201,
            37.3041848
          ],
          [
            14.2174418,
            37.3041863
          ],
          [
            14.2175069,
            37.3041786
          ],
          [
            14.2175706,
            37.3041826
          ],
          [
            14.2176906,
            37.3042008
          ],
          [
            14.2177731,
            37.3042261
          ],
          [
            14.2179972,
            37.3042449
          ]
        ]
      },
      "id": "way/1249840947"
    },
    {
      "type": "Feature",
      "properties": {
        "@id": "way/1249840948",
        "highway": "residential",
        "name": "Via Giarrizzo",
        "surface": "sett"
      },
      "geometry": {
        "type": "LineString",
        "coordinates": [
          [
            14.2169919,
            37.3038959
          ],
          [
            14.2170455,
            37.3040394
          ],
          [
            14.2170276,
            37.304089
          ],
          [
            14.2170382,
            37.304152
          ],
          [
            14.2170361,
            37.3042194
          ],
          [
            14.2169932,
            37.3042602
          ],
          [
            14.2170133,
            37.30428
          ],
          [
            14.2170651,
            37.3043846
          ]
        ]
      },
      "id": "way/1249840948"
    },
    {
      "type": "Feature",
      "properties": {
        "@id": "way/1249840949",
        "highway": "residential",
        "name": "Via Longobardi",
        "surface": "sett"
      },
      "geometry": {
        "type": "LineString",
        "coordinates": [
          [
            14.2180715,
            37.3039797
          ],
          [
            14.2178133,
            37.303969
          ],
          [
            14.2176396,
            37.3039824
          ],
          [
            14.2174821,
            37.3039978
          ],
          [
            14.2172393,
            37.3040106
          ],
          [
            14.2170455,
            37.3040394
          ]
        ]
      },
      "id": "way/1249840949"
    },
    {
      "type": "Feature",
      "properties": {
        "@id": "way/1249840950",
        "highway": "residential",
        "name": "Via Strazzeri",
        "surface": "sett"
      },
      "geometry": {
        "type": "LineString",
        "coordinates": [
          [
            14.2174432,
            37.3037657
          ],
          [
            14.2174619,
            37.3038378
          ],
          [
            14.2174821,
            37.3039978
          ]
        ]
      },
      "id": "way/1249840950"
    },
    {
      "type": "Feature",
      "properties": {
        "@id": "way/1249840951",
        "highway": "residential",
        "name": "Cortile Terranova",
        "surface": "sett"
      },
      "geometry": {
        "type": "LineString",
        "coordinates": [
          [
            14.2172071,
            37.3035797
          ],
          [
            14.2174673,
            37.303561
          ],
          [
            14.2177194,
            37.3035247
          ]
        ]
      },
      "id": "way/1249840951"
    },
    {
      "type": "Feature",
      "properties": {
        "@id": "way/1249842517",
        "highway": "footway"
      },
      "geometry": {
        "type": "LineString",
        "coordinates": [
          [
            14.2169356,
            37.304328
          ],
          [
            14.2169932,
            37.3042602
          ]
        ]
      },
      "id": "way/1249842517"
    },
    {
      "type": "Feature",
      "properties": {
        "@id": "way/1249842518",
        "highway": "footway",
        "name": "Via Luigi Longo",
        "surface": "sett"
      },
      "geometry": {
        "type": "LineString",
        "coordinates": [
          [
            14.2164508,
            37.3047196
          ],
          [
            14.2165004,
            37.3047472
          ],
          [
            14.2164776,
            37.3048891
          ],
          [
            14.2165755,
            37.3049104
          ]
        ]
      },
      "id": "way/1249842518"
    },
    {
      "type": "Feature",
      "properties": {
        "@id": "way/1249842519",
        "highway": "footway",
        "name": "Via Giarrizzo",
        "surface": "paving_stones"
      },
      "geometry": {
        "type": "LineString",
        "coordinates": [
          [
            14.2170276,
            37.3043948
          ],
          [
            14.2170328,
            37.3044848
          ],
          [
            14.2170462,
            37.3045584
          ]
        ]
      },
      "id": "way/1249842519"
    },
    {
      "type": "Feature",
      "properties": {
        "@id": "way/1249842520",
        "highway": "residential",
        "name": "Via Luigi Longo",
        "surface": "sett"
      },
      "geometry": {
        "type": "LineString",
        "coordinates": [
          [
            14.2170276,
            37.3043948
          ],
          [
            14.2170651,
            37.3043846
          ],
          [
            14.2171589,
            37.3043625
          ]
        ]
      },
      "id": "way/1249842520"
    },
    {
      "type": "Feature",
      "properties": {
        "@id": "way/1249842521",
        "highway": "residential",
        "name": "Via Luigi Longo",
        "surface": "sett"
      },
      "geometry": {
        "type": "LineString",
        "coordinates": [
          [
            14.2173441,
            37.3043354
          ],
          [
            14.2173916,
            37.3043361
          ],
          [
            14.217476,
            37.3043344
          ],
          [
            14.2176599,
            37.3043777
          ],
          [
            14.2177799,
            37.3044059
          ],
          [
            14.2180039,
            37.3044587
          ]
        ]
      },
      "id": "way/1249842521"
    },
    {
      "type": "Feature",
      "properties": {
        "@id": "way/1249842522",
        "highway": "footway",
        "name": "Via la Mendola"
      },
      "geometry": {
        "type": "LineString",
        "coordinates": [
          [
            14.2166921,
            37.3041344
          ],
          [
            14.2168263,
            37.3041994
          ],
          [
            14.2168806,
            37.3042517
          ],
          [
            14.2169356,
            37.304328
          ],
          [
            14.2169597,
            37.3043947
          ]
        ]
      },
      "id": "way/1249842522"
    },
    {
      "type": "Feature",
      "properties": {
        "@id": "way/1249843006",
        "highway": "footway"
      },
      "geometry": {
        "type": "LineString",
        "coordinates": [
          [
            14.2170703,
            37.3047278
          ],
          [
            14.2171575,
            37.3047312
          ],
          [
            14.2172226,
            37.3047456
          ],
          [
            14.217405,
            37.3047666
          ]
        ]
      },
      "id": "way/1249843006"
    },
    {
      "type": "Feature",
      "properties": {
        "@id": "way/1249880548",
        "highway": "residential",
        "name": "Piazza Giuseppe Artale",
        "surface": "sett"
      },
      "geometry": {
        "type": "LineString",
        "coordinates": [
          [
            14.2155571,
            37.3025761
          ],
          [
            14.2155616,
            37.3025312
          ],
          [
            14.2157645,
            37.3024064
          ],
          [
            14.2159575,
            37.3022967
          ],
          [
            14.2161648,
            37.3021708
          ],
          [
            14.2162047,
            37.3021463
          ]
        ]
      },
      "id": "way/1249880548"
    },
    {
      "type": "Feature",
      "properties": {
        "@id": "way/1249880549",
        "highway": "residential",
        "name": "Piazza Giuseppe Artale",
        "surface": "sett"
      },
      "geometry": {
        "type": "LineString",
        "coordinates": [
          [
            14.2155571,
            37.3025761
          ],
          [
            14.2155084,
            37.3025926
          ],
          [
            14.2154886,
            37.3025995
          ],
          [
            14.2154315,
            37.3026175
          ]
        ]
      },
      "id": "way/1249880549"
    },
    {
      "type": "Feature",
      "properties": {
        "@id": "way/1249880551",
        "highway": "residential",
        "name": "Via Silvio Pellico",
        "oneway": "yes",
        "surface": "sett"
      },
      "geometry": {
        "type": "LineString",
        "coordinates": [
          [
            14.2160404,
            37.3032639
          ],
          [
            14.2158432,
            37.3033245
          ],
          [
            14.2157953,
            37.3033392
          ]
        ]
      },
      "id": "way/1249880551"
    },
    {
      "type": "Feature",
      "properties": {
        "@id": "way/1249880552",
        "highway": "footway"
      },
      "geometry": {
        "type": "LineString",
        "coordinates": [
          [
            14.2154886,
            37.3025995
          ],
          [
            14.2156512,
            37.3029381
          ],
          [
            14.2158432,
            37.3033245
          ],
          [
            14.2160685,
            37.3037968
          ]
        ]
      },
      "id": "way/1249880552"
    },
    {
      "type": "Feature",
      "properties": {
        "@id": "way/1249899729",
        "highway": "footway",
        "name": "Via Monreale"
      },
      "geometry": {
        "type": "LineString",
        "coordinates": [
          [
            14.2145525,
            37.3031074
          ],
          [
            14.2146457,
            37.3030921
          ]
        ]
      },
      "id": "way/1249899729"
    },
    {
      "type": "Feature",
      "properties": {
        "@id": "way/1249899730",
        "highway": "footway",
        "tunnel": "building_passage"
      },
      "geometry": {
        "type": "LineString",
        "coordinates": [
          [
            14.2145648,
            37.3028864
          ],
          [
            14.2146332,
            37.3028818
          ]
        ]
      },
      "id": "way/1249899730"
    },
    {
      "type": "Feature",
      "properties": {
        "@id": "way/1249899731",
        "highway": "footway"
      },
      "geometry": {
        "type": "LineString",
        "coordinates": [
          [
            14.2145423,
            37.3028858
          ],
          [
            14.2145648,
            37.3028864
          ]
        ]
      },
      "id": "way/1249899731"
    },
    {
      "type": "Feature",
      "properties": {
        "@id": "way/1249899732",
        "highway": "footway",
        "name": "Arco Bondà"
      },
      "geometry": {
        "type": "LineString",
        "coordinates": [
          [
            14.2146332,
            37.3028818
          ],
          [
            14.2146772,
            37.3028766
          ],
          [
            14.2147877,
            37.302878
          ],
          [
            14.2148848,
            37.3028595
          ],
          [
            14.2149471,
            37.3028529
          ],
          [
            14.2149612,
            37.3028304
          ],
          [
            14.2149703,
            37.3028027
          ],
          [
            14.2150525,
            37.3027927
          ],
          [
            14.2150854,
            37.3027818
          ]
        ]
      },
      "id": "way/1249899732"
    },
    {
      "type": "Feature",
      "properties": {
        "@id": "way/1249899733",
        "highway": "footway",
        "name": "Via Eliseo"
      },
      "geometry": {
        "type": "LineString",
        "coordinates": [
          [
            14.2145417,
            37.3024995
          ],
          [
            14.2146307,
            37.3025114
          ],
          [
            14.2146415,
            37.3025484
          ],
          [
            14.2146822,
            37.3025503
          ]
        ]
      },
      "id": "way/1249899733"
    },
    {
      "type": "Feature",
      "properties": {
        "@id": "way/1249899734",
        "highway": "footway"
      },
      "geometry": {
        "type": "LineString",
        "coordinates": [
          [
            14.2148153,
            37.3019811
          ],
          [
            14.2147914,
            37.302162
          ],
          [
            14.214774,
            37.3021745
          ],
          [
            14.2147611,
            37.3023027
          ],
          [
            14.2147341,
            37.3025071
          ]
        ]
      },
      "id": "way/1249899734"
    },
    {
      "type": "Feature",
      "properties": {
        "@id": "way/1249902537",
        "highway": "footway",
        "name": "Via Martorana"
      },
      "geometry": {
        "type": "LineString",
        "coordinates": [
          [
            14.2148632,
            37.3034508
          ],
          [
            14.2148632,
            37.3034324
          ],
          [
            14.214827,
            37.3033562
          ],
          [
            14.2150168,
            37.303298
          ],
          [
            14.2152823,
            37.3032155
          ]
        ]
      },
      "id": "way/1249902537"
    },
    {
      "type": "Feature",
      "properties": {
        "@id": "way/1249902538",
        "access": "private",
        "highway": "service",
        "service": "driveway"
      },
      "geometry": {
        "type": "LineString",
        "coordinates": [
          [
            14.2151655,
            37.3035187
          ],
          [
            14.215105,
            37.3034218
          ]
        ]
      },
      "id": "way/1249902538"
    },
    {
      "type": "Feature",
      "properties": {
        "@id": "way/1249902539",
        "highway": "service",
        "service": "driveway"
      },
      "geometry": {
        "type": "LineString",
        "coordinates": [
          [
            14.2151967,
            37.3035631
          ],
          [
            14.2151655,
            37.3035187
          ]
        ]
      },
      "id": "way/1249902539"
    },
    {
      "type": "Feature",
      "properties": {
        "@id": "way/1249910594",
        "highway": "residential",
        "surface": "asphalt"
      },
      "geometry": {
        "type": "LineString",
        "coordinates": [
          [
            14.2181409,
            37.3035298
          ],
          [
            14.2184399,
            37.30363
          ],
          [
            14.218873,
            37.303768
          ]
        ]
      },
      "id": "way/1249910594"
    },
    {
      "type": "Feature",
      "properties": {
        "@id": "way/1249910595",
        "highway": "footway"
      },
      "geometry": {
        "type": "LineString",
        "coordinates": [
          [
            14.2182928,
            37.3033284
          ],
          [
            14.2183247,
            37.3033234
          ],
          [
            14.2185061,
            37.3033035
          ]
        ]
      },
      "id": "way/1249910595"
    },
    {
      "type": "Feature",
      "properties": {
        "@id": "way/1249910596",
        "highway": "steps"
      },
      "geometry": {
        "type": "LineString",
        "coordinates": [
          [
            14.2181838,
            37.3032821
          ],
          [
            14.2181962,
            37.3033247
          ],
          [
            14.2182351,
            37.3033348
          ],
          [
            14.2182928,
            37.3033284
          ]
        ]
      },
      "id": "way/1249910596"
    },
    {
      "type": "Feature",
      "properties": {
        "@id": "way/1249910597",
        "highway": "residential",
        "name": "Via Pozzo Catenaccio",
        "surface": "asphalt"
      },
      "geometry": {
        "type": "LineString",
        "coordinates": [
          [
            14.217875,
            37.3034202
          ],
          [
            14.2179783,
            37.3035108
          ],
          [
            14.2180547,
            37.3035364
          ],
          [
            14.2181409,
            37.3035298
          ]
        ]
      },
      "id": "way/1249910597"
    },
    {
      "type": "Feature",
      "properties": {
        "@id": "way/1249910598",
        "highway": "service",
        "name": "Via Squadrito"
      },
      "geometry": {
        "type": "LineString",
        "coordinates": [
          [
            14.2163515,
            37.3042799
          ],
          [
            14.2164494,
            37.3043739
          ],
          [
            14.21655,
            37.3044272
          ]
        ]
      },
      "id": "way/1249910598"
    },
    {
      "type": "Feature",
      "properties": {
        "@id": "way/1249910599",
        "highway": "footway",
        "name": "via San Giovanni"
      },
      "geometry": {
        "type": "LineString",
        "coordinates": [
          [
            14.2156426,
            37.3035129
          ],
          [
            14.2154406,
            37.3035764
          ]
        ]
      },
      "id": "way/1249910599"
    },
    {
      "type": "Feature",
      "properties": {
        "@id": "way/1249914729",
        "access": "private",
        "highway": "service",
        "service": "driveway"
      },
      "geometry": {
        "type": "LineString",
        "coordinates": [
          [
            14.2204527,
            37.3035762
          ],
          [
            14.2205022,
            37.3035247
          ]
        ]
      },
      "id": "way/1249914729"
    },
    {
      "type": "Feature",
      "properties": {
        "@id": "way/1249914730",
        "highway": "service",
        "service": "driveway"
      },
      "geometry": {
        "type": "LineString",
        "coordinates": [
          [
            14.2204191,
            37.3036122
          ],
          [
            14.2204527,
            37.3035762
          ]
        ]
      },
      "id": "way/1249914730"
    },
    {
      "type": "Feature",
      "properties": {
        "@id": "way/1249914731",
        "access": "private",
        "highway": "service",
        "service": "driveway"
      },
      "geometry": {
        "type": "LineString",
        "coordinates": [
          [
            14.2205361,
            37.3034117
          ],
          [
            14.2205183,
            37.303434
          ],
          [
            14.2204258,
            37.3033743
          ]
        ]
      },
      "id": "way/1249914731"
    },
    {
      "type": "Feature",
      "properties": {
        "@id": "way/1249914732",
        "highway": "service",
        "service": "driveway"
      },
      "geometry": {
        "type": "LineString",
        "coordinates": [
          [
            14.2205644,
            37.3033919
          ],
          [
            14.2205361,
            37.3034117
          ]
        ]
      },
      "id": "way/1249914732"
    },
    {
      "type": "Feature",
      "properties": {
        "@id": "way/1249914733",
        "access": "private",
        "highway": "service",
        "service": "driveway"
      },
      "geometry": {
        "type": "LineString",
        "coordinates": [
          [
            14.2206409,
            37.3037311
          ],
          [
            14.2204794,
            37.3036271
          ]
        ]
      },
      "id": "way/1249914733"
    },
    {
      "type": "Feature",
      "properties": {
        "@id": "way/1249914734",
        "highway": "service",
        "service": "driveway"
      },
      "geometry": {
        "type": "LineString",
        "coordinates": [
          [
            14.2206623,
            37.303746
          ],
          [
            14.2206409,
            37.3037311
          ]
        ]
      },
      "id": "way/1249914734"
    },
    {
      "type": "Feature",
      "properties": {
        "@id": "way/1249914736",
        "highway": "residential",
        "name": "Via Bengasi",
        "surface": "sett"
      },
      "geometry": {
        "type": "LineString",
        "coordinates": [
          [
            14.2199484,
            37.3035066
          ],
          [
            14.2200556,
            37.3033924
          ],
          [
            14.2204191,
            37.3036122
          ],
          [
            14.2203175,
            37.3037245
          ]
        ]
      },
      "id": "way/1249914736"
    },
    {
      "type": "Feature",
      "properties": {
        "@id": "way/1249914737",
        "highway": "steps",
        "name": "Via Bengasi"
      },
      "geometry": {
        "type": "LineString",
        "coordinates": [
          [
            14.2199484,
            37.3035066
          ],
          [
            14.2198171,
            37.3036524
          ]
        ]
      },
      "id": "way/1249914737"
    },
    {
      "type": "Feature",
      "properties": {
        "@id": "way/1249914738",
        "highway": "steps",
        "name": "Via Adua"
      },
      "geometry": {
        "type": "LineString",
        "coordinates": [
          [
            14.2203175,
            37.3037245
          ],
          [
            14.2201665,
            37.3038776
          ]
        ]
      },
      "id": "way/1249914738"
    },
    {
      "type": "Feature",
      "properties": {
        "@id": "way/1249914739",
        "highway": "residential",
        "name": "Via Macallè",
        "surface": "sett"
      },
      "geometry": {
        "type": "LineString",
        "coordinates": [
          [
            14.2202843,
            37.3037183
          ],
          [
            14.2199484,
            37.3035066
          ]
        ]
      },
      "id": "way/1249914739"
    },
    {
      "type": "Feature",
      "properties": {
        "@id": "way/1249914740",
        "highway": "residential",
        "name": "Via Macallè",
        "surface": "sett"
      },
      "geometry": {
        "type": "LineString",
        "coordinates": [
          [
            14.2206024,
            37.303891
          ],
          [
            14.2203534,
            37.3037274
          ],
          [
            14.2203175,
            37.3037245
          ],
          [
            14.2202843,
            37.3037183
          ]
        ]
      },
      "id": "way/1249914740"
    },
    {
      "type": "Feature",
      "properties": {
        "@id": "way/1249917726",
        "highway": "residential",
        "name": "Via Asiago",
        "surface": "sett"
      },
      "geometry": {
        "type": "LineString",
        "coordinates": [
          [
            14.2185061,
            37.3033035
          ],
          [
            14.2189365,
            37.3034369
          ],
          [
            14.2189843,
            37.3034455
          ],
          [
            14.2190377,
            37.3034467
          ],
          [
            14.2196129,
            37.3038548
          ],
          [
            14.21994,
            37.3040873
          ],
          [
            14.2202206,
            37.3042874
          ],
          [
            14.2204557,
            37.3044541
          ]
        ]
      },
      "id": "way/1249917726"
    },
    {
      "type": "Feature",
      "properties": {
        "@id": "way/1249917727",
        "alt_name": "Viale XX Settembre",
        "highway": "secondary",
        "name": "Viale Venti Settembre",
        "surface": "asphalt"
      },
      "geometry": {
        "type": "LineString",
        "coordinates": [
          [
            14.2231993,
            37.3061383
          ],
          [
            14.2232071,
            37.3061195
          ],
          [
            14.2232068,
            37.3060638
          ],
          [
            14.223205,
            37.3060088
          ],
          [
            14.2231938,
            37.3059546
          ],
          [
            14.223178,
            37.3059122
          ],
          [
            14.2231565,
            37.3058715
          ],
          [
            14.2231294,
            37.3058329
          ],
          [
            14.2229873,
            37.3056646
          ],
          [
            14.221791,
            37.3044997
          ],
          [
            14.2216956,
            37.3044084
          ],
          [
            14.2216329,
            37.3043685
          ],
          [
            14.2215647,
            37.3043348
          ],
          [
            14.2214919,
            37.3043078
          ],
          [
            14.2214244,
            37.3042897
          ],
          [
            14.2213549,
            37.3042773
          ],
          [
            14.2212835,
            37.3042671
          ],
          [
            14.2211935,
            37.3042538
          ],
          [
            14.2209971,
            37.3042309
          ],
          [
            14.2208741,
            37.3042093
          ],
          [
            14.2207534,
            37.3041808
          ],
          [
            14.2206573,
            37.3041527
          ],
          [
            14.2205634,
            37.3041203
          ],
          [
            14.2205212,
            37.304101
          ],
          [
            14.2204697,
            37.3040699
          ],
          [
            14.2201665,
            37.3038776
          ],
          [
            14.2201067,
            37.3038422
          ],
          [
            14.2198171,
            37.3036524
          ],
          [
            14.2193524,
            37.3034192
          ],
          [
            14.2190369,
            37.3032727
          ],
          [
            14.2188725,
            37.3032214
          ],
          [
            14.2187075,
            37.3032119
          ],
          [
            14.2182483,
            37.3032776
          ],
          [
            14.2181838,
            37.3032821
          ],
          [
            14.2180544,
            37.3032921
          ]
        ]
      },
      "id": "way/1249917727"
    },
    {
      "type": "Feature",
      "properties": {
        "@id": "way/1249917728",
        "highway": "residential",
        "incline": "up",
        "name": "Via Tobruk",
        "surface": "paving_stones"
      },
      "geometry": {
        "type": "LineString",
        "coordinates": [
          [
            14.2195071,
            37.3032442
          ],
          [
            14.2193524,
            37.3034192
          ]
        ]
      },
      "id": "way/1249917728"
    },
    {
      "type": "Feature",
      "properties": {
        "@id": "way/1249917729",
        "highway": "residential",
        "name": "Via Tobruk",
        "surface": "sett"
      },
      "geometry": {
        "type": "LineString",
        "coordinates": [
          [
            14.2192336,
            37.3030453
          ],
          [
            14.2192309,
            37.3030809
          ],
          [
            14.2192563,
            37.3031172
          ],
          [
            14.2195071,
            37.3032442
          ],
          [
            14.2198277,
            37.3034415
          ]
        ]
      },
      "id": "way/1249917729"
    },
    {
      "type": "Feature",
      "properties": {
        "@id": "way/1249966553",
        "highway": "steps"
      },
      "geometry": {
        "type": "LineString",
        "coordinates": [
          [
            14.2209053,
            37.3045244
          ],
          [
            14.2209528,
            37.3046299
          ],
          [
            14.2208945,
            37.3046475
          ],
          [
            14.2209141,
            37.3046846
          ]
        ]
      },
      "id": "way/1249966553"
    },
    {
      "type": "Feature",
      "properties": {
        "@id": "way/1249966554",
        "highway": "residential",
        "name": "Via San Vito",
        "surface": "paving_stones"
      },
      "geometry": {
        "type": "LineString",
        "coordinates": [
          [
            14.2212854,
            37.3046373
          ],
          [
            14.2212962,
            37.3047434
          ],
          [
            14.2213082,
            37.3048272
          ],
          [
            14.2212758,
            37.3048302
          ],
          [
            14.2210615,
            37.3048496
          ],
          [
            14.221067,
            37.3048994
          ],
          [
            14.2210776,
            37.3049947
          ]
        ]
      },
      "id": "way/1249966554"
    },
    {
      "type": "Feature",
      "properties": {
        "@id": "way/1249966556",
        "highway": "steps"
      },
      "geometry": {
        "type": "LineString",
        "coordinates": [
          [
            14.2194322,
            37.304518
          ],
          [
            14.2194064,
            37.3045409
          ],
          [
            14.2193888,
            37.3045571
          ]
        ]
      },
      "id": "way/1249966556"
    },
    {
      "type": "Feature",
      "properties": {
        "@id": "way/1249966558",
        "highway": "residential",
        "name": "Via Monfalcone",
        "surface": "paving_stones"
      },
      "geometry": {
        "type": "LineString",
        "coordinates": [
          [
            14.2202997,
            37.3045622
          ],
          [
            14.2200758,
            37.3044122
          ],
          [
            14.2197969,
            37.3042063
          ],
          [
            14.2194858,
            37.3039826
          ],
          [
            14.2189773,
            37.3036145
          ],
          [
            14.2189303,
            37.3036106
          ],
          [
            14.2188939,
            37.303599
          ],
          [
            14.218311,
            37.3034138
          ]
        ]
      },
      "id": "way/1249966558"
    },
    {
      "type": "Feature",
      "properties": {
        "@id": "way/1249966559",
        "highway": "residential",
        "name": "Via Trento",
        "surface": "paving_stones"
      },
      "geometry": {
        "type": "LineString",
        "coordinates": [
          [
            14.219255,
            37.3046843
          ],
          [
            14.2189792,
            37.3044921
          ],
          [
            14.2185496,
            37.3041892
          ]
        ]
      },
      "id": "way/1249966559"
    },
    {
      "type": "Feature",
      "properties": {
        "@id": "way/1249966560",
        "highway": "steps"
      },
      "geometry": {
        "type": "LineString",
        "coordinates": [
          [
            14.2193888,
            37.3045571
          ],
          [
            14.2192775,
            37.3046656
          ],
          [
            14.219255,
            37.3046843
          ]
        ]
      },
      "id": "way/1249966560"
    },
    {
      "type": "Feature",
      "properties": {
        "@id": "way/1249966561",
        "highway": "residential",
        "name": "Via Dalmazia"
      },
      "geometry": {
        "type": "LineString",
        "coordinates": [
          [
            14.2183116,
            37.3044615
          ],
          [
            14.2187335,
            37.3047392
          ]
        ]
      },
      "id": "way/1249966561"
    },
    {
      "type": "Feature",
      "properties": {
        "@id": "way/1249966562",
        "highway": "residential",
        "name": "Via Pola"
      },
      "geometry": {
        "type": "LineString",
        "coordinates": [
          [
            14.2191365,
            37.3047814
          ],
          [
            14.2191209,
            37.3047472
          ],
          [
            14.2190069,
            37.3047173
          ],
          [
            14.2188559,
            37.3046162
          ],
          [
            14.2184331,
            37.3043225
          ]
        ]
      },
      "id": "way/1249966562"
    },
    {
      "type": "Feature",
      "properties": {
        "@id": "way/1249966563",
        "highway": "steps"
      },
      "geometry": {
        "type": "LineString",
        "coordinates": [
          [
            14.219255,
            37.3046843
          ],
          [
            14.2192785,
            37.3047
          ],
          [
            14.2192993,
            37.3047125
          ],
          [
            14.2192879,
            37.304728
          ],
          [
            14.2191745,
            37.3047429
          ],
          [
            14.219179,
            37.3047784
          ]
        ]
      },
      "id": "way/1249966563"
    },
    {
      "type": "Feature",
      "properties": {
        "@id": "way/1249966568",
        "highway": "residential",
        "name": "Via Fiume",
        "surface": "paving_stones"
      },
      "geometry": {
        "type": "LineString",
        "coordinates": [
          [
            14.2196747,
            37.3047569
          ],
          [
            14.2193888,
            37.3045571
          ],
          [
            14.2191051,
            37.3043655
          ],
          [
            14.2186698,
            37.3040569
          ]
        ]
      },
      "id": "way/1249966568"
    },
    {
      "type": "Feature",
      "properties": {
        "@id": "way/1249966569",
        "highway": "residential",
        "name": "Via Bolzano",
        "surface": "sett"
      },
      "geometry": {
        "type": "LineString",
        "coordinates": [
          [
            14.2199685,
            37.3047552
          ],
          [
            14.2198115,
            37.3046431
          ],
          [
            14.2195226,
            37.3044368
          ],
          [
            14.2192389,
            37.3042342
          ],
          [
            14.2187832,
            37.3039186
          ],
          [
            14.218339,
            37.3037882
          ]
        ]
      },
      "id": "way/1249966569"
    },
    {
      "type": "Feature",
      "properties": {
        "@id": "way/1249966570",
        "highway": "steps"
      },
      "geometry": {
        "type": "LineString",
        "coordinates": [
          [
            14.2209771,
            37.3046654
          ],
          [
            14.2210192,
            37.3047781
          ]
        ]
      },
      "id": "way/1249966570"
    },
    {
      "type": "Feature",
      "properties": {
        "@id": "way/1249966571",
        "highway": "residential",
        "surface": "paving_stones"
      },
      "geometry": {
        "type": "LineString",
        "coordinates": [
          [
            14.2201717,
            37.3047098
          ],
          [
            14.2203386,
            37.3046736
          ],
          [
            14.2204593,
            37.3046149
          ],
          [
            14.2205921,
            37.3045307
          ],
          [
            14.2206135,
            37.3045008
          ],
          [
            14.2206162,
            37.3044683
          ]
        ]
      },
      "id": "way/1249966571"
    },
    {
      "type": "Feature",
      "properties": {
        "@id": "way/1249966572",
        "highway": "footway"
      },
      "geometry": {
        "type": "LineString",
        "coordinates": [
          [
            14.2198032,
            37.3049525
          ],
          [
            14.2197338,
            37.3049968
          ],
          [
            14.2195722,
            37.3050683
          ],
          [
            14.2195286,
            37.3050602
          ]
        ]
      },
      "id": "way/1249966572"
    },
    {
      "type": "Feature",
      "properties": {
        "@id": "way/1249966573",
        "highway": "footway"
      },
      "geometry": {
        "type": "LineString",
        "coordinates": [
          [
            14.2196149,
            37.3049947
          ],
          [
            14.2196657,
            37.3049902
          ],
          [
            14.2197374,
            37.3049421
          ]
        ]
      },
      "id": "way/1249966573"
    },
    {
      "type": "Feature",
      "properties": {
        "@id": "way/1249966574",
        "highway": "steps"
      },
      "geometry": {
        "type": "LineString",
        "coordinates": [
          [
            14.2196747,
            37.3047569
          ],
          [
            14.219652,
            37.3047968
          ],
          [
            14.219772,
            37.3048891
          ],
          [
            14.2197387,
            37.3049124
          ]
        ]
      },
      "id": "way/1249966574"
    },
    {
      "type": "Feature",
      "properties": {
        "@id": "way/1249966575",
        "highway": "footway"
      },
      "geometry": {
        "type": "LineString",
        "coordinates": [
          [
            14.2201223,
            37.3046374
          ],
          [
            14.2199685,
            37.3047552
          ]
        ]
      },
      "id": "way/1249966575"
    },
    {
      "type": "Feature",
      "properties": {
        "@id": "way/1249966579",
        "highway": "steps"
      },
      "geometry": {
        "type": "LineString",
        "coordinates": [
          [
            14.2199034,
            37.3048662
          ],
          [
            14.2197791,
            37.3049392
          ]
        ]
      },
      "id": "way/1249966579"
    },
    {
      "type": "Feature",
      "properties": {
        "@id": "way/1249966580",
        "highway": "residential",
        "name": "Via Tripoli",
        "surface": "asphalt"
      },
      "geometry": {
        "type": "LineString",
        "coordinates": [
          [
            14.2201589,
            37.3046597
          ],
          [
            14.2201223,
            37.3046374
          ],
          [
            14.2199419,
            37.3045278
          ],
          [
            14.2196546,
            37.3043247
          ],
          [
            14.2193576,
            37.3041116
          ],
          [
            14.218873,
            37.303768
          ]
        ]
      },
      "id": "way/1249966580"
    },
    {
      "type": "Feature",
      "properties": {
        "@id": "way/1249966581",
        "highway": "footway"
      },
      "geometry": {
        "type": "LineString",
        "coordinates": [
          [
            14.2199543,
            37.3047982
          ],
          [
            14.2199183,
            37.3048226
          ],
          [
            14.2197896,
            37.3049097
          ]
        ]
      },
      "id": "way/1249966581"
    },
    {
      "type": "Feature",
      "properties": {
        "@id": "way/1249966582",
        "highway": "residential",
        "name": "Via Gorizia",
        "surface": "paving_stones"
      },
      "geometry": {
        "type": "LineString",
        "coordinates": [
          [
            14.2204697,
            37.3040699
          ],
          [
            14.2202206,
            37.3042874
          ],
          [
            14.2200758,
            37.3044122
          ],
          [
            14.2199419,
            37.3045278
          ],
          [
            14.2198115,
            37.3046431
          ],
          [
            14.2196747,
            37.3047569
          ]
        ]
      },
      "id": "way/1249966582"
    },
    {
      "type": "Feature",
      "properties": {
        "@id": "way/1249966583",
        "highway": "residential",
        "name": "Via Trieste",
        "surface": "paving_stones"
      },
      "geometry": {
        "type": "LineString",
        "coordinates": [
          [
            14.21994,
            37.3040873
          ],
          [
            14.2197969,
            37.3042063
          ],
          [
            14.2196546,
            37.3043247
          ],
          [
            14.2195226,
            37.3044368
          ],
          [
            14.2194322,
            37.304518
          ]
        ]
      },
      "id": "way/1249966583"
    },
    {
      "type": "Feature",
      "properties": {
        "@id": "way/1249966584",
        "highway": "steps"
      },
      "geometry": {
        "type": "LineString",
        "coordinates": [
          [
            14.2201665,
            37.3038776
          ],
          [
            14.21994,
            37.3040873
          ]
        ]
      },
      "id": "way/1249966584"
    },
    {
      "type": "Feature",
      "properties": {
        "@id": "way/1249966585",
        "highway": "residential",
        "name": "Via Rovereto",
        "surface": "paving_stones"
      },
      "geometry": {
        "type": "LineString",
        "coordinates": [
          [
            14.2187335,
            37.3047392
          ],
          [
            14.2188559,
            37.3046162
          ],
          [
            14.2189792,
            37.3044921
          ],
          [
            14.2191051,
            37.3043655
          ],
          [
            14.2192389,
            37.3042342
          ],
          [
            14.2193576,
            37.3041116
          ],
          [
            14.2194858,
            37.3039826
          ],
          [
            14.2196129,
            37.3038548
          ]
        ]
      },
      "id": "way/1249966585"
    },
    {
      "type": "Feature",
      "properties": {
        "@id": "way/1249966586",
        "highway": "steps"
      },
      "geometry": {
        "type": "LineString",
        "coordinates": [
          [
            14.2198171,
            37.3036524
          ],
          [
            14.2196129,
            37.3038548
          ]
        ]
      },
      "id": "way/1249966586"
    },
    {
      "type": "Feature",
      "properties": {
        "@id": "way/1249966587",
        "highway": "steps"
      },
      "geometry": {
        "type": "LineString",
        "coordinates": [
          [
            14.2183247,
            37.3033234
          ],
          [
            14.2182818,
            37.303404
          ],
          [
            14.218311,
            37.3034138
          ]
        ]
      },
      "id": "way/1249966587"
    },
    {
      "type": "Feature",
      "properties": {
        "@id": "way/1249975336",
        "highway": "footway"
      },
      "geometry": {
        "type": "LineString",
        "coordinates": [
          [
            14.2210615,
            37.3048496
          ],
          [
            14.2210454,
            37.3048475
          ],
          [
            14.2210192,
            37.3047781
          ]
        ]
      },
      "id": "way/1249975336"
    },
    {
      "type": "Feature",
      "properties": {
        "@id": "way/1249975337",
        "highway": "service"
      },
      "geometry": {
        "type": "LineString",
        "coordinates": [
          [
            14.221067,
            37.3048994
          ],
          [
            14.2212801,
            37.3048779
          ]
        ]
      },
      "id": "way/1249975337"
    },
    {
      "type": "Feature",
      "properties": {
        "@id": "way/1249975338",
        "highway": "steps"
      },
      "geometry": {
        "type": "LineString",
        "coordinates": [
          [
            14.2212758,
            37.3048302
          ],
          [
            14.2212801,
            37.3048592
          ],
          [
            14.2212801,
            37.3048779
          ]
        ]
      },
      "id": "way/1249975338"
    },
    {
      "type": "Feature",
      "properties": {
        "@id": "way/1249979953",
        "access": "private",
        "highway": "service",
        "service": "driveway"
      },
      "geometry": {
        "type": "LineString",
        "coordinates": [
          [
            14.2212021,
            37.3070715
          ],
          [
            14.2213257,
            37.3069649
          ],
          [
            14.2214289,
            37.3068476
          ],
          [
            14.2215121,
            37.3067239
          ],
          [
            14.221606,
            37.3066087
          ]
        ]
      },
      "id": "way/1249979953"
    },
    {
      "type": "Feature",
      "properties": {
        "@id": "way/1249979954",
        "highway": "service",
        "service": "driveway"
      },
      "geometry": {
        "type": "LineString",
        "coordinates": [
          [
            14.2211962,
            37.3071761
          ],
          [
            14.2211822,
            37.3071218
          ],
          [
            14.2212021,
            37.3070715
          ]
        ]
      },
      "id": "way/1249979954"
    },
    {
      "type": "Feature",
      "properties": {
        "@id": "way/1249979956",
        "highway": "service"
      },
      "geometry": {
        "type": "LineString",
        "coordinates": [
          [
            14.2219329,
            37.3067932
          ],
          [
            14.221897,
            37.3067612
          ],
          [
            14.2218406,
            37.3066812
          ],
          [
            14.2218098,
            37.306486
          ],
          [
            14.2217964,
            37.3064284
          ],
          [
            14.221846,
            37.3063526
          ]
        ]
      },
      "id": "way/1249979956"
    },
    {
      "type": "Feature",
      "properties": {
        "@id": "way/1249982191",
        "access": "customers",
        "highway": "service",
        "service": "driveway"
      },
      "geometry": {
        "type": "LineString",
        "coordinates": [
          [
            14.2234845,
            37.3069476
          ],
          [
            14.2234786,
            37.3069544
          ],
          [
            14.2234562,
            37.3069839
          ]
        ]
      },
      "id": "way/1249982191"
    },
    {
      "type": "Feature",
      "properties": {
        "@id": "way/1249984405",
        "access": "private",
        "highway": "service",
        "service": "driveway"
      },
      "geometry": {
        "type": "LineString",
        "coordinates": [
          [
            14.2230559,
            37.3082305
          ],
          [
            14.2231576,
            37.3081373
          ]
        ]
      },
      "id": "way/1249984405"
    },
    {
      "type": "Feature",
      "properties": {
        "@id": "way/1249984407",
        "access": "private",
        "highway": "service",
        "service": "driveway"
      },
      "geometry": {
        "type": "LineString",
        "coordinates": [
          [
            14.2232368,
            37.3083477
          ],
          [
            14.2230559,
            37.3082305
          ],
          [
            14.2222698,
            37.3077212
          ],
          [
            14.2223985,
            37.3075954
          ]
        ]
      },
      "id": "way/1249984407"
    },
    {
      "type": "Feature",
      "properties": {
        "@id": "way/1249984408",
        "highway": "service",
        "service": "driveway"
      },
      "geometry": {
        "type": "LineString",
        "coordinates": [
          [
            14.2232528,
            37.3083581
          ],
          [
            14.2232368,
            37.3083477
          ]
        ]
      },
      "id": "way/1249984408"
    },
    {
      "type": "Feature",
      "properties": {
        "@id": "way/1249984410",
        "access": "private",
        "highway": "service",
        "service": "driveway"
      },
      "geometry": {
        "type": "LineString",
        "coordinates": [
          [
            14.2231984,
            37.3083775
          ],
          [
            14.2223892,
            37.3078556
          ],
          [
            14.2222685,
            37.3078748
          ],
          [
            14.2221732,
            37.3079015
          ]
        ]
      },
      "id": "way/1249984410"
    },
    {
      "type": "Feature",
      "properties": {
        "@id": "way/1249984415",
        "highway": "service",
        "service": "driveway"
      },
      "geometry": {
        "type": "LineString",
        "coordinates": [
          [
            14.2232166,
            37.3083889
          ],
          [
            14.2231984,
            37.3083775
          ]
        ]
      },
      "id": "way/1249984415"
    },
    {
      "type": "Feature",
      "properties": {
        "@id": "way/1249984417",
        "highway": "service",
        "surface": "unpaved"
      },
      "geometry": {
        "type": "LineString",
        "coordinates": [
          [
            14.2232291,
            37.3086348
          ],
          [
            14.2230651,
            37.3086375
          ],
          [
            14.2230181,
            37.3086279
          ],
          [
            14.2229967,
            37.308613
          ],
          [
            14.2229927,
            37.3085799
          ],
          [
            14.2232166,
            37.3083889
          ],
          [
            14.2232528,
            37.3083581
          ]
        ]
      },
      "id": "way/1249984417"
    },
    {
      "type": "Feature",
      "properties": {
        "@id": "way/1249996024",
        "access": "private",
        "highway": "service",
        "service": "driveway"
      },
      "geometry": {
        "type": "LineString",
        "coordinates": [
          [
            14.221674,
            37.3042339
          ],
          [
            14.2218393,
            37.3043194
          ],
          [
            14.2220364,
            37.3044645
          ]
        ]
      },
      "id": "way/1249996024"
    },
    {
      "type": "Feature",
      "properties": {
        "@id": "way/1249996025",
        "highway": "service",
        "service": "driveway"
      },
      "geometry": {
        "type": "LineString",
        "coordinates": [
          [
            14.2214244,
            37.3042897
          ],
          [
            14.2214866,
            37.3042128
          ],
          [
            14.2215738,
            37.3042064
          ],
          [
            14.2216073,
            37.3042128
          ],
          [
            14.221674,
            37.3042339
          ]
        ]
      },
      "id": "way/1249996025"
    },
    {
      "type": "Feature",
      "properties": {
        "@id": "way/1249996040",
        "highway": "track"
      },
      "geometry": {
        "type": "LineString",
        "coordinates": [
          [
            14.2221732,
            37.3079015
          ],
          [
            14.2219707,
            37.3080903
          ],
          [
            14.2220378,
            37.3085415
          ],
          [
            14.2219104,
            37.3086663
          ]
        ]
      },
      "id": "way/1249996040"
    },
    {
      "type": "Feature",
      "properties": {
        "@id": "way/1250023982",
        "access": "private",
        "highway": "service",
        "service": "driveway"
      },
      "geometry": {
        "type": "LineString",
        "coordinates": [
          [
            14.211806,
            37.305053
          ],
          [
            14.2118611,
            37.3050444
          ],
          [
            14.212011,
            37.3050512
          ],
          [
            14.2121029,
            37.3050528
          ],
          [
            14.2122303,
            37.3050758
          ],
          [
            14.2124301,
            37.3051462
          ]
        ]
      },
      "id": "way/1250023982"
    },
    {
      "type": "Feature",
      "properties": {
        "@id": "way/1250046977",
        "highway": "pedestrian",
        "surface": "paving_stones"
      },
      "geometry": {
        "type": "LineString",
        "coordinates": [
          [
            14.209882,
            37.3045986
          ],
          [
            14.2101167,
            37.3046843
          ]
        ]
      },
      "id": "way/1250046977"
    },
    {
      "type": "Feature",
      "properties": {
        "@id": "way/1250046978",
        "highway": "residential",
        "surface": "sett"
      },
      "geometry": {
        "type": "LineString",
        "coordinates": [
          [
            14.2097933,
            37.3048027
          ],
          [
            14.2096252,
            37.3047448
          ],
          [
            14.209535,
            37.3047558
          ],
          [
            14.2094712,
            37.3048571
          ]
        ]
      },
      "id": "way/1250046978"
    },
    {
      "type": "Feature",
      "properties": {
        "@id": "way/1250046979",
        "alt_name": "Via XXIV Maggio",
        "highway": "footway",
        "name": "Via Ventiquattro Maggio",
        "sorting_name": "Via 24 Maggio"
      },
      "geometry": {
        "type": "LineString",
        "coordinates": [
          [
            14.2114819,
            37.3057227
          ],
          [
            14.2111495,
            37.3056272
          ],
          [
            14.2111243,
            37.3056182
          ]
        ]
      },
      "id": "way/1250046979"
    },
    {
      "type": "Feature",
      "properties": {
        "@id": "way/1250046980",
        "highway": "residential",
        "name": "Via Arena",
        "surface": "sett"
      },
      "geometry": {
        "type": "LineString",
        "coordinates": [
          [
            14.211608,
            37.3054566
          ],
          [
            14.2110778,
            37.3053464
          ],
          [
            14.2105673,
            37.3052475
          ]
        ]
      },
      "id": "way/1250046980"
    },
    {
      "type": "Feature",
      "properties": {
        "@id": "way/1250046981",
        "highway": "footway",
        "name": "Via Cafollata"
      },
      "geometry": {
        "type": "LineString",
        "coordinates": [
          [
            14.2110541,
            37.3059142
          ],
          [
            14.2112298,
            37.3059174
          ],
          [
            14.2113452,
            37.3058961
          ],
          [
            14.2113975,
            37.305863
          ],
          [
            14.2114511,
            37.3057777
          ],
          [
            14.2114819,
            37.3057227
          ],
          [
            14.211545,
            37.3056102
          ],
          [
            14.211608,
            37.3054566
          ]
        ]
      },
      "id": "way/1250046981"
    },
    {
      "type": "Feature",
      "properties": {
        "@id": "way/1250046982",
        "highway": "steps"
      },
      "geometry": {
        "type": "LineString",
        "coordinates": [
          [
            14.2117917,
            37.3052848
          ],
          [
            14.2117173,
            37.3053009
          ],
          [
            14.21172,
            37.3053409
          ],
          [
            14.2116778,
            37.3054342
          ],
          [
            14.21166,
            37.3054275
          ],
          [
            14.2116348,
            37.3054219
          ],
          [
            14.211608,
            37.3054566
          ]
        ]
      },
      "id": "way/1250046982"
    },
    {
      "type": "Feature",
      "properties": {
        "@id": "way/1250046983",
        "footway": "crossing",
        "highway": "footway"
      },
      "geometry": {
        "type": "LineString",
        "coordinates": [
          [
            14.2117596,
            37.305143
          ],
          [
            14.2116476,
            37.3051568
          ],
          [
            14.2116367,
            37.3051549
          ]
        ]
      },
      "id": "way/1250046983"
    },
    {
      "type": "Feature",
      "properties": {
        "@id": "way/1250046985",
        "highway": "steps"
      },
      "geometry": {
        "type": "LineString",
        "coordinates": [
          [
            14.2116367,
            37.3051549
          ],
          [
            14.2116181,
            37.3051515
          ],
          [
            14.2115825,
            37.3051446
          ],
          [
            14.2115597,
            37.30516
          ],
          [
            14.2115416,
            37.3051963
          ],
          [
            14.2114464,
            37.3051809
          ]
        ]
      },
      "id": "way/1250046985"
    },
    {
      "type": "Feature",
      "properties": {
        "@id": "way/1250047318",
        "highway": "footway"
      },
      "geometry": {
        "type": "LineString",
        "coordinates": [
          [
            14.2105871,
            37.3058524
          ],
          [
            14.2105095,
            37.3060128
          ]
        ]
      },
      "id": "way/1250047318"
    },
    {
      "type": "Feature",
      "properties": {
        "@id": "way/1250048162",
        "highway": "footway"
      },
      "geometry": {
        "type": "LineString",
        "coordinates": [
          [
            14.2101642,
            37.3054935
          ],
          [
            14.2101908,
            37.305477
          ]
        ]
      },
      "id": "way/1250048162"
    },
    {
      "type": "Feature",
      "properties": {
        "@id": "way/1250048163",
        "highway": "footway",
        "tunnel": "building_passage"
      },
      "geometry": {
        "type": "LineString",
        "coordinates": [
          [
            14.2100774,
            37.3055472
          ],
          [
            14.2101642,
            37.3054935
          ]
        ]
      },
      "id": "way/1250048163"
    },
    {
      "type": "Feature",
      "properties": {
        "@id": "way/1250048164",
        "highway": "footway"
      },
      "geometry": {
        "type": "LineString",
        "coordinates": [
          [
            14.2100238,
            37.3055804
          ],
          [
            14.2100774,
            37.3055472
          ]
        ]
      },
      "id": "way/1250048164"
    },
    {
      "type": "Feature",
      "properties": {
        "@id": "way/1250060865",
        "highway": "footway"
      },
      "geometry": {
        "type": "LineString",
        "coordinates": [
          [
            14.2083058,
            37.3047387
          ],
          [
            14.2083498,
            37.3046709
          ]
        ]
      },
      "id": "way/1250060865"
    },
    {
      "type": "Feature",
      "properties": {
        "@id": "way/1250060866",
        "highway": "steps"
      },
      "geometry": {
        "type": "LineString",
        "coordinates": [
          [
            14.2083498,
            37.3046709
          ],
          [
            14.2083642,
            37.3046487
          ],
          [
            14.2083836,
            37.3046174
          ]
        ]
      },
      "id": "way/1250060866"
    },
    {
      "type": "Feature",
      "properties": {
        "@id": "way/1250060867",
        "highway": "footway"
      },
      "geometry": {
        "type": "LineString",
        "coordinates": [
          [
            14.2085609,
            37.3048339
          ],
          [
            14.2086304,
            37.3047174
          ]
        ]
      },
      "id": "way/1250060867"
    },
    {
      "type": "Feature",
      "properties": {
        "@id": "way/1250060868",
        "highway": "steps"
      },
      "geometry": {
        "type": "LineString",
        "coordinates": [
          [
            14.208912,
            37.3049649
          ],
          [
            14.2089922,
            37.3048443
          ]
        ]
      },
      "id": "way/1250060868"
    },
    {
      "type": "Feature",
      "properties": {
        "@id": "way/1250186238",
        "access": "private",
        "highway": "service",
        "service": "driveway"
      },
      "geometry": {
        "type": "LineString",
        "coordinates": [
          [
            14.2068734,
            37.3035991
          ],
          [
            14.2067438,
            37.3038671
          ],
          [
            14.2075646,
            37.3040869
          ]
        ]
      },
      "id": "way/1250186238"
    },
    {
      "type": "Feature",
      "properties": {
        "@id": "way/1250186239",
        "highway": "service",
        "service": "driveway"
      },
      "geometry": {
        "type": "LineString",
        "coordinates": [
          [
            14.2068946,
            37.3035628
          ],
          [
            14.2068734,
            37.3035991
          ]
        ]
      },
      "id": "way/1250186239"
    },
    {
      "type": "Feature",
      "properties": {
        "@id": "way/1250186240",
        "highway": "service"
      },
      "geometry": {
        "type": "LineString",
        "coordinates": [
          [
            14.2078124,
            37.3040057
          ],
          [
            14.2070925,
            37.3038341
          ]
        ]
      },
      "id": "way/1250186240"
    },
    {
      "type": "Feature",
      "properties": {
        "@id": "way/1250188859",
        "highway": "steps"
      },
      "geometry": {
        "type": "LineString",
        "coordinates": [
          [
            14.208294,
            37.3039498
          ],
          [
            14.2082698,
            37.3039974
          ]
        ]
      },
      "id": "way/1250188859"
    },
    {
      "type": "Feature",
      "properties": {
        "@id": "way/1250188860",
        "highway": "pedestrian",
        "name": "Via Stivala",
        "surface": "sett"
      },
      "geometry": {
        "type": "LineString",
        "coordinates": [
          [
            14.2088185,
            37.3042373
          ],
          [
            14.2088856,
            37.3042842
          ],
          [
            14.2087979,
            37.3044994
          ]
        ]
      },
      "id": "way/1250188860"
    },
    {
      "type": "Feature",
      "properties": {
        "@id": "way/1250188861",
        "highway": "residential"
      },
      "geometry": {
        "type": "LineString",
        "coordinates": [
          [
            14.2088584,
            37.3041472
          ],
          [
            14.2085948,
            37.3040795
          ],
          [
            14.2082698,
            37.3039974
          ],
          [
            14.2081909,
            37.303977
          ]
        ]
      },
      "id": "way/1250188861"
    },
    {
      "type": "Feature",
      "properties": {
        "@id": "way/1250188862",
        "highway": "residential",
        "surface": "sett"
      },
      "geometry": {
        "type": "LineString",
        "coordinates": [
          [
            14.2093088,
            37.3042063
          ],
          [
            14.2092141,
            37.304472
          ]
        ]
      },
      "id": "way/1250188862"
    },
    {
      "type": "Feature",
      "properties": {
        "@id": "way/1250188863",
        "access": "private",
        "highway": "service",
        "service": "driveway"
      },
      "geometry": {
        "type": "LineString",
        "coordinates": [
          [
            14.208049,
            37.3043728
          ],
          [
            14.207861,
            37.304328
          ],
          [
            14.2078502,
            37.304312
          ],
          [
            14.2078818,
            37.3042144
          ]
        ]
      },
      "id": "way/1250188863"
    },
    {
      "type": "Feature",
      "properties": {
        "@id": "way/1250188864",
        "highway": "service",
        "service": "driveway"
      },
      "geometry": {
        "type": "LineString",
        "coordinates": [
          [
            14.2081007,
            37.304389
          ],
          [
            14.208049,
            37.3043728
          ]
        ]
      },
      "id": "way/1250188864"
    },
    {
      "type": "Feature",
      "properties": {
        "@id": "way/1250189039",
        "highway": "residential",
        "name": "Vicolo Bruno",
        "surface": "sett"
      },
      "geometry": {
        "type": "LineString",
        "coordinates": [
          [
            14.2083009,
            37.3043578
          ],
          [
            14.2082019,
            37.3045787
          ]
        ]
      },
      "id": "way/1250189039"
    },
    {
      "type": "Feature",
      "properties": {
        "@id": "way/1250193982",
        "access": "permit",
        "highway": "service",
        "service": "driveway"
      },
      "geometry": {
        "type": "LineString",
        "coordinates": [
          [
            14.208392,
            37.3031706
          ],
          [
            14.2083237,
            37.3033199
          ],
          [
            14.2084001,
            37.3035236
          ],
          [
            14.2083223,
            37.3037039
          ]
        ]
      },
      "id": "way/1250193982"
    },
    {
      "type": "Feature",
      "properties": {
        "@id": "way/1250193986",
        "highway": "residential",
        "surface": "sett"
      },
      "geometry": {
        "type": "LineString",
        "coordinates": [
          [
            14.2095319,
            37.3041551
          ],
          [
            14.2092033,
            37.3040804
          ]
        ]
      },
      "id": "way/1250193986"
    },
    {
      "type": "Feature",
      "properties": {
        "@id": "way/1250193987",
        "footway": "sidewalk",
        "highway": "footway",
        "surface": "sett"
      },
      "geometry": {
        "type": "LineString",
        "coordinates": [
          [
            14.2099386,
            37.304249
          ],
          [
            14.2095708,
            37.3041641
          ],
          [
            14.2095319,
            37.3041551
          ]
        ]
      },
      "id": "way/1250193987"
    },
    {
      "type": "Feature",
      "properties": {
        "@id": "way/1250193988",
        "highway": "residential",
        "name": "Via Torquato Tasso",
        "surface": "sett"
      },
      "geometry": {
        "type": "LineString",
        "coordinates": [
          [
            14.2092033,
            37.3040804
          ],
          [
            14.209262,
            37.3039289
          ]
        ]
      },
      "id": "way/1250193988"
    },
    {
      "type": "Feature",
      "properties": {
        "@id": "way/1250193990",
        "highway": "steps",
        "name": "Via Torquato Tasso"
      },
      "geometry": {
        "type": "LineString",
        "coordinates": [
          [
            14.2093581,
            37.3036687
          ],
          [
            14.2093053,
            37.3038116
          ],
          [
            14.209262,
            37.3039289
          ]
        ]
      },
      "id": "way/1250193990"
    },
    {
      "type": "Feature",
      "properties": {
        "@id": "way/1250193991",
        "highway": "residential"
      },
      "geometry": {
        "type": "LineString",
        "coordinates": [
          [
            14.2094987,
            37.3042499
          ],
          [
            14.2095319,
            37.3041551
          ]
        ]
      },
      "id": "way/1250193991"
    },
    {
      "type": "Feature",
      "properties": {
        "@id": "way/1250197697",
        "highway": "steps"
      },
      "geometry": {
        "type": "LineString",
        "coordinates": [
          [
            14.207541,
            37.3027224
          ],
          [
            14.2075848,
            37.3027355
          ]
        ]
      },
      "id": "way/1250197697"
    },
    {
      "type": "Feature",
      "properties": {
        "@id": "way/1250197698",
        "highway": "footway"
      },
      "geometry": {
        "type": "LineString",
        "coordinates": [
          [
            14.2074747,
            37.3027024
          ],
          [
            14.207541,
            37.3027224
          ]
        ]
      },
      "id": "way/1250197698"
    },
    {
      "type": "Feature",
      "properties": {
        "@id": "way/1250197699",
        "highway": "steps"
      },
      "geometry": {
        "type": "LineString",
        "coordinates": [
          [
            14.2076328,
            37.3026154
          ],
          [
            14.2076197,
            37.302655
          ],
          [
            14.2076106,
            37.302676
          ]
        ]
      },
      "id": "way/1250197699"
    },
    {
      "type": "Feature",
      "properties": {
        "@id": "way/1250197700",
        "highway": "footway"
      },
      "geometry": {
        "type": "LineString",
        "coordinates": [
          [
            14.2076106,
            37.302676
          ],
          [
            14.2075848,
            37.3027355
          ],
          [
            14.2075807,
            37.3027449
          ],
          [
            14.2075807,
            37.3027641
          ],
          [
            14.2075301,
            37.3028716
          ]
        ]
      },
      "id": "way/1250197700"
    },
    {
      "type": "Feature",
      "properties": {
        "@id": "way/1250197701",
        "highway": "service"
      },
      "geometry": {
        "type": "LineString",
        "coordinates": [
          [
            14.207814,
            37.3029519
          ],
          [
            14.2079169,
            37.3026948
          ]
        ]
      },
      "id": "way/1250197701"
    },
    {
      "type": "Feature",
      "properties": {
        "@id": "way/1250197702",
        "access": "private",
        "highway": "service",
        "service": "driveway"
      },
      "geometry": {
        "type": "LineString",
        "coordinates": [
          [
            14.2075513,
            37.3028776
          ],
          [
            14.2077661,
            37.3029372
          ]
        ]
      },
      "id": "way/1250197702"
    },
    {
      "type": "Feature",
      "properties": {
        "@id": "way/1250197704",
        "highway": "service",
        "service": "driveway"
      },
      "geometry": {
        "type": "LineString",
        "coordinates": [
          [
            14.2074142,
            37.3028385
          ],
          [
            14.2075301,
            37.3028716
          ],
          [
            14.2075513,
            37.3028776
          ]
        ]
      },
      "id": "way/1250197704"
    },
    {
      "type": "Feature",
      "properties": {
        "@id": "way/1250197706",
        "access": "private",
        "highway": "service",
        "service": "driveway"
      },
      "geometry": {
        "type": "LineString",
        "coordinates": [
          [
            14.2074534,
            37.3028973
          ],
          [
            14.2077202,
            37.3029743
          ]
        ]
      },
      "id": "way/1250197706"
    },
    {
      "type": "Feature",
      "properties": {
        "@id": "way/1250197707",
        "highway": "service",
        "service": "driveway"
      },
      "geometry": {
        "type": "LineString",
        "coordinates": [
          [
            14.2073963,
            37.3028788
          ],
          [
            14.2074534,
            37.3028973
          ]
        ]
      },
      "id": "way/1250197707"
    },
    {
      "type": "Feature",
      "properties": {
        "@id": "way/1250197708",
        "highway": "residential",
        "name": "Via Don Luigi Sturzo",
        "surface": "sett"
      },
      "geometry": {
        "type": "LineString",
        "coordinates": [
          [
            14.2072523,
            37.3032032
          ],
          [
            14.206843,
            37.3030894
          ],
          [
            14.2061909,
            37.3029001
          ]
        ]
      },
      "id": "way/1250197708"
    },
    {
      "type": "Feature",
      "properties": {
        "@id": "way/1250197709",
        "access": "private",
        "highway": "service",
        "service": "driveway"
      },
      "geometry": {
        "type": "LineString",
        "coordinates": [
          [
            14.2073128,
            37.3032215
          ],
          [
            14.2073862,
            37.303242
          ],
          [
            14.2073379,
            37.3033743
          ]
        ]
      },
      "id": "way/1250197709"
    },
    {
      "type": "Feature",
      "properties": {
        "@id": "way/1250197710",
        "highway": "service",
        "service": "driveway"
      },
      "geometry": {
        "type": "LineString",
        "coordinates": [
          [
            14.2072523,
            37.3032032
          ],
          [
            14.2073128,
            37.3032215
          ]
        ]
      },
      "id": "way/1250197710"
    },
    {
      "type": "Feature",
      "properties": {
        "@id": "way/1250197711",
        "access": "private",
        "highway": "service",
        "service": "driveway"
      },
      "geometry": {
        "type": "LineString",
        "coordinates": [
          [
            14.2073873,
            37.3036607
          ],
          [
            14.2074533,
            37.3034521
          ]
        ]
      },
      "id": "way/1250197711"
    },
    {
      "type": "Feature",
      "properties": {
        "@id": "way/1250197712",
        "highway": "service",
        "service": "driveway"
      },
      "geometry": {
        "type": "LineString",
        "coordinates": [
          [
            14.2073728,
            37.303705
          ],
          [
            14.2073873,
            37.3036607
          ]
        ]
      },
      "id": "way/1250197712"
    },
    {
      "type": "Feature",
      "properties": {
        "@id": "way/1250200938",
        "footway": "sidewalk",
        "highway": "footway"
      },
      "geometry": {
        "type": "LineString",
        "coordinates": [
          [
            14.216267,
            37.3051679
          ],
          [
            14.2162563,
            37.3051084
          ],
          [
            14.2167954,
            37.3051018
          ],
          [
            14.2168504,
            37.3050992
          ],
          [
            14.2169349,
            37.3051286
          ],
          [
            14.2171133,
            37.3051288
          ]
        ]
      },
      "id": "way/1250200938"
    },
    {
      "type": "Feature",
      "properties": {
        "@id": "way/1250200939",
        "crossing": "unmarked",
        "footway": "crossing",
        "highway": "footway"
      },
      "geometry": {
        "type": "LineString",
        "coordinates": [
          [
            14.2171133,
            37.3051288
          ],
          [
            14.2171344,
            37.3051286
          ],
          [
            14.2171475,
            37.3051291
          ]
        ]
      },
      "id": "way/1250200939"
    },
    {
      "type": "Feature",
      "properties": {
        "@id": "way/1250200940",
        "crossing": "unmarked",
        "footway": "crossing",
        "highway": "footway"
      },
      "geometry": {
        "type": "LineString",
        "coordinates": [
          [
            14.2173932,
            37.3051344
          ],
          [
            14.2173632,
            37.3051319
          ],
          [
            14.2173278,
            37.3051312
          ]
        ]
      },
      "id": "way/1250200940"
    },
    {
      "type": "Feature",
      "properties": {
        "@id": "way/1250200941",
        "footway": "sidewalk",
        "highway": "footway"
      },
      "geometry": {
        "type": "LineString",
        "coordinates": [
          [
            14.2171475,
            37.3051291
          ],
          [
            14.2173278,
            37.3051312
          ]
        ]
      },
      "id": "way/1250200941"
    },
    {
      "type": "Feature",
      "properties": {
        "@id": "way/1250200943",
        "footway": "sidewalk",
        "highway": "footway"
      },
      "geometry": {
        "type": "LineString",
        "coordinates": [
          [
            14.2173932,
            37.3051344
          ],
          [
            14.2178757,
            37.3052218
          ],
          [
            14.2179152,
            37.3052283
          ]
        ]
      },
      "id": "way/1250200943"
    },
    {
      "type": "Feature",
      "properties": {
        "@id": "way/1250200944",
        "crossing": "unmarked",
        "footway": "crossing",
        "highway": "footway"
      },
      "geometry": {
        "type": "LineString",
        "coordinates": [
          [
            14.2179152,
            37.3052283
          ],
          [
            14.2179093,
            37.3052428
          ],
          [
            14.2179005,
            37.305272
          ]
        ]
      },
      "id": "way/1250200944"
    },
    {
      "type": "Feature",
      "properties": {
        "@id": "way/1250200945",
        "footway": "crossing",
        "highway": "footway"
      },
      "geometry": {
        "type": "LineString",
        "coordinates": [
          [
            14.2180955,
            37.3052682
          ],
          [
            14.2180548,
            37.3052584
          ],
          [
            14.2179442,
            37.3052361
          ],
          [
            14.2179152,
            37.3052283
          ]
        ]
      },
      "id": "way/1250200945"
    },
    {
      "type": "Feature",
      "properties": {
        "@id": "way/1250200946",
        "footway": "sidewalk",
        "highway": "footway"
      },
      "geometry": {
        "type": "LineString",
        "coordinates": [
          [
            14.2183929,
            37.3053335
          ],
          [
            14.2181248,
            37.3052813
          ],
          [
            14.2181157,
            37.3052795
          ],
          [
            14.2180955,
            37.3052682
          ]
        ]
      },
      "id": "way/1250200946"
    },
    {
      "type": "Feature",
      "properties": {
        "@id": "way/1250200947",
        "footway": "crossing",
        "highway": "footway"
      },
      "geometry": {
        "type": "LineString",
        "coordinates": [
          [
            14.2181248,
            37.3052813
          ],
          [
            14.2181221,
            37.3052892
          ],
          [
            14.2181213,
            37.3052917
          ],
          [
            14.2181126,
            37.3053174
          ],
          [
            14.2181055,
            37.3053382
          ],
          [
            14.2181025,
            37.3053472
          ]
        ]
      },
      "id": "way/1250200947"
    },
    {
      "type": "Feature",
      "properties": {
        "@id": "way/1250200948",
        "crossing": "unmarked",
        "footway": "crossing",
        "highway": "footway"
      },
      "geometry": {
        "type": "LineString",
        "coordinates": [
          [
            14.2184016,
            37.3053791
          ],
          [
            14.2183921,
            37.3054
          ],
          [
            14.2183886,
            37.3054081
          ],
          [
            14.2181025,
            37.3053472
          ],
          [
            14.2179675,
            37.3053185
          ],
          [
            14.2179377,
            37.3053186
          ]
        ]
      },
      "id": "way/1250200948"
    },
    {
      "type": "Feature",
      "properties": {
        "@id": "way/1250200949",
        "footway": "crossing",
        "highway": "footway"
      },
      "geometry": {
        "type": "LineString",
        "coordinates": [
          [
            14.2179377,
            37.3053186
          ],
          [
            14.2178891,
            37.3053047
          ],
          [
            14.2178444,
            37.3052922
          ]
        ]
      },
      "id": "way/1250200949"
    },
    {
      "type": "Feature",
      "properties": {
        "@id": "way/1250200950",
        "crossing": "unmarked",
        "footway": "crossing",
        "highway": "footway"
      },
      "geometry": {
        "type": "LineString",
        "coordinates": [
          [
            14.2162094,
            37.3052136
          ],
          [
            14.2162089,
            37.305192
          ]
        ]
      },
      "id": "way/1250200950"
    },
    {
      "type": "Feature",
      "properties": {
        "@id": "way/1250200951",
        "footway": "sidewalk",
        "highway": "footway"
      },
      "geometry": {
        "type": "LineString",
        "coordinates": [
          [
            14.2178444,
            37.3052922
          ],
          [
            14.2173627,
            37.3052022
          ],
          [
            14.2172581,
            37.3051958
          ],
          [
            14.2172146,
            37.305197
          ],
          [
            14.2170339,
            37.3052045
          ]
        ]
      },
      "id": "way/1250200951"
    },
    {
      "type": "Feature",
      "properties": {
        "@id": "way/1250200952",
        "crossing": "unmarked",
        "footway": "crossing",
        "highway": "footway"
      },
      "geometry": {
        "type": "LineString",
        "coordinates": [
          [
            14.2170339,
            37.3052045
          ],
          [
            14.216982,
            37.305205
          ],
          [
            14.2169551,
            37.3052054
          ]
        ]
      },
      "id": "way/1250200952"
    },
    {
      "type": "Feature",
      "properties": {
        "@id": "way/1250200953",
        "crossing": "unmarked",
        "footway": "crossing",
        "highway": "footway"
      },
      "geometry": {
        "type": "LineString",
        "coordinates": [
          [
            14.2165431,
            37.3052162
          ],
          [
            14.2166052,
            37.3052144
          ]
        ]
      },
      "id": "way/1250200953"
    },
    {
      "type": "Feature",
      "properties": {
        "@id": "way/1250200954",
        "crossing": "unmarked",
        "footway": "crossing",
        "highway": "footway"
      },
      "geometry": {
        "type": "LineString",
        "coordinates": [
          [
            14.2166829,
            37.3052106
          ],
          [
            14.216736,
            37.3052097
          ]
        ]
      },
      "id": "way/1250200954"
    },
    {
      "type": "Feature",
      "properties": {
        "@id": "way/1250200955",
        "footway": "sidewalk",
        "highway": "footway"
      },
      "geometry": {
        "type": "LineString",
        "coordinates": [
          [
            14.216736,
            37.3052097
          ],
          [
            14.2169551,
            37.3052054
          ]
        ]
      },
      "id": "way/1250200955"
    },
    {
      "type": "Feature",
      "properties": {
        "@id": "way/1250200956",
        "footway": "sidewalk",
        "highway": "footway"
      },
      "geometry": {
        "type": "LineString",
        "coordinates": [
          [
            14.2166052,
            37.3052144
          ],
          [
            14.2166829,
            37.3052106
          ]
        ]
      },
      "id": "way/1250200956"
    },
    {
      "type": "Feature",
      "properties": {
        "@id": "way/1250200957",
        "footway": "sidewalk",
        "highway": "footway"
      },
      "geometry": {
        "type": "LineString",
        "coordinates": [
          [
            14.2160978,
            37.3052067
          ],
          [
            14.2161614,
            37.3052102
          ],
          [
            14.2162094,
            37.3052136
          ],
          [
            14.2163297,
            37.3052221
          ],
          [
            14.2165431,
            37.3052162
          ]
        ]
      },
      "id": "way/1250200957"
    },
    {
      "type": "Feature",
      "properties": {
        "@id": "way/1250200958",
        "highway": "primary",
        "oneway": "yes",
        "surface": "asphalt"
      },
      "geometry": {
        "type": "LineString",
        "coordinates": [
          [
            14.2114506,
            37.3046032
          ],
          [
            14.2112836,
            37.3045953
          ],
          [
            14.2109992,
            37.3045701
          ],
          [
            14.2107303,
            37.3045189
          ],
          [
            14.210518,
            37.3044706
          ],
          [
            14.2099813,
            37.3043483
          ]
        ]
      },
      "id": "way/1250200958"
    },
    {
      "type": "Feature",
      "properties": {
        "@id": "way/1250206305",
        "highway": "residential",
        "name": "Via della Neve",
        "surface": "sett"
      },
      "geometry": {
        "type": "LineString",
        "coordinates": [
          [
            14.2162089,
            37.305192
          ],
          [
            14.2162098,
            37.3051675
          ],
          [
            14.2162119,
            37.3051094
          ],
          [
            14.2162095,
            37.3050481
          ],
          [
            14.2162013,
            37.3050229
          ],
          [
            14.2160765,
            37.3048818
          ],
          [
            14.2160138,
            37.3048622
          ],
          [
            14.2159528,
            37.3048341
          ],
          [
            14.2159525,
            37.3048032
          ],
          [
            14.2159732,
            37.3045643
          ],
          [
            14.2159719,
            37.3045178
          ]
        ]
      },
      "id": "way/1250206305"
    },
    {
      "type": "Feature",
      "properties": {
        "@id": "way/1250206306",
        "crossing": "unmarked",
        "footway": "crossing",
        "highway": "footway"
      },
      "geometry": {
        "type": "LineString",
        "coordinates": [
          [
            14.2162098,
            37.3051675
          ],
          [
            14.216267,
            37.3051679
          ]
        ]
      },
      "id": "way/1250206306"
    },
    {
      "type": "Feature",
      "properties": {
        "@id": "way/1250221159",
        "crossing": "unmarked",
        "footway": "crossing",
        "highway": "footway"
      },
      "geometry": {
        "type": "LineString",
        "coordinates": [
          [
            14.2129144,
            37.3046949
          ],
          [
            14.2128885,
            37.3047351
          ]
        ]
      },
      "id": "way/1250221159"
    },
    {
      "type": "Feature",
      "properties": {
        "@id": "way/1250221160",
        "crossing": "unmarked",
        "footway": "crossing",
        "highway": "footway"
      },
      "geometry": {
        "type": "LineString",
        "coordinates": [
          [
            14.2131696,
            37.304654
          ],
          [
            14.2130935,
            37.3046474
          ]
        ]
      },
      "id": "way/1250221160"
    },
    {
      "type": "Feature",
      "properties": {
        "@id": "way/1250221161",
        "footway": "sidewalk",
        "highway": "footway"
      },
      "geometry": {
        "type": "LineString",
        "coordinates": [
          [
            14.2128885,
            37.3047351
          ],
          [
            14.2127761,
            37.304728
          ],
          [
            14.2127255,
            37.3047237
          ]
        ]
      },
      "id": "way/1250221161"
    },
    {
      "type": "Feature",
      "properties": {
        "@id": "way/1250221162",
        "footway": "sidewalk",
        "highway": "footway"
      },
      "geometry": {
        "type": "LineString",
        "coordinates": [
          [
            14.2130935,
            37.3046474
          ],
          [
            14.2128081,
            37.3046195
          ]
        ]
      },
      "id": "way/1250221162"
    },
    {
      "type": "Feature",
      "properties": {
        "@id": "way/1250221163",
        "crossing": "unmarked",
        "footway": "crossing",
        "highway": "footway"
      },
      "geometry": {
        "type": "LineString",
        "coordinates": [
          [
            14.2128081,
            37.3046195
          ],
          [
            14.2127797,
            37.3046219
          ],
          [
            14.2127502,
            37.3046272
          ]
        ]
      },
      "id": "way/1250221163"
    },
    {
      "type": "Feature",
      "properties": {
        "@id": "way/1250221164",
        "crossing": "unmarked",
        "footway": "crossing",
        "highway": "footway"
      },
      "geometry": {
        "type": "LineString",
        "coordinates": [
          [
            14.2121654,
            37.3045971
          ],
          [
            14.2120874,
            37.3045935
          ]
        ]
      },
      "id": "way/1250221164"
    },
    {
      "type": "Feature",
      "properties": {
        "@id": "way/1250221165",
        "footway": "sidewalk",
        "highway": "footway"
      },
      "geometry": {
        "type": "LineString",
        "coordinates": [
          [
            14.2120874,
            37.3045935
          ],
          [
            14.2119634,
            37.304584
          ],
          [
            14.2116845,
            37.3045757
          ],
          [
            14.2115743,
            37.3045701
          ]
        ]
      },
      "id": "way/1250221165"
    },
    {
      "type": "Feature",
      "properties": {
        "@id": "way/1250221166",
        "footway": "sidewalk",
        "highway": "footway"
      },
      "geometry": {
        "type": "LineString",
        "coordinates": [
          [
            14.2127502,
            37.3046272
          ],
          [
            14.2121654,
            37.3045971
          ]
        ]
      },
      "id": "way/1250221166"
    },
    {
      "type": "Feature",
      "properties": {
        "@id": "way/1250221168",
        "footway": "sidewalk",
        "highway": "footway"
      },
      "geometry": {
        "type": "LineString",
        "coordinates": [
          [
            14.2107356,
            37.3045839
          ],
          [
            14.2112083,
            37.3047111
          ],
          [
            14.2113099,
            37.3047384
          ]
        ]
      },
      "id": "way/1250221168"
    },
    {
      "type": "Feature",
      "properties": {
        "@id": "way/1250221169",
        "footway": "sidewalk",
        "highway": "footway"
      },
      "geometry": {
        "type": "LineString",
        "coordinates": [
          [
            14.2113929,
            37.3047586
          ],
          [
            14.211486,
            37.3047787
          ]
        ]
      },
      "id": "way/1250221169"
    },
    {
      "type": "Feature",
      "properties": {
        "@id": "way/1250221170",
        "footway": "crossing",
        "highway": "footway",
        "surface": "asphalt"
      },
      "geometry": {
        "type": "LineString",
        "coordinates": [
          [
            14.211486,
            37.3047787
          ],
          [
            14.2115324,
            37.3047853
          ],
          [
            14.2115799,
            37.3047869
          ]
        ]
      },
      "id": "way/1250221170"
    },
    {
      "type": "Feature",
      "properties": {
        "@id": "way/1250221172",
        "crossing": "unmarked",
        "footway": "crossing",
        "highway": "footway"
      },
      "geometry": {
        "type": "LineString",
        "coordinates": [
          [
            14.2113099,
            37.3047384
          ],
          [
            14.2113552,
            37.3047504
          ],
          [
            14.2113929,
            37.3047586
          ]
        ]
      },
      "id": "way/1250221172"
    },
    {
      "type": "Feature",
      "properties": {
        "@id": "way/1250221173",
        "footway": "sidewalk",
        "highway": "footway",
        "surface": "asphalt"
      },
      "geometry": {
        "type": "LineString",
        "coordinates": [
          [
            14.2115799,
            37.3047869
          ],
          [
            14.2115878,
            37.3047836
          ],
          [
            14.2115597,
            37.3047344
          ],
          [
            14.2115571,
            37.3047173
          ],
          [
            14.2115571,
            37.3047056
          ],
          [
            14.2115799,
            37.3046773
          ],
          [
            14.2116019,
            37.3046641
          ],
          [
            14.2118121,
            37.3046765
          ]
        ]
      },
      "id": "way/1250221173"
    },
    {
      "type": "Feature",
      "properties": {
        "@id": "way/1250221174",
        "footway": "crossing",
        "highway": "footway"
      },
      "geometry": {
        "type": "LineString",
        "coordinates": [
          [
            14.2118121,
            37.3046765
          ],
          [
            14.2118904,
            37.30468
          ],
          [
            14.2119339,
            37.3046802
          ]
        ]
      },
      "id": "way/1250221174"
    },
    {
      "type": "Feature",
      "properties": {
        "@id": "way/1250221175",
        "footway": "sidewalk",
        "highway": "footway"
      },
      "geometry": {
        "type": "LineString",
        "coordinates": [
          [
            14.2119339,
            37.3046802
          ],
          [
            14.2119876,
            37.3046992
          ],
          [
            14.2126851,
            37.3047221
          ]
        ]
      },
      "id": "way/1250221175"
    },
    {
      "type": "Feature",
      "properties": {
        "@id": "way/1250221176",
        "crossing": "unmarked",
        "footway": "crossing",
        "highway": "footway"
      },
      "geometry": {
        "type": "LineString",
        "coordinates": [
          [
            14.2127255,
            37.3047237
          ],
          [
            14.2127068,
            37.3047219
          ],
          [
            14.2126851,
            37.3047221
          ]
        ]
      },
      "id": "way/1250221176"
    },
    {
      "type": "Feature",
      "properties": {
        "@id": "way/1250289180",
        "footway": "sidewalk",
        "highway": "footway"
      },
      "geometry": {
        "type": "LineString",
        "coordinates": [
          [
            14.2099968,
            37.304266
          ],
          [
            14.210463,
            37.3043819
          ],
          [
            14.2108846,
            37.304477
          ],
          [
            14.2112115,
            37.3045206
          ]
        ]
      },
      "id": "way/1250289180"
    },
    {
      "type": "Feature",
      "properties": {
        "@id": "way/1250289181",
        "crossing": "unmarked",
        "footway": "crossing",
        "highway": "footway",
        "surface": "sett"
      },
      "geometry": {
        "type": "LineString",
        "coordinates": [
          [
            14.2099968,
            37.304266
          ],
          [
            14.2099632,
            37.3042563
          ],
          [
            14.2099386,
            37.304249
          ]
        ]
      },
      "id": "way/1250289181"
    },
    {
      "type": "Feature",
      "properties": {
        "@id": "way/1250289183",
        "highway": "steps"
      },
      "geometry": {
        "type": "LineString",
        "coordinates": [
          [
            14.2097999,
            37.3043104
          ],
          [
            14.2097463,
            37.3044436
          ]
        ]
      },
      "id": "way/1250289183"
    },
    {
      "type": "Feature",
      "properties": {
        "@id": "way/1250320461",
        "highway": "residential",
        "name": "Via Archimede",
        "surface": "asphalt"
      },
      "geometry": {
        "type": "LineString",
        "coordinates": [
          [
            14.2046279,
            37.3003938
          ],
          [
            14.204664,
            37.300354
          ],
          [
            14.2048395,
            37.3004508
          ],
          [
            14.2050279,
            37.3005575
          ],
          [
            14.2052056,
            37.3006583
          ],
          [
            14.2052794,
            37.3007004
          ],
          [
            14.2053925,
            37.3007617
          ],
          [
            14.2056391,
            37.3008958
          ]
        ]
      },
      "id": "way/1250320461"
    },
    {
      "type": "Feature",
      "properties": {
        "@id": "way/1250320464",
        "crossing": "unmarked",
        "footway": "crossing",
        "highway": "footway"
      },
      "geometry": {
        "type": "LineString",
        "coordinates": [
          [
            14.2073535,
            37.3018346
          ],
          [
            14.2073727,
            37.3017945
          ]
        ]
      },
      "id": "way/1250320464"
    },
    {
      "type": "Feature",
      "properties": {
        "@id": "way/1250320465",
        "crossing": "unmarked",
        "footway": "crossing",
        "highway": "footway"
      },
      "geometry": {
        "type": "LineString",
        "coordinates": [
          [
            14.2070501,
            37.3017518
          ],
          [
            14.207067,
            37.3017137
          ]
        ]
      },
      "id": "way/1250320465"
    },
    {
      "type": "Feature",
      "properties": {
        "@id": "way/1250320466",
        "crossing": "unmarked",
        "footway": "crossing",
        "highway": "footway"
      },
      "geometry": {
        "type": "LineString",
        "coordinates": [
          [
            14.2071697,
            37.3014436
          ],
          [
            14.2071547,
            37.301483
          ]
        ]
      },
      "id": "way/1250320466"
    },
    {
      "type": "Feature",
      "properties": {
        "@id": "way/1250320467",
        "crossing": "unmarked",
        "footway": "crossing",
        "highway": "footway"
      },
      "geometry": {
        "type": "LineString",
        "coordinates": [
          [
            14.2074816,
            37.301526
          ],
          [
            14.2074679,
            37.3015594
          ]
        ]
      },
      "id": "way/1250320467"
    },
    {
      "type": "Feature",
      "properties": {
        "@id": "way/1250320468",
        "highway": "footway"
      },
      "geometry": {
        "type": "LineString",
        "coordinates": [
          [
            14.207067,
            37.3017137
          ],
          [
            14.2071065,
            37.3016098
          ],
          [
            14.2071547,
            37.301483
          ]
        ]
      },
      "id": "way/1250320468"
    },
    {
      "type": "Feature",
      "properties": {
        "@id": "way/1250320469",
        "highway": "footway"
      },
      "geometry": {
        "type": "LineString",
        "coordinates": [
          [
            14.2068017,
            37.3015292
          ],
          [
            14.2071065,
            37.3016098
          ],
          [
            14.2074158,
            37.3016882
          ]
        ]
      },
      "id": "way/1250320469"
    },
    {
      "type": "Feature",
      "properties": {
        "@id": "way/1250320470",
        "highway": "footway"
      },
      "geometry": {
        "type": "LineString",
        "coordinates": [
          [
            14.2067552,
            37.3016343
          ],
          [
            14.207067,
            37.3017137
          ],
          [
            14.2073727,
            37.3017945
          ],
          [
            14.2074158,
            37.3016882
          ],
          [
            14.2074679,
            37.3015594
          ],
          [
            14.2071547,
            37.301483
          ],
          [
            14.2068554,
            37.3014063
          ]
        ]
      },
      "id": "way/1250320470"
    },
    {
      "type": "Feature",
      "properties": {
        "@id": "way/1250320472",
        "highway": "footway"
      },
      "geometry": {
        "type": "LineString",
        "coordinates": [
          [
            14.2068734,
            37.3013652
          ],
          [
            14.2068554,
            37.3014063
          ],
          [
            14.2068017,
            37.3015292
          ],
          [
            14.2067594,
            37.3016263
          ],
          [
            14.2067552,
            37.3016343
          ],
          [
            14.2067389,
            37.3016662
          ]
        ]
      },
      "id": "way/1250320472"
    },
    {
      "type": "Feature",
      "properties": {
        "@id": "way/1250320473",
        "access": "private",
        "highway": "service",
        "service": "driveway"
      },
      "geometry": {
        "type": "LineString",
        "coordinates": [
          [
            14.2068571,
            37.3013394
          ],
          [
            14.2069067,
            37.3012243
          ]
        ]
      },
      "id": "way/1250320473"
    },
    {
      "type": "Feature",
      "properties": {
        "@id": "way/1250320474",
        "highway": "service",
        "service": "driveway"
      },
      "geometry": {
        "type": "LineString",
        "coordinates": [
          [
            14.2068488,
            37.3013587
          ],
          [
            14.2068571,
            37.3013394
          ]
        ]
      },
      "id": "way/1250320474"
    },
    {
      "type": "Feature",
      "properties": {
        "@id": "way/1250320475",
        "access": "private",
        "highway": "service",
        "service": "driveway"
      },
      "geometry": {
        "type": "LineString",
        "coordinates": [
          [
            14.2064966,
            37.3010777
          ],
          [
            14.2065436,
            37.300973
          ]
        ]
      },
      "id": "way/1250320475"
    },
    {
      "type": "Feature",
      "properties": {
        "@id": "way/1250320476",
        "highway": "service",
        "service": "driveway"
      },
      "geometry": {
        "type": "LineString",
        "coordinates": [
          [
            14.2064824,
            37.301108
          ],
          [
            14.2064966,
            37.3010777
          ]
        ]
      },
      "id": "way/1250320476"
    },
    {
      "type": "Feature",
      "properties": {
        "@id": "way/1250320478",
        "highway": "residential",
        "name": "Via Luigi Zoda",
        "surface": "sett"
      },
      "geometry": {
        "type": "LineString",
        "coordinates": [
          [
            14.2064331,
            37.3012491
          ],
          [
            14.2068488,
            37.3013587
          ],
          [
            14.2068734,
            37.3013652
          ],
          [
            14.2071697,
            37.3014436
          ],
          [
            14.2074816,
            37.301526
          ],
          [
            14.2079419,
            37.30165
          ]
        ]
      },
      "id": "way/1250320478"
    },
    {
      "type": "Feature",
      "properties": {
        "@id": "way/1250320479",
        "highway": "residential",
        "name": "Via Emilia",
        "surface": "sett"
      },
      "geometry": {
        "type": "LineString",
        "coordinates": [
          [
            14.2082663,
            37.3003562
          ],
          [
            14.2082212,
            37.300674
          ],
          [
            14.2081932,
            37.30086
          ],
          [
            14.2081698,
            37.3010152
          ],
          [
            14.2080624,
            37.3014285
          ]
        ]
      },
      "id": "way/1250320479"
    },
    {
      "type": "Feature",
      "properties": {
        "@id": "way/1250320480",
        "highway": "steps"
      },
      "geometry": {
        "type": "LineString",
        "coordinates": [
          [
            14.2091529,
            37.3028204
          ],
          [
            14.2090476,
            37.3030156
          ]
        ]
      },
      "id": "way/1250320480"
    },
    {
      "type": "Feature",
      "properties": {
        "@id": "way/1250320481",
        "highway": "residential",
        "name": "Via Mario Rapisardi",
        "surface": "sett"
      },
      "geometry": {
        "type": "LineString",
        "coordinates": [
          [
            14.2085226,
            37.3025816
          ],
          [
            14.2091529,
            37.3028204
          ]
        ]
      },
      "id": "way/1250320481"
    },
    {
      "type": "Feature",
      "properties": {
        "@id": "way/1250320483",
        "crossing": "unmarked",
        "footway": "crossing",
        "highway": "footway"
      },
      "geometry": {
        "type": "LineString",
        "coordinates": [
          [
            14.2099628,
            37.304395
          ],
          [
            14.2099882,
            37.3044006
          ]
        ]
      },
      "id": "way/1250320483"
    },
    {
      "type": "Feature",
      "properties": {
        "@id": "way/1250320484",
        "footway": "sidewalk",
        "highway": "footway"
      },
      "geometry": {
        "type": "LineString",
        "coordinates": [
          [
            14.2099882,
            37.3044006
          ],
          [
            14.2104943,
            37.3045222
          ],
          [
            14.2106851,
            37.304568
          ]
        ]
      },
      "id": "way/1250320484"
    },
    {
      "type": "Feature",
      "properties": {
        "@id": "way/1250320485",
        "crossing": "unmarked",
        "footway": "crossing",
        "highway": "footway"
      },
      "geometry": {
        "type": "LineString",
        "coordinates": [
          [
            14.2106851,
            37.304568
          ],
          [
            14.2107084,
            37.3045767
          ],
          [
            14.2107356,
            37.3045839
          ]
        ]
      },
      "id": "way/1250320485"
    },
    {
      "type": "Feature",
      "properties": {
        "@id": "way/1250329109",
        "highway": "residential",
        "noname": "yes",
        "surface": "sett"
      },
      "geometry": {
        "type": "LineString",
        "coordinates": [
          [
            14.2061393,
            37.3008617
          ],
          [
            14.2060876,
            37.3009945
          ]
        ]
      },
      "id": "way/1250329109"
    },
    {
      "type": "Feature",
      "properties": {
        "@id": "way/1250401254",
        "access": "private",
        "highway": "service",
        "service": "driveway"
      },
      "geometry": {
        "type": "LineString",
        "coordinates": [
          [
            14.2065168,
            37.3001066
          ],
          [
            14.2064555,
            37.3001902
          ]
        ]
      },
      "id": "way/1250401254"
    },
    {
      "type": "Feature",
      "properties": {
        "@id": "way/1250401255",
        "highway": "service",
        "service": "driveway"
      },
      "geometry": {
        "type": "LineString",
        "coordinates": [
          [
            14.2065332,
            37.3000835
          ],
          [
            14.2065168,
            37.3001066
          ]
        ]
      },
      "id": "way/1250401255"
    },
    {
      "type": "Feature",
      "properties": {
        "@id": "way/1250401256",
        "access": "private",
        "highway": "service",
        "service": "driveway"
      },
      "geometry": {
        "type": "LineString",
        "coordinates": [
          [
            14.2065484,
            37.3001215
          ],
          [
            14.2064843,
            37.3002019
          ]
        ]
      },
      "id": "way/1250401256"
    },
    {
      "type": "Feature",
      "properties": {
        "@id": "way/1250401257",
        "highway": "service",
        "service": "driveway"
      },
      "geometry": {
        "type": "LineString",
        "coordinates": [
          [
            14.2065655,
            37.3000993
          ],
          [
            14.2065484,
            37.3001215
          ]
        ]
      },
      "id": "way/1250401257"
    },
    {
      "type": "Feature",
      "properties": {
        "@id": "way/1250401258",
        "highway": "residential",
        "name": "Via Alessandro Manzoni",
        "oneway": "yes",
        "surface": "sett"
      },
      "geometry": {
        "type": "LineString",
        "coordinates": [
          [
            14.2065521,
            37.3000929
          ],
          [
            14.2066269,
            37.2999951
          ],
          [
            14.2066419,
            37.2999755
          ]
        ]
      },
      "id": "way/1250401258"
    },
    {
      "type": "Feature",
      "properties": {
        "@id": "way/1250401259",
        "highway": "residential",
        "name": "Via Vitaliano Brancati",
        "oneway": "yes",
        "surface": "asphalt"
      },
      "geometry": {
        "type": "LineString",
        "coordinates": [
          [
            14.2062409,
            37.2999424
          ],
          [
            14.2065332,
            37.3000835
          ],
          [
            14.2065521,
            37.3000929
          ],
          [
            14.2065655,
            37.3000993
          ],
          [
            14.2068538,
            37.3002369
          ],
          [
            14.2069021,
            37.3002518
          ],
          [
            14.20724,
            37.3002881
          ],
          [
            14.2075713,
            37.3003329
          ],
          [
            14.2076273,
            37.3003835
          ]
        ]
      },
      "id": "way/1250401259"
    },
    {
      "type": "Feature",
      "properties": {
        "@id": "way/1250401260",
        "highway": "service",
        "service": "driveway"
      },
      "geometry": {
        "type": "LineString",
        "coordinates": [
          [
            14.2061624,
            37.3002569
          ],
          [
            14.2060934,
            37.3003579
          ],
          [
            14.206252,
            37.3004264
          ]
        ]
      },
      "id": "way/1250401260"
    },
    {
      "type": "Feature",
      "properties": {
        "@id": "way/1250401261",
        "access": "private",
        "highway": "service",
        "service": "driveway"
      },
      "geometry": {
        "type": "LineString",
        "coordinates": [
          [
            14.207017,
            37.3004384
          ],
          [
            14.2068665,
            37.300423
          ],
          [
            14.2067204,
            37.3003686
          ],
          [
            14.2066754,
            37.3004108
          ],
          [
            14.2066144,
            37.3003868
          ]
        ]
      },
      "id": "way/1250401261"
    },
    {
      "type": "Feature",
      "properties": {
        "@id": "way/1250401263",
        "highway": "service",
        "service": "driveway"
      },
      "geometry": {
        "type": "LineString",
        "coordinates": [
          [
            14.2070955,
            37.3004956
          ],
          [
            14.207017,
            37.3004384
          ]
        ]
      },
      "id": "way/1250401263"
    },
    {
      "type": "Feature",
      "properties": {
        "@id": "way/1250401265",
        "access": "private",
        "highway": "service",
        "service": "driveway"
      },
      "geometry": {
        "type": "LineString",
        "coordinates": [
          [
            14.2062592,
            37.3002221
          ],
          [
            14.2066144,
            37.3003868
          ]
        ]
      },
      "id": "way/1250401265"
    },
    {
      "type": "Feature",
      "properties": {
        "@id": "way/1250401266",
        "highway": "service",
        "service": "driveway"
      },
      "geometry": {
        "type": "LineString",
        "coordinates": [
          [
            14.2060151,
            37.3001932
          ],
          [
            14.2061624,
            37.3002569
          ],
          [
            14.2062028,
            37.3001977
          ],
          [
            14.2062592,
            37.3002221
          ]
        ]
      },
      "id": "way/1250401266"
    },
    {
      "type": "Feature",
      "properties": {
        "@id": "way/1250404211",
        "highway": "residential",
        "name": "Via Francesco Petrarca",
        "surface": "asphalt"
      },
      "geometry": {
        "type": "LineString",
        "coordinates": [
          [
            14.2065257,
            37.2995827
          ],
          [
            14.2070892,
            37.2998384
          ],
          [
            14.2077872,
            37.3001729
          ],
          [
            14.2078261,
            37.3001793
          ],
          [
            14.2081357,
            37.3001898
          ]
        ]
      },
      "id": "way/1250404211"
    },
    {
      "type": "Feature",
      "properties": {
        "@id": "way/1250404212",
        "highway": "residential",
        "name": "Via Giuseppe Tomasi di Lampedusa",
        "surface": "asphalt"
      },
      "geometry": {
        "type": "LineString",
        "coordinates": [
          [
            14.2069852,
            37.299968
          ],
          [
            14.2070099,
            37.2999439
          ],
          [
            14.2070892,
            37.2998384
          ],
          [
            14.2072722,
            37.2995872
          ],
          [
            14.2074735,
            37.2993051
          ]
        ]
      },
      "id": "way/1250404212"
    },
    {
      "type": "Feature",
      "properties": {
        "@id": "way/1250404214",
        "highway": "residential",
        "name": "Piazza Lombardo Radice",
        "surface": "sett"
      },
      "geometry": {
        "type": "LineString",
        "coordinates": [
          [
            14.2067371,
            37.2998486
          ],
          [
            14.2066419,
            37.2999755
          ],
          [
            14.2068612,
            37.3000779
          ],
          [
            14.2069162,
            37.3000747
          ],
          [
            14.2069852,
            37.299968
          ],
          [
            14.2069644,
            37.2999419
          ],
          [
            14.2067371,
            37.2998486
          ]
        ]
      },
      "id": "way/1250404214"
    },
    {
      "type": "Feature",
      "properties": {
        "@id": "way/1250404215",
        "highway": "residential",
        "name": "Via Cecco Angiolieri",
        "surface": "asphalt"
      },
      "geometry": {
        "type": "LineString",
        "coordinates": [
          [
            14.2064339,
            37.2997014
          ],
          [
            14.206707,
            37.2998339
          ],
          [
            14.2067371,
            37.2998486
          ]
        ]
      },
      "id": "way/1250404215"
    },
    {
      "type": "Feature",
      "properties": {
        "@id": "way/1250414636",
        "access": "customers",
        "highway": "service",
        "service": "parking_aisle"
      },
      "geometry": {
        "type": "LineString",
        "coordinates": [
          [
            14.2072226,
            37.2987668
          ],
          [
            14.2071743,
            37.2986793
          ],
          [
            14.2076518,
            37.2985769
          ],
          [
            14.2076665,
            37.2986217
          ],
          [
            14.2076544,
            37.2987839
          ]
        ]
      },
      "id": "way/1250414636"
    },
    {
      "type": "Feature",
      "properties": {
        "@id": "way/1250414637",
        "access": "customers",
        "highway": "service"
      },
      "geometry": {
        "type": "LineString",
        "coordinates": [
          [
            14.2076719,
            37.2988713
          ],
          [
            14.2076129,
            37.2992019
          ],
          [
            14.2076176,
            37.2992298
          ]
        ]
      },
      "id": "way/1250414637"
    },
    {
      "type": "Feature",
      "properties": {
        "@id": "way/1250414638",
        "access": "customers",
        "highway": "service",
        "service": "parking_aisle"
      },
      "geometry": {
        "type": "LineString",
        "coordinates": [
          [
            14.2072571,
            37.2988568
          ],
          [
            14.2072226,
            37.2987668
          ],
          [
            14.2076544,
            37.2987839
          ],
          [
            14.2076719,
            37.2988713
          ]
        ]
      },
      "id": "way/1250414638"
    },
    {
      "type": "Feature",
      "properties": {
        "@id": "way/1250414639",
        "access": "customers",
        "highway": "service"
      },
      "geometry": {
        "type": "LineString",
        "coordinates": [
          [
            14.2068225,
            37.2992993
          ],
          [
            14.206796,
            37.2992644
          ],
          [
            14.2067908,
            37.2992437
          ],
          [
            14.2068028,
            37.2992042
          ],
          [
            14.2070375,
            37.2990036
          ],
          [
            14.20724,
            37.2989652
          ],
          [
            14.2072843,
            37.2989236
          ],
          [
            14.2072571,
            37.2988568
          ]
        ]
      },
      "id": "way/1250414639"
    },
    {
      "type": "Feature",
      "properties": {
        "@id": "way/1250414645",
        "highway": "residential",
        "name": "Via Giovanni Verga",
        "surface": "asphalt"
      },
      "geometry": {
        "type": "LineString",
        "coordinates": [
          [
            14.2067233,
            37.2993553
          ],
          [
            14.2068002,
            37.2993653
          ],
          [
            14.2069651,
            37.2994389
          ],
          [
            14.2072722,
            37.2995872
          ],
          [
            14.2081293,
            37.2999839
          ]
        ]
      },
      "id": "way/1250414645"
    },
    {
      "type": "Feature",
      "properties": {
        "@id": "way/1250445197",
        "access": "private",
        "highway": "service",
        "service": "driveway"
      },
      "geometry": {
        "type": "LineString",
        "coordinates": [
          [
            14.2077523,
            37.2986537
          ],
          [
            14.2082445,
            37.2986569
          ]
        ]
      },
      "id": "way/1250445197"
    },
    {
      "type": "Feature",
      "properties": {
        "@id": "way/1250445198",
        "access": "private",
        "highway": "service",
        "service": "driveway"
      },
      "geometry": {
        "type": "LineString",
        "coordinates": [
          [
            14.207749,
            37.2984334
          ],
          [
            14.2077658,
            37.2983955
          ],
          [
            14.207806,
            37.298387
          ],
          [
            14.2078167,
            37.298211
          ]
        ]
      },
      "id": "way/1250445198"
    },
    {
      "type": "Feature",
      "properties": {
        "@id": "way/1250445200",
        "access": "private",
        "highway": "service",
        "service": "driveway"
      },
      "geometry": {
        "type": "LineString",
        "coordinates": [
          [
            14.2042736,
            37.3007362
          ],
          [
            14.2041394,
            37.3009004
          ],
          [
            14.2043231,
            37.3010028
          ]
        ]
      },
      "id": "way/1250445200"
    },
    {
      "type": "Feature",
      "properties": {
        "@id": "way/1250445201",
        "access": "private",
        "highway": "service",
        "service": "driveway"
      },
      "geometry": {
        "type": "LineString",
        "coordinates": [
          [
            14.2040013,
            37.3005526
          ],
          [
            14.2039852,
            37.300574
          ],
          [
            14.2042736,
            37.3007362
          ],
          [
            14.2045806,
            37.300909
          ]
        ]
      },
      "id": "way/1250445201"
    },
    {
      "type": "Feature",
      "properties": {
        "@id": "way/1250445202",
        "highway": "service",
        "service": "driveway"
      },
      "geometry": {
        "type": "LineString",
        "coordinates": [
          [
            14.2040217,
            37.3005272
          ],
          [
            14.2040013,
            37.3005526
          ]
        ]
      },
      "id": "way/1250445202"
    },
    {
      "type": "Feature",
      "properties": {
        "@id": "way/1250445203",
        "highway": "footway"
      },
      "geometry": {
        "type": "LineString",
        "coordinates": [
          [
            14.2046839,
            37.3007219
          ],
          [
            14.2050079,
            37.3009003
          ]
        ]
      },
      "id": "way/1250445203"
    },
    {
      "type": "Feature",
      "properties": {
        "@id": "way/1250445204",
        "highway": "residential",
        "name": "Via Talete",
        "surface": "asphalt"
      },
      "geometry": {
        "type": "LineString",
        "coordinates": [
          [
            14.2047907,
            37.300586
          ],
          [
            14.2046839,
            37.3007219
          ],
          [
            14.2045939,
            37.3008366
          ]
        ]
      },
      "id": "way/1250445204"
    },
    {
      "type": "Feature",
      "properties": {
        "@id": "way/1250445205",
        "highway": "residential",
        "name": "Via Euclide",
        "surface": "asphalt"
      },
      "geometry": {
        "type": "LineString",
        "coordinates": [
          [
            14.2046094,
            37.3004875
          ],
          [
            14.2044001,
            37.3007318
          ]
        ]
      },
      "id": "way/1250445205"
    },
    {
      "type": "Feature",
      "properties": {
        "@id": "way/1250445206",
        "highway": "residential",
        "name": "Via Pitagora",
        "surface": "asphalt"
      },
      "geometry": {
        "type": "LineString",
        "coordinates": [
          [
            14.2044103,
            37.3003794
          ],
          [
            14.2041992,
            37.3006231
          ]
        ]
      },
      "id": "way/1250445206"
    },
    {
      "type": "Feature",
      "properties": {
        "@id": "way/1250445207",
        "highway": "residential",
        "name": "Via Archimede",
        "surface": "asphalt"
      },
      "geometry": {
        "type": "LineString",
        "coordinates": [
          [
            14.2049768,
            37.3005899
          ],
          [
            14.2049179,
            37.3006551
          ],
          [
            14.2047907,
            37.300586
          ],
          [
            14.2046094,
            37.3004875
          ],
          [
            14.2044103,
            37.3003794
          ],
          [
            14.2042336,
            37.3002834
          ]
        ]
      },
      "id": "way/1250445207"
    },
    {
      "type": "Feature",
      "properties": {
        "@id": "way/1250445208",
        "highway": "residential",
        "name": "Via Antonio Meucci",
        "surface": "asphalt"
      },
      "geometry": {
        "type": "LineString",
        "coordinates": [
          [
            14.2051157,
            37.3007681
          ],
          [
            14.2050079,
            37.3009003
          ],
          [
            14.2049173,
            37.3010114
          ],
          [
            14.2045939,
            37.3008366
          ],
          [
            14.2044001,
            37.3007318
          ],
          [
            14.2041992,
            37.3006231
          ],
          [
            14.2040217,
            37.3005272
          ]
        ]
      },
      "id": "way/1250445208"
    },
    {
      "type": "Feature",
      "properties": {
        "@id": "way/1250445209",
        "highway": "residential",
        "name": "Via Archimede",
        "surface": "asphalt"
      },
      "geometry": {
        "type": "LineString",
        "coordinates": [
          [
            14.2051741,
            37.3007008
          ],
          [
            14.2051157,
            37.3007681
          ],
          [
            14.205585,
            37.301017
          ]
        ]
      },
      "id": "way/1250445209"
    },
    {
      "type": "Feature",
      "properties": {
        "@id": "way/1250445210",
        "highway": "footway"
      },
      "geometry": {
        "type": "LineString",
        "coordinates": [
          [
            14.2053925,
            37.3007617
          ],
          [
            14.2056184,
            37.300502
          ]
        ]
      },
      "id": "way/1250445210"
    },
    {
      "type": "Feature",
      "properties": {
        "@id": "way/1250445213",
        "highway": "footway"
      },
      "geometry": {
        "type": "LineString",
        "coordinates": [
          [
            14.2044358,
            37.3000747
          ],
          [
            14.2043654,
            37.3001878
          ],
          [
            14.2044704,
            37.3002462
          ]
        ]
      },
      "id": "way/1250445213"
    },
    {
      "type": "Feature",
      "properties": {
        "@id": "way/1250445214",
        "highway": "footway"
      },
      "geometry": {
        "type": "LineString",
        "coordinates": [
          [
            14.2054299,
            37.3003997
          ],
          [
            14.2052056,
            37.3006583
          ]
        ]
      },
      "id": "way/1250445214"
    },
    {
      "type": "Feature",
      "properties": {
        "@id": "way/1250445215",
        "highway": "footway"
      },
      "geometry": {
        "type": "LineString",
        "coordinates": [
          [
            14.2052471,
            37.3003004
          ],
          [
            14.2050279,
            37.3005575
          ]
        ]
      },
      "id": "way/1250445215"
    },
    {
      "type": "Feature",
      "properties": {
        "@id": "way/1250445216",
        "highway": "footway"
      },
      "geometry": {
        "type": "LineString",
        "coordinates": [
          [
            14.2050533,
            37.3001952
          ],
          [
            14.2048395,
            37.3004508
          ]
        ]
      },
      "id": "way/1250445216"
    },
    {
      "type": "Feature",
      "properties": {
        "@id": "way/1250445217",
        "highway": "footway"
      },
      "geometry": {
        "type": "LineString",
        "coordinates": [
          [
            14.2048684,
            37.3000939
          ],
          [
            14.2046584,
            37.300351
          ]
        ]
      },
      "id": "way/1250445217"
    },
    {
      "type": "Feature",
      "properties": {
        "@id": "way/1250445218",
        "highway": "footway"
      },
      "geometry": {
        "type": "LineString",
        "coordinates": [
          [
            14.204681,
            37.2999877
          ],
          [
            14.2044704,
            37.3002462
          ]
        ]
      },
      "id": "way/1250445218"
    },
    {
      "type": "Feature",
      "properties": {
        "@id": "way/1250445221",
        "highway": "residential",
        "name": "Viale della Resistenza",
        "surface": "sett"
      },
      "geometry": {
        "type": "LineString",
        "coordinates": [
          [
            14.2057712,
            37.3005849
          ],
          [
            14.2056184,
            37.300502
          ],
          [
            14.2054299,
            37.3003997
          ],
          [
            14.2052471,
            37.3003004
          ],
          [
            14.2050533,
            37.3001952
          ],
          [
            14.2049119,
            37.3001185
          ],
          [
            14.2048684,
            37.3000939
          ],
          [
            14.204681,
            37.2999877
          ],
          [
            14.2045967,
            37.2999435
          ],
          [
            14.2045552,
            37.2999392
          ],
          [
            14.2044358,
            37.3000747
          ],
          [
            14.2043849,
            37.3000603
          ]
        ]
      },
      "id": "way/1250445221"
    },
    {
      "type": "Feature",
      "properties": {
        "@id": "way/1250445223",
        "access": "private",
        "highway": "service",
        "service": "driveway"
      },
      "geometry": {
        "type": "LineString",
        "coordinates": [
          [
            14.2048961,
            37.2999964
          ],
          [
            14.2049161,
            37.2999691
          ],
          [
            14.2050339,
            37.299808
          ]
        ]
      },
      "id": "way/1250445223"
    },
    {
      "type": "Feature",
      "properties": {
        "@id": "way/1250445224",
        "highway": "service",
        "service": "driveway"
      },
      "geometry": {
        "type": "LineString",
        "coordinates": [
          [
            14.2048803,
            37.300018
          ],
          [
            14.2048961,
            37.2999964
          ]
        ]
      },
      "id": "way/1250445224"
    },
    {
      "type": "Feature",
      "properties": {
        "@id": "way/1250445227",
        "access": "private",
        "highway": "service",
        "service": "driveway"
      },
      "geometry": {
        "type": "LineString",
        "coordinates": [
          [
            14.2052438,
            37.3001243
          ],
          [
            14.2053947,
            37.2999275
          ]
        ]
      },
      "id": "way/1250445227"
    },
    {
      "type": "Feature",
      "properties": {
        "@id": "way/1250445228",
        "highway": "service",
        "service": "driveway"
      },
      "geometry": {
        "type": "LineString",
        "coordinates": [
          [
            14.2051876,
            37.3001864
          ],
          [
            14.2052438,
            37.3001243
          ]
        ]
      },
      "id": "way/1250445228"
    },
    {
      "type": "Feature",
      "properties": {
        "@id": "way/1250445229",
        "access": "private",
        "highway": "service",
        "service": "driveway"
      },
      "geometry": {
        "type": "LineString",
        "coordinates": [
          [
            14.206667,
            37.2993393
          ],
          [
            14.2065454,
            37.2992629
          ],
          [
            14.206422,
            37.2991861
          ],
          [
            14.2063227,
            37.2993333
          ]
        ]
      },
      "id": "way/1250445229"
    },
    {
      "type": "Feature",
      "properties": {
        "@id": "way/1250445230",
        "highway": "service",
        "service": "driveway"
      },
      "geometry": {
        "type": "LineString",
        "coordinates": [
          [
            14.2067052,
            37.2993698
          ],
          [
            14.206667,
            37.2993393
          ]
        ]
      },
      "id": "way/1250445230"
    },
    {
      "type": "Feature",
      "properties": {
        "@id": "way/1250445233",
        "highway": "service"
      },
      "geometry": {
        "type": "LineString",
        "coordinates": [
          [
            14.2076176,
            37.2992298
          ],
          [
            14.2076665,
            37.2992085
          ],
          [
            14.2077423,
            37.2987647
          ],
          [
            14.2077523,
            37.2986537
          ],
          [
            14.207749,
            37.2984334
          ]
        ]
      },
      "id": "way/1250445233"
    },
    {
      "type": "Feature",
      "properties": {
        "@id": "way/1250445234",
        "highway": "residential",
        "name": "Via Liguria",
        "oneway": "yes",
        "surface": "paving_stones"
      },
      "geometry": {
        "type": "LineString",
        "coordinates": [
          [
            14.2087843,
            37.3001185
          ],
          [
            14.2088407,
            37.3002886
          ],
          [
            14.208848,
            37.3003153
          ]
        ]
      },
      "id": "way/1250445234"
    },
    {
      "type": "Feature",
      "properties": {
        "@id": "way/1250445235",
        "highway": "residential",
        "name": "Via Luigi Capuana",
        "oneway": "yes",
        "surface": "paving_stones"
      },
      "geometry": {
        "type": "LineString",
        "coordinates": [
          [
            14.20814,
            37.3003611
          ],
          [
            14.2081357,
            37.3001898
          ]
        ]
      },
      "id": "way/1250445235"
    },
    {
      "type": "Feature",
      "properties": {
        "@id": "way/1250445236",
        "highway": "residential"
      },
      "geometry": {
        "type": "LineString",
        "coordinates": [
          [
            14.2091364,
            37.3000961
          ],
          [
            14.2087843,
            37.3001185
          ]
        ]
      },
      "id": "way/1250445236"
    },
    {
      "type": "Feature",
      "properties": {
        "@id": "way/1250445237",
        "highway": "residential",
        "name": "Via Umbria",
        "surface": "asphalt"
      },
      "geometry": {
        "type": "LineString",
        "coordinates": [
          [
            14.2087843,
            37.3001185
          ],
          [
            14.20873,
            37.3001451
          ],
          [
            14.2081963,
            37.3001718
          ],
          [
            14.2081357,
            37.3001898
          ]
        ]
      },
      "id": "way/1250445237"
    },
    {
      "type": "Feature",
      "properties": {
        "@id": "way/1250445238",
        "access": "private",
        "highway": "service",
        "service": "driveway"
      },
      "geometry": {
        "type": "LineString",
        "coordinates": [
          [
            14.208692,
            37.2999666
          ],
          [
            14.2084779,
            37.2999808
          ]
        ]
      },
      "id": "way/1250445238"
    },
    {
      "type": "Feature",
      "properties": {
        "@id": "way/1250445239",
        "highway": "service",
        "service": "driveway"
      },
      "geometry": {
        "type": "LineString",
        "coordinates": [
          [
            14.2087181,
            37.2999619
          ],
          [
            14.208692,
            37.2999666
          ]
        ]
      },
      "id": "way/1250445239"
    },
    {
      "type": "Feature",
      "properties": {
        "@id": "way/1250445240",
        "access": "private",
        "highway": "service",
        "service": "driveway"
      },
      "geometry": {
        "type": "LineString",
        "coordinates": [
          [
            14.2081853,
            37.3000038
          ],
          [
            14.2083525,
            37.2999936
          ]
        ]
      },
      "id": "way/1250445240"
    },
    {
      "type": "Feature",
      "properties": {
        "@id": "way/1250445241",
        "highway": "service",
        "service": "driveway"
      },
      "geometry": {
        "type": "LineString",
        "coordinates": [
          [
            14.20813,
            37.300007
          ],
          [
            14.2081853,
            37.3000038
          ]
        ]
      },
      "id": "way/1250445241"
    },
    {
      "type": "Feature",
      "properties": {
        "@id": "way/1250445242",
        "highway": "residential",
        "name": "Via Liguria",
        "surface": "asphalt"
      },
      "geometry": {
        "type": "LineString",
        "coordinates": [
          [
            14.2087755,
            37.299359
          ],
          [
            14.2087937,
            37.2995888
          ],
          [
            14.208791,
            37.299608
          ],
          [
            14.2087803,
            37.2996192
          ],
          [
            14.2086308,
            37.299688
          ],
          [
            14.2086187,
            37.2997045
          ],
          [
            14.2086174,
            37.2997366
          ],
          [
            14.2087181,
            37.2999619
          ],
          [
            14.2087843,
            37.3001185
          ]
        ]
      },
      "id": "way/1250445242"
    },
    {
      "type": "Feature",
      "properties": {
        "@id": "way/1250445243",
        "highway": "service",
        "oneway": "yes",
        "service": "parking_aisle"
      },
      "geometry": {
        "type": "LineString",
        "coordinates": [
          [
            14.2081654,
            37.2995328
          ],
          [
            14.2081225,
            37.299567
          ],
          [
            14.2080809,
            37.2995989
          ]
        ]
      },
      "id": "way/1250445243"
    },
    {
      "type": "Feature",
      "properties": {
        "@id": "way/1250445245",
        "highway": "service",
        "service": "parking_aisle"
      },
      "geometry": {
        "type": "LineString",
        "coordinates": [
          [
            14.2077908,
            37.2994538
          ],
          [
            14.207812,
            37.2994208
          ],
          [
            14.2078331,
            37.2993948
          ],
          [
            14.2078476,
            37.2993728
          ],
          [
            14.2078918,
            37.2993589
          ],
          [
            14.2086495,
            37.2994485
          ],
          [
            14.2086616,
            37.2995424
          ],
          [
            14.2085262,
            37.299584
          ],
          [
            14.2081654,
            37.2995328
          ],
          [
            14.2080273,
            37.2994496
          ],
          [
            14.2078331,
            37.2993948
          ]
        ]
      },
      "id": "way/1250445245"
    },
    {
      "type": "Feature",
      "properties": {
        "@id": "way/1250445288",
        "highway": "residential",
        "name": "Via Archimede",
        "surface": "asphalt"
      },
      "geometry": {
        "type": "LineString",
        "coordinates": [
          [
            14.2044704,
            37.3002462
          ],
          [
            14.2046584,
            37.300351
          ],
          [
            14.204664,
            37.300354
          ]
        ]
      },
      "id": "way/1250445288"
    },
    {
      "type": "Feature",
      "properties": {
        "@id": "way/1250446226",
        "access": "private",
        "highway": "service",
        "service": "driveway"
      },
      "geometry": {
        "type": "LineString",
        "coordinates": [
          [
            14.2044307,
            37.2998732
          ],
          [
            14.2043912,
            37.2999139
          ],
          [
            14.20436,
            37.29992
          ],
          [
            14.2043171,
            37.2999168
          ],
          [
            14.204071,
            37.2997888
          ],
          [
            14.2039631,
            37.2999382
          ]
        ]
      },
      "id": "way/1250446226"
    },
    {
      "type": "Feature",
      "properties": {
        "@id": "way/1250446227",
        "highway": "service",
        "service": "driveway"
      },
      "geometry": {
        "type": "LineString",
        "coordinates": [
          [
            14.2044803,
            37.2998045
          ],
          [
            14.2044307,
            37.2998732
          ]
        ]
      },
      "id": "way/1250446227"
    },
    {
      "type": "Feature",
      "properties": {
        "@id": "way/1250453831",
        "highway": "service"
      },
      "geometry": {
        "type": "LineString",
        "coordinates": [
          [
            14.203041,
            37.3010103
          ],
          [
            14.2029343,
            37.3009954
          ]
        ]
      },
      "id": "way/1250453831"
    },
    {
      "type": "Feature",
      "properties": {
        "@id": "way/1250453832",
        "highway": "service"
      },
      "geometry": {
        "type": "LineString",
        "coordinates": [
          [
            14.20305,
            37.3003504
          ],
          [
            14.2031403,
            37.3003596
          ],
          [
            14.2031269,
            37.3004577
          ],
          [
            14.2031792,
            37.3005142
          ],
          [
            14.2031269,
            37.3008407
          ],
          [
            14.2030612,
            37.3008876
          ],
          [
            14.203041,
            37.3010103
          ],
          [
            14.2030236,
            37.3011629
          ],
          [
            14.2032462,
            37.3011906
          ],
          [
            14.2032932,
            37.3009751
          ],
          [
            14.2033676,
            37.30095
          ]
        ]
      },
      "id": "way/1250453832"
    },
    {
      "type": "Feature",
      "properties": {
        "@id": "way/1250453833",
        "highway": "residential"
      },
      "geometry": {
        "type": "LineString",
        "coordinates": [
          [
            14.2034025,
            37.3009735
          ],
          [
            14.204088,
            37.3010976
          ],
          [
            14.204354,
            37.3011458
          ],
          [
            14.2042145,
            37.301517
          ],
          [
            14.2041642,
            37.3016521
          ]
        ]
      },
      "id": "way/1250453833"
    },
    {
      "type": "Feature",
      "properties": {
        "@id": "way/1250453835",
        "highway": "residential"
      },
      "geometry": {
        "type": "LineString",
        "coordinates": [
          [
            14.2031746,
            37.3000835
          ],
          [
            14.2034447,
            37.3002497
          ],
          [
            14.2034689,
            37.3002945
          ],
          [
            14.2034662,
            37.3003425
          ],
          [
            14.2033964,
            37.3007895
          ],
          [
            14.2033676,
            37.30095
          ],
          [
            14.2034025,
            37.3009735
          ],
          [
            14.2033844,
            37.3010455
          ],
          [
            14.2032281,
            37.301395
          ]
        ]
      },
      "id": "way/1250453835"
    },
    {
      "type": "Feature",
      "properties": {
        "@id": "way/1250453837",
        "access": "private",
        "highway": "service",
        "service": "driveway"
      },
      "geometry": {
        "type": "LineString",
        "coordinates": [
          [
            14.2041345,
            37.3003545
          ],
          [
            14.2040789,
            37.3003218
          ],
          [
            14.2039889,
            37.3004184
          ],
          [
            14.2038674,
            37.3003468
          ]
        ]
      },
      "id": "way/1250453837"
    },
    {
      "type": "Feature",
      "properties": {
        "@id": "way/1250453839",
        "highway": "service",
        "service": "driveway"
      },
      "geometry": {
        "type": "LineString",
        "coordinates": [
          [
            14.2041592,
            37.3003691
          ],
          [
            14.2041345,
            37.3003545
          ]
        ]
      },
      "id": "way/1250453839"
    },
    {
      "type": "Feature",
      "properties": {
        "@id": "way/1250453840",
        "access": "private",
        "highway": "service",
        "service": "driveway"
      },
      "geometry": {
        "type": "LineString",
        "coordinates": [
          [
            14.2041877,
            37.3002904
          ],
          [
            14.2041381,
            37.3002603
          ],
          [
            14.2041971,
            37.3001942
          ]
        ]
      },
      "id": "way/1250453840"
    },
    {
      "type": "Feature",
      "properties": {
        "@id": "way/1250453841",
        "highway": "service",
        "service": "driveway"
      },
      "geometry": {
        "type": "LineString",
        "coordinates": [
          [
            14.2042113,
            37.300309
          ],
          [
            14.2041877,
            37.3002904
          ]
        ]
      },
      "id": "way/1250453841"
    },
    {
      "type": "Feature",
      "properties": {
        "@id": "way/1250458474",
        "access": "private",
        "highway": "service",
        "service": "driveway"
      },
      "geometry": {
        "type": "LineString",
        "coordinates": [
          [
            14.2062118,
            37.3035801
          ],
          [
            14.2059097,
            37.3035076
          ],
          [
            14.2058742,
            37.3035022
          ],
          [
            14.205838,
            37.3035019
          ],
          [
            14.2058024,
            37.3035066
          ],
          [
            14.2057681,
            37.3035163
          ],
          [
            14.2057364,
            37.3035306
          ],
          [
            14.2057085,
            37.3035492
          ],
          [
            14.2053464,
            37.3037765
          ],
          [
            14.2052472,
            37.3038351
          ],
          [
            14.2051586,
            37.3038469
          ],
          [
            14.2047965,
            37.3038149
          ]
        ]
      },
      "id": "way/1250458474"
    },
    {
      "type": "Feature",
      "properties": {
        "@id": "way/1250458476",
        "highway": "service",
        "service": "driveway"
      },
      "geometry": {
        "type": "LineString",
        "coordinates": [
          [
            14.2063375,
            37.3035951
          ],
          [
            14.2062118,
            37.3035801
          ]
        ]
      },
      "id": "way/1250458476"
    },
    {
      "type": "Feature",
      "properties": {
        "@id": "way/1250473343",
        "highway": "footway"
      },
      "geometry": {
        "type": "LineString",
        "coordinates": [
          [
            14.2055771,
            37.3027029
          ],
          [
            14.2056231,
            37.3027823
          ],
          [
            14.2056274,
            37.3027897
          ],
          [
            14.2056765,
            37.3028757
          ],
          [
            14.2057196,
            37.302951
          ],
          [
            14.2057856,
            37.3030665
          ],
          [
            14.2058466,
            37.3030671
          ],
          [
            14.2059174,
            37.3029102
          ],
          [
            14.2060029,
            37.3027209
          ],
          [
            14.2059968,
            37.3027145
          ],
          [
            14.2059928,
            37.3027102
          ],
          [
            14.2057789,
            37.302643
          ],
          [
            14.2057072,
            37.3026521
          ],
          [
            14.205701,
            37.3026531
          ],
          [
            14.2055977,
            37.30267
          ]
        ]
      },
      "id": "way/1250473343"
    },
    {
      "type": "Feature",
      "properties": {
        "@id": "way/1250473344",
        "highway": "footway"
      },
      "geometry": {
        "type": "LineString",
        "coordinates": [
          [
            14.2055885,
            37.3026564
          ],
          [
            14.2055977,
            37.30267
          ],
          [
            14.2055971,
            37.3026856
          ],
          [
            14.2055868,
            37.3026988
          ],
          [
            14.2055771,
            37.3027029
          ],
          [
            14.2055696,
            37.3027061
          ],
          [
            14.2055501,
            37.3027056
          ],
          [
            14.2055335,
            37.3026974
          ],
          [
            14.2055243,
            37.3026837
          ],
          [
            14.2055249,
            37.3026682
          ],
          [
            14.2055346,
            37.3026558
          ],
          [
            14.2055352,
            37.302655
          ],
          [
            14.2055524,
            37.3026477
          ],
          [
            14.2055719,
            37.3026482
          ],
          [
            14.2055885,
            37.3026564
          ]
        ]
      },
      "id": "way/1250473344"
    },
    {
      "type": "Feature",
      "properties": {
        "@id": "way/1250473345",
        "highway": "footway"
      },
      "geometry": {
        "type": "LineString",
        "coordinates": [
          [
            14.2055346,
            37.3026558
          ],
          [
            14.2054369,
            37.3025825
          ],
          [
            14.205352,
            37.302519
          ],
          [
            14.2053404,
            37.3025103
          ],
          [
            14.2052681,
            37.3024561
          ],
          [
            14.2051794,
            37.3023897
          ],
          [
            14.2051225,
            37.3023485
          ],
          [
            14.2051376,
            37.3022874
          ]
        ]
      },
      "id": "way/1250473345"
    },
    {
      "type": "Feature",
      "properties": {
        "@id": "way/1250473346",
        "highway": "service",
        "service": "parking_aisle"
      },
      "geometry": {
        "type": "LineString",
        "coordinates": [
          [
            14.2049352,
            37.3025345
          ],
          [
            14.2049752,
            37.3025545
          ],
          [
            14.2053665,
            37.3027876
          ]
        ]
      },
      "id": "way/1250473346"
    },
    {
      "type": "Feature",
      "properties": {
        "@id": "way/1250473355",
        "access": "private",
        "highway": "service",
        "service": "driveway"
      },
      "geometry": {
        "type": "LineString",
        "coordinates": [
          [
            14.2042893,
            37.3026681
          ],
          [
            14.2041786,
            37.3026631
          ],
          [
            14.2039959,
            37.3026948
          ],
          [
            14.2038283,
            37.302827
          ],
          [
            14.2037827,
            37.3028398
          ],
          [
            14.2037036,
            37.3028174
          ],
          [
            14.2036365,
            37.302715
          ]
        ]
      },
      "id": "way/1250473355"
    },
    {
      "type": "Feature",
      "properties": {
        "@id": "way/1250494333",
        "access": "private",
        "highway": "service",
        "service": "driveway"
      },
      "geometry": {
        "type": "LineString",
        "coordinates": [
          [
            14.2033441,
            37.3015064
          ],
          [
            14.2032959,
            37.3015426
          ],
          [
            14.2032047,
            37.3017624
          ],
          [
            14.20378,
            37.3019192
          ]
        ]
      },
      "id": "way/1250494333"
    },
    {
      "type": "Feature",
      "properties": {
        "@id": "way/1250494334",
        "highway": "service",
        "service": "driveway"
      },
      "geometry": {
        "type": "LineString",
        "coordinates": [
          [
            14.2034258,
            37.3014493
          ],
          [
            14.2033441,
            37.3015064
          ]
        ]
      },
      "id": "way/1250494334"
    },
    {
      "type": "Feature",
      "properties": {
        "@id": "way/1250494339",
        "access": "private",
        "highway": "service",
        "service": "driveway"
      },
      "geometry": {
        "type": "LineString",
        "coordinates": [
          [
            14.2041891,
            37.3023172
          ],
          [
            14.2042675,
            37.3021352
          ],
          [
            14.2042715,
            37.3021043
          ],
          [
            14.2042661,
            37.3020851
          ],
          [
            14.2041173,
            37.3020387
          ]
        ]
      },
      "id": "way/1250494339"
    },
    {
      "type": "Feature",
      "properties": {
        "@id": "way/1250494340",
        "access": "private",
        "highway": "service",
        "service": "driveway"
      },
      "geometry": {
        "type": "LineString",
        "coordinates": [
          [
            14.204235,
            37.3023289
          ],
          [
            14.2043077,
            37.3021662
          ],
          [
            14.2043205,
            37.3021384
          ],
          [
            14.2043352,
            37.3021368
          ],
          [
            14.204466,
            37.3021454
          ]
        ]
      },
      "id": "way/1250494340"
    },
    {
      "type": "Feature",
      "properties": {
        "@id": "way/1250494341",
        "highway": "service",
        "service": "driveway"
      },
      "geometry": {
        "type": "LineString",
        "coordinates": [
          [
            14.2041667,
            37.3023675
          ],
          [
            14.2041891,
            37.3023172
          ]
        ]
      },
      "id": "way/1250494341"
    },
    {
      "type": "Feature",
      "properties": {
        "@id": "way/1250494342",
        "highway": "service",
        "service": "driveway"
      },
      "geometry": {
        "type": "LineString",
        "coordinates": [
          [
            14.2042181,
            37.3023782
          ],
          [
            14.204235,
            37.3023289
          ]
        ]
      },
      "id": "way/1250494342"
    },
    {
      "type": "Feature",
      "properties": {
        "@id": "way/1250494346",
        "access": "private",
        "highway": "service",
        "service": "driveway"
      },
      "geometry": {
        "type": "LineString",
        "coordinates": [
          [
            14.2048623,
            37.3020928
          ],
          [
            14.2043587,
            37.3019582
          ],
          [
            14.2043218,
            37.3020435
          ]
        ]
      },
      "id": "way/1250494346"
    },
    {
      "type": "Feature",
      "properties": {
        "@id": "way/1250494347",
        "highway": "service",
        "service": "driveway"
      },
      "geometry": {
        "type": "LineString",
        "coordinates": [
          [
            14.2049217,
            37.3021064
          ],
          [
            14.2048623,
            37.3020928
          ]
        ]
      },
      "id": "way/1250494347"
    },
    {
      "type": "Feature",
      "properties": {
        "@id": "way/1250494348",
        "access": "private",
        "highway": "service",
        "service": "driveway"
      },
      "geometry": {
        "type": "LineString",
        "coordinates": [
          [
            14.2041103,
            37.3017166
          ],
          [
            14.2041092,
            37.3017624
          ],
          [
            14.2040395,
            37.3019203
          ],
          [
            14.2042011,
            37.301963
          ]
        ]
      },
      "id": "way/1250494348"
    },
    {
      "type": "Feature",
      "properties": {
        "@id": "way/1250494349",
        "highway": "service",
        "service": "driveway"
      },
      "geometry": {
        "type": "LineString",
        "coordinates": [
          [
            14.2041171,
            37.3016392
          ],
          [
            14.2041103,
            37.3017166
          ]
        ]
      },
      "id": "way/1250494349"
    },
    {
      "type": "Feature",
      "properties": {
        "@id": "way/1250494352",
        "highway": "service"
      },
      "geometry": {
        "type": "LineString",
        "coordinates": [
          [
            14.2049892,
            37.3019476
          ],
          [
            14.2049217,
            37.3021064
          ],
          [
            14.2048046,
            37.3023822
          ]
        ]
      },
      "id": "way/1250494352"
    },
    {
      "type": "Feature",
      "properties": {
        "@id": "way/1250494355",
        "highway": "footway"
      },
      "geometry": {
        "type": "LineString",
        "coordinates": [
          [
            14.2058414,
            37.3024795
          ],
          [
            14.2057914,
            37.3026259
          ],
          [
            14.2057789,
            37.302643
          ]
        ]
      },
      "id": "way/1250494355"
    },
    {
      "type": "Feature",
      "properties": {
        "@id": "way/1250494356",
        "highway": "footway"
      },
      "geometry": {
        "type": "LineString",
        "coordinates": [
          [
            14.2056231,
            37.3027823
          ],
          [
            14.2056569,
            37.3027796
          ],
          [
            14.2056837,
            37.3027812
          ],
          [
            14.2057105,
            37.3027892
          ],
          [
            14.2057253,
            37.3027982
          ],
          [
            14.2057424,
            37.3028174
          ]
        ]
      },
      "id": "way/1250494356"
    },
    {
      "type": "Feature",
      "properties": {
        "@id": "way/1250494357",
        "highway": "footway"
      },
      "geometry": {
        "type": "LineString",
        "coordinates": [
          [
            14.2056274,
            37.3027897
          ],
          [
            14.2055362,
            37.3028286
          ]
        ]
      },
      "id": "way/1250494357"
    },
    {
      "type": "Feature",
      "properties": {
        "@id": "way/1250494358",
        "highway": "footway"
      },
      "geometry": {
        "type": "LineString",
        "coordinates": [
          [
            14.2055918,
            37.3028932
          ],
          [
            14.2056765,
            37.3028757
          ],
          [
            14.2057021,
            37.3028703
          ],
          [
            14.2057645,
            37.3028916
          ],
          [
            14.2057414,
            37.3029441
          ],
          [
            14.2057196,
            37.302951
          ]
        ]
      },
      "id": "way/1250494358"
    },
    {
      "type": "Feature",
      "properties": {
        "@id": "way/1250494359",
        "highway": "footway"
      },
      "geometry": {
        "type": "LineString",
        "coordinates": [
          [
            14.2058205,
            37.3028817
          ],
          [
            14.2059174,
            37.3029102
          ]
        ]
      },
      "id": "way/1250494359"
    },
    {
      "type": "Feature",
      "properties": {
        "@id": "way/1250494360",
        "highway": "footway"
      },
      "geometry": {
        "type": "LineString",
        "coordinates": [
          [
            14.2058205,
            37.3028817
          ],
          [
            14.2057645,
            37.3028916
          ],
          [
            14.2057621,
            37.3028735
          ],
          [
            14.2057424,
            37.3028174
          ],
          [
            14.2057866,
            37.3027942
          ],
          [
            14.2058041,
            37.3027796
          ],
          [
            14.2059968,
            37.3027145
          ]
        ]
      },
      "id": "way/1250494360"
    },
    {
      "type": "Feature",
      "properties": {
        "@id": "way/1250494361",
        "highway": "footway"
      },
      "geometry": {
        "type": "LineString",
        "coordinates": [
          [
            14.2055282,
            37.3024993
          ],
          [
            14.2055333,
            37.3024929
          ],
          [
            14.2055265,
            37.3024801
          ],
          [
            14.2054967,
            37.302467
          ],
          [
            14.2054237,
            37.3024461
          ],
          [
            14.2053048,
            37.3024402
          ],
          [
            14.2052752,
            37.3024475
          ],
          [
            14.2052681,
            37.3024561
          ]
        ]
      },
      "id": "way/1250494361"
    },
    {
      "type": "Feature",
      "properties": {
        "@id": "way/1250494362",
        "highway": "footway"
      },
      "geometry": {
        "type": "LineString",
        "coordinates": [
          [
            14.2055389,
            37.3025102
          ],
          [
            14.2054369,
            37.3025825
          ]
        ]
      },
      "id": "way/1250494362"
    },
    {
      "type": "Feature",
      "properties": {
        "@id": "way/1250494363",
        "highway": "footway"
      },
      "geometry": {
        "type": "LineString",
        "coordinates": [
          [
            14.2053404,
            37.3025103
          ],
          [
            14.2053638,
            37.3024974
          ],
          [
            14.2054544,
            37.3024782
          ],
          [
            14.2055282,
            37.3024993
          ],
          [
            14.2055389,
            37.3025102
          ],
          [
            14.2056515,
            37.302563
          ],
          [
            14.2056931,
            37.302626
          ],
          [
            14.205701,
            37.3026531
          ],
          [
            14.2057068,
            37.3027022
          ],
          [
            14.2057162,
            37.3027113
          ],
          [
            14.2057923,
            37.3027681
          ],
          [
            14.2058041,
            37.3027796
          ],
          [
            14.2058383,
            37.3028572
          ],
          [
            14.2058205,
            37.3028817
          ]
        ]
      },
      "id": "way/1250494363"
    },
    {
      "type": "Feature",
      "properties": {
        "@id": "way/1250494364",
        "highway": "footway"
      },
      "geometry": {
        "type": "LineString",
        "coordinates": [
          [
            14.2053162,
            37.3025828
          ],
          [
            14.205352,
            37.302519
          ]
        ]
      },
      "id": "way/1250494364"
    },
    {
      "type": "Feature",
      "properties": {
        "@id": "way/1250494365",
        "highway": "footway"
      },
      "geometry": {
        "type": "LineString",
        "coordinates": [
          [
            14.2057552,
            37.3031735
          ],
          [
            14.2057947,
            37.3031423
          ],
          [
            14.2058118,
            37.3031156
          ],
          [
            14.2058051,
            37.3030894
          ],
          [
            14.2057856,
            37.3030665
          ],
          [
            14.2057554,
            37.3030628
          ],
          [
            14.2057373,
            37.3030404
          ],
          [
            14.2055918,
            37.3028932
          ],
          [
            14.2055543,
            37.3028569
          ],
          [
            14.2055362,
            37.3028286
          ],
          [
            14.2053779,
            37.3026494
          ],
          [
            14.2053162,
            37.3025828
          ],
          [
            14.2052478,
            37.3025161
          ],
          [
            14.2052478,
            37.302491
          ],
          [
            14.2052681,
            37.3024561
          ]
        ]
      },
      "id": "way/1250494365"
    },
    {
      "type": "Feature",
      "properties": {
        "@id": "way/1250499169",
        "access": "private",
        "highway": "service",
        "service": "driveway"
      },
      "geometry": {
        "type": "LineString",
        "coordinates": [
          [
            14.2053501,
            37.301431
          ],
          [
            14.2047375,
            37.3010701
          ]
        ]
      },
      "id": "way/1250499169"
    },
    {
      "type": "Feature",
      "properties": {
        "@id": "way/1250499170",
        "highway": "service",
        "service": "driveway"
      },
      "geometry": {
        "type": "LineString",
        "coordinates": [
          [
            14.2053975,
            37.3014474
          ],
          [
            14.2053501,
            37.301431
          ]
        ]
      },
      "id": "way/1250499170"
    },
    {
      "type": "Feature",
      "properties": {
        "@id": "way/1250500565",
        "access": "private",
        "highway": "service",
        "service": "driveway"
      },
      "geometry": {
        "type": "LineString",
        "coordinates": [
          [
            14.2029937,
            37.3021322
          ],
          [
            14.2030746,
            37.3019139
          ]
        ]
      },
      "id": "way/1250500565"
    },
    {
      "type": "Feature",
      "properties": {
        "@id": "way/1250500566",
        "highway": "service",
        "service": "driveway"
      },
      "geometry": {
        "type": "LineString",
        "coordinates": [
          [
            14.2029731,
            37.3022119
          ],
          [
            14.2029937,
            37.3021322
          ]
        ]
      },
      "id": "way/1250500566"
    },
    {
      "type": "Feature",
      "properties": {
        "@id": "way/1250506782",
        "highway": "residential",
        "name": "Via Lazio"
      },
      "geometry": {
        "type": "LineString",
        "coordinates": [
          [
            14.208754,
            37.300718
          ],
          [
            14.2088003,
            37.3003193
          ]
        ]
      },
      "id": "way/1250506782"
    },
    {
      "type": "Feature",
      "properties": {
        "@id": "way/1250506783",
        "highway": "residential",
        "name": "Via Piemonte",
        "surface": "sett"
      },
      "geometry": {
        "type": "LineString",
        "coordinates": [
          [
            14.2082212,
            37.300674
          ],
          [
            14.208754,
            37.300718
          ],
          [
            14.2092942,
            37.3007627
          ]
        ]
      },
      "id": "way/1250506783"
    },
    {
      "type": "Feature",
      "properties": {
        "@id": "way/1250506784",
        "highway": "service"
      },
      "geometry": {
        "type": "LineString",
        "coordinates": [
          [
            14.2076976,
            37.3010301
          ],
          [
            14.2079374,
            37.3010615
          ],
          [
            14.2079924,
            37.3008375
          ],
          [
            14.2081932,
            37.30086
          ]
        ]
      },
      "id": "way/1250506784"
    },
    {
      "type": "Feature",
      "properties": {
        "@id": "way/1250506785",
        "highway": "service"
      },
      "geometry": {
        "type": "LineString",
        "coordinates": [
          [
            14.2072454,
            37.3008034
          ],
          [
            14.2074758,
            37.3008307
          ]
        ]
      },
      "id": "way/1250506785"
    },
    {
      "type": "Feature",
      "properties": {
        "@id": "way/1250506787",
        "highway": "residential",
        "name": "Via Marche",
        "surface": "asphalt"
      },
      "geometry": {
        "type": "LineString",
        "coordinates": [
          [
            14.2074694,
            37.300862
          ],
          [
            14.2077295,
            37.3008983
          ],
          [
            14.2076976,
            37.3010301
          ],
          [
            14.2076665,
            37.3011821
          ],
          [
            14.2076366,
            37.3012531
          ]
        ]
      },
      "id": "way/1250506787"
    },
    {
      "type": "Feature",
      "properties": {
        "@id": "way/1250506788",
        "access": "private",
        "highway": "service",
        "service": "driveway"
      },
      "geometry": {
        "type": "LineString",
        "coordinates": [
          [
            14.2075989,
            37.3005917
          ],
          [
            14.2077255,
            37.3006081
          ]
        ]
      },
      "id": "way/1250506788"
    },
    {
      "type": "Feature",
      "properties": {
        "@id": "way/1250506789",
        "highway": "service",
        "service": "driveway"
      },
      "geometry": {
        "type": "LineString",
        "coordinates": [
          [
            14.2075368,
            37.3005932
          ],
          [
            14.2075989,
            37.3005917
          ]
        ]
      },
      "id": "way/1250506789"
    },
    {
      "type": "Feature",
      "properties": {
        "@id": "way/1250506790",
        "highway": "residential",
        "name": "Via Marche",
        "surface": "asphalt"
      },
      "geometry": {
        "type": "LineString",
        "coordinates": [
          [
            14.2072549,
            37.3004216
          ],
          [
            14.2073098,
            37.3004673
          ],
          [
            14.2074962,
            37.3005505
          ],
          [
            14.2075324,
            37.3005772
          ],
          [
            14.2075368,
            37.3005932
          ],
          [
            14.2075364,
            37.3006092
          ],
          [
            14.2074758,
            37.3008307
          ],
          [
            14.2074694,
            37.300862
          ],
          [
            14.2074345,
            37.300893
          ],
          [
            14.207397,
            37.3010423
          ]
        ]
      },
      "id": "way/1250506790"
    },
    {
      "type": "Feature",
      "properties": {
        "@id": "way/1250506791",
        "access": "private",
        "highway": "service",
        "service": "driveway"
      },
      "geometry": {
        "type": "LineString",
        "coordinates": [
          [
            14.2040664,
            37.3011748
          ],
          [
            14.2040147,
            37.3012845
          ]
        ]
      },
      "id": "way/1250506791"
    },
    {
      "type": "Feature",
      "properties": {
        "@id": "way/1250506792",
        "highway": "service",
        "service": "driveway"
      },
      "geometry": {
        "type": "LineString",
        "coordinates": [
          [
            14.204088,
            37.3010976
          ],
          [
            14.2040664,
            37.3011748
          ]
        ]
      },
      "id": "way/1250506792"
    },
    {
      "type": "Feature",
      "properties": {
        "@id": "way/1250559588",
        "highway": "residential",
        "name": "Via Puglie",
        "oneway": "yes"
      },
      "geometry": {
        "type": "LineString",
        "coordinates": [
          [
            14.208852,
            37.3017569
          ],
          [
            14.208998,
            37.3015007
          ]
        ]
      },
      "id": "way/1250559588"
    },
    {
      "type": "Feature",
      "properties": {
        "@id": "way/1250559589",
        "access": "private",
        "highway": "service",
        "service": "driveway"
      },
      "geometry": {
        "type": "LineString",
        "coordinates": [
          [
            14.2089564,
            37.3014648
          ],
          [
            14.20873,
            37.3014072
          ]
        ]
      },
      "id": "way/1250559589"
    },
    {
      "type": "Feature",
      "properties": {
        "@id": "way/1250559590",
        "highway": "service",
        "service": "driveway"
      },
      "geometry": {
        "type": "LineString",
        "coordinates": [
          [
            14.2090132,
            37.3014726
          ],
          [
            14.2089564,
            37.3014648
          ]
        ]
      },
      "id": "way/1250559590"
    },
    {
      "type": "Feature",
      "properties": {
        "@id": "way/1250559591",
        "access": "private",
        "highway": "service",
        "service": "driveway"
      },
      "geometry": {
        "type": "LineString",
        "coordinates": [
          [
            14.2082119,
            37.3010227
          ],
          [
            14.2082499,
            37.3010284
          ],
          [
            14.2083089,
            37.3010647
          ],
          [
            14.2085557,
            37.3011874
          ],
          [
            14.208899,
            37.3013015
          ]
        ]
      },
      "id": "way/1250559591"
    },
    {
      "type": "Feature",
      "properties": {
        "@id": "way/1250559592",
        "highway": "service",
        "service": "driveway"
      },
      "geometry": {
        "type": "LineString",
        "coordinates": [
          [
            14.2081698,
            37.3010152
          ],
          [
            14.2082119,
            37.3010227
          ]
        ]
      },
      "id": "way/1250559592"
    },
    {
      "type": "Feature",
      "properties": {
        "@id": "way/1250780408",
        "highway": "steps"
      },
      "geometry": {
        "type": "LineString",
        "coordinates": [
          [
            14.2125537,
            37.3019562
          ],
          [
            14.2125506,
            37.3020826
          ]
        ]
      },
      "id": "way/1250780408"
    },
    {
      "type": "Feature",
      "properties": {
        "@id": "way/1250780409",
        "highway": "steps"
      },
      "geometry": {
        "type": "LineString",
        "coordinates": [
          [
            14.2120633,
            37.3015578
          ],
          [
            14.2120604,
            37.3015934
          ],
          [
            14.2120553,
            37.3016197
          ]
        ]
      },
      "id": "way/1250780409"
    },
    {
      "type": "Feature",
      "properties": {
        "@id": "way/1250780411",
        "highway": "residential",
        "surface": "sett"
      },
      "geometry": {
        "type": "LineString",
        "coordinates": [
          [
            14.211976,
            37.3021272
          ],
          [
            14.212003,
            37.3019546
          ],
          [
            14.2120281,
            37.3017938
          ],
          [
            14.2120553,
            37.3016197
          ]
        ]
      },
      "id": "way/1250780411"
    },
    {
      "type": "Feature",
      "properties": {
        "@id": "way/1250780412",
        "highway": "pedestrian",
        "name": "Via Ferrara"
      },
      "geometry": {
        "type": "LineString",
        "coordinates": [
          [
            14.21181,
            37.3039583
          ],
          [
            14.2113735,
            37.3040694
          ]
        ]
      },
      "id": "way/1250780412"
    },
    {
      "type": "Feature",
      "properties": {
        "@id": "way/1250783562",
        "highway": "footway"
      },
      "geometry": {
        "type": "LineString",
        "coordinates": [
          [
            14.2132429,
            37.3025927
          ],
          [
            14.2132428,
            37.302621
          ],
          [
            14.2132446,
            37.302701
          ],
          [
            14.2132455,
            37.3027332
          ]
        ]
      },
      "id": "way/1250783562"
    },
    {
      "type": "Feature",
      "properties": {
        "@id": "way/1250783563",
        "highway": "residential",
        "name": "Via Cutrera",
        "narrow": "yes",
        "surface": "sett"
      },
      "geometry": {
        "type": "LineString",
        "coordinates": [
          [
            14.2131367,
            37.3023405
          ],
          [
            14.2131888,
            37.3024167
          ],
          [
            14.2132437,
            37.3024269
          ],
          [
            14.2132435,
            37.3024618
          ],
          [
            14.2132429,
            37.3025927
          ]
        ]
      },
      "id": "way/1250783563"
    },
    {
      "type": "Feature",
      "properties": {
        "@id": "way/1250783564",
        "highway": "residential",
        "name": "Via Cutrera",
        "surface": "sett"
      },
      "geometry": {
        "type": "LineString",
        "coordinates": [
          [
            14.213421,
            37.3023614
          ],
          [
            14.2131367,
            37.3023405
          ]
        ]
      },
      "id": "way/1250783564"
    },
    {
      "type": "Feature",
      "properties": {
        "@id": "way/1250783565",
        "highway": "residential",
        "name": "Via Cutrera",
        "surface": "sett"
      },
      "geometry": {
        "type": "LineString",
        "coordinates": [
          [
            14.2131367,
            37.3023405
          ],
          [
            14.2131185,
            37.3022633
          ],
          [
            14.213091,
            37.302253
          ]
        ]
      },
      "id": "way/1250783565"
    },
    {
      "type": "Feature",
      "properties": {
        "@id": "way/1250785582",
        "highway": "footway"
      },
      "geometry": {
        "type": "LineString",
        "coordinates": [
          [
            14.213421,
            37.3023614
          ],
          [
            14.2134252,
            37.3023287
          ],
          [
            14.213565,
            37.3023338
          ]
        ]
      },
      "id": "way/1250785582"
    },
    {
      "type": "Feature",
      "properties": {
        "@id": "way/1250785583",
        "highway": "steps"
      },
      "geometry": {
        "type": "LineString",
        "coordinates": [
          [
            14.2135928,
            37.3021571
          ],
          [
            14.213565,
            37.3023338
          ]
        ]
      },
      "id": "way/1250785583"
    },
    {
      "type": "Feature",
      "properties": {
        "@id": "way/1250785584",
        "highway": "residential",
        "name": "Via Forgia",
        "narrow": "yes",
        "surface": "sett"
      },
      "geometry": {
        "type": "LineString",
        "coordinates": [
          [
            14.2132435,
            37.3024618
          ],
          [
            14.2135719,
            37.3024989
          ],
          [
            14.2137008,
            37.302509
          ],
          [
            14.2139054,
            37.3025295
          ]
        ]
      },
      "id": "way/1250785584"
    },
    {
      "type": "Feature",
      "properties": {
        "@id": "way/1250837784",
        "highway": "residential",
        "name": "Via Federico Confalonieri",
        "surface": "paving_stones"
      },
      "geometry": {
        "type": "LineString",
        "coordinates": [
          [
            14.2145705,
            37.3014109
          ],
          [
            14.2150356,
            37.3013134
          ],
          [
            14.2154591,
            37.3012917
          ],
          [
            14.2156835,
            37.3012691
          ],
          [
            14.2158206,
            37.3012478
          ]
        ]
      },
      "id": "way/1250837784"
    },
    {
      "type": "Feature",
      "properties": {
        "@id": "way/1250837785",
        "highway": "track"
      },
      "geometry": {
        "type": "LineString",
        "coordinates": [
          [
            14.2142477,
            37.3020485
          ],
          [
            14.2143425,
            37.3019544
          ],
          [
            14.2143539,
            37.3018776
          ]
        ]
      },
      "id": "way/1250837785"
    },
    {
      "type": "Feature",
      "properties": {
        "@id": "way/1250837786",
        "footway": "link",
        "highway": "footway"
      },
      "geometry": {
        "type": "LineString",
        "coordinates": [
          [
            14.2147143,
            37.3017438
          ],
          [
            14.2146473,
            37.3017458
          ],
          [
            14.2146022,
            37.301741
          ],
          [
            14.2145188,
            37.301732
          ],
          [
            14.2143828,
            37.3017389
          ],
          [
            14.2143854,
            37.3017829
          ]
        ]
      },
      "id": "way/1250837786"
    },
    {
      "type": "Feature",
      "properties": {
        "@id": "way/1250837787",
        "highway": "steps"
      },
      "geometry": {
        "type": "LineString",
        "coordinates": [
          [
            14.2143854,
            37.3017829
          ],
          [
            14.2143922,
            37.3018696
          ],
          [
            14.2143539,
            37.3018776
          ]
        ]
      },
      "id": "way/1250837787"
    },
    {
      "type": "Feature",
      "properties": {
        "@id": "way/1250837788",
        "highway": "residential"
      },
      "geometry": {
        "type": "LineString",
        "coordinates": [
          [
            14.2144061,
            37.3021325
          ],
          [
            14.214445,
            37.3022387
          ],
          [
            14.2144771,
            37.3023273
          ]
        ]
      },
      "id": "way/1250837788"
    },
    {
      "type": "Feature",
      "properties": {
        "@id": "way/1250837789",
        "highway": "residential",
        "name": "Via dei Mille",
        "surface": "paving_stones"
      },
      "geometry": {
        "type": "LineString",
        "coordinates": [
          [
            14.2142801,
            37.3014156
          ],
          [
            14.21433,
            37.3017356
          ],
          [
            14.2143539,
            37.3018776
          ]
        ]
      },
      "id": "way/1250837789"
    },
    {
      "type": "Feature",
      "properties": {
        "@id": "way/1250869176",
        "highway": "residential",
        "name": "Via Piave",
        "surface": "sett"
      },
      "geometry": {
        "type": "LineString",
        "coordinates": [
          [
            14.2142647,
            37.3012376
          ],
          [
            14.213809,
            37.3012875
          ],
          [
            14.2130588,
            37.3013697
          ]
        ]
      },
      "id": "way/1250869176"
    },
    {
      "type": "Feature",
      "properties": {
        "@id": "way/1250876910",
        "footway": "sidewalk",
        "highway": "footway"
      },
      "geometry": {
        "type": "LineString",
        "coordinates": [
          [
            14.2140786,
            37.2997298
          ],
          [
            14.2140334,
            37.2997275
          ],
          [
            14.2140287,
            37.2997477
          ],
          [
            14.2140099,
            37.2998454
          ],
          [
            14.2140153,
            37.3000352
          ],
          [
            14.2140503,
            37.3001662
          ]
        ]
      },
      "id": "way/1250876910"
    },
    {
      "type": "Feature",
      "properties": {
        "@id": "way/1250876911",
        "footway": "sidewalk",
        "highway": "footway"
      },
      "geometry": {
        "type": "LineString",
        "coordinates": [
          [
            14.2140745,
            37.3002425
          ],
          [
            14.2141636,
            37.300494
          ]
        ]
      },
      "id": "way/1250876911"
    },
    {
      "type": "Feature",
      "properties": {
        "@id": "way/1250876912",
        "crossing": "unmarked",
        "footway": "crossing",
        "highway": "footway"
      },
      "geometry": {
        "type": "LineString",
        "coordinates": [
          [
            14.2141636,
            37.300494
          ],
          [
            14.2141721,
            37.3005147
          ],
          [
            14.2141862,
            37.3005394
          ]
        ]
      },
      "id": "way/1250876912"
    },
    {
      "type": "Feature",
      "properties": {
        "@id": "way/1250876913",
        "footway": "sidewalk",
        "highway": "footway"
      },
      "geometry": {
        "type": "LineString",
        "coordinates": [
          [
            14.2141862,
            37.3005394
          ],
          [
            14.2142663,
            37.3007771
          ],
          [
            14.2142757,
            37.3008049
          ]
        ]
      },
      "id": "way/1250876913"
    },
    {
      "type": "Feature",
      "properties": {
        "@id": "way/1250876914",
        "footway": "sidewalk",
        "highway": "footway"
      },
      "geometry": {
        "type": "LineString",
        "coordinates": [
          [
            14.2146022,
            37.301741
          ],
          [
            14.2144841,
            37.3014064
          ]
        ]
      },
      "id": "way/1250876914"
    },
    {
      "type": "Feature",
      "properties": {
        "@id": "way/1250876915",
        "crossing": "unmarked",
        "footway": "crossing",
        "highway": "footway"
      },
      "geometry": {
        "type": "LineString",
        "coordinates": [
          [
            14.2144841,
            37.3014064
          ],
          [
            14.2144784,
            37.301394
          ],
          [
            14.2144701,
            37.3013725
          ]
        ]
      },
      "id": "way/1250876915"
    },
    {
      "type": "Feature",
      "properties": {
        "@id": "way/1250876916",
        "highway": "footway"
      },
      "geometry": {
        "type": "LineString",
        "coordinates": [
          [
            14.2144701,
            37.3013725
          ],
          [
            14.2143687,
            37.3010712
          ]
        ]
      },
      "id": "way/1250876916"
    },
    {
      "type": "Feature",
      "properties": {
        "@id": "way/1250876917",
        "crossing": "unmarked",
        "footway": "crossing",
        "highway": "footway"
      },
      "geometry": {
        "type": "LineString",
        "coordinates": [
          [
            14.2143687,
            37.3010712
          ],
          [
            14.2143583,
            37.3010412
          ],
          [
            14.2143527,
            37.3010222
          ]
        ]
      },
      "id": "way/1250876917"
    },
    {
      "type": "Feature",
      "properties": {
        "@id": "way/1250876918",
        "footway": "sidewalk",
        "highway": "footway"
      },
      "geometry": {
        "type": "LineString",
        "coordinates": [
          [
            14.2143527,
            37.3010222
          ],
          [
            14.2143291,
            37.3009548
          ],
          [
            14.2143101,
            37.3009006
          ],
          [
            14.2142151,
            37.3009084
          ],
          [
            14.2142105,
            37.3008998
          ]
        ]
      },
      "id": "way/1250876918"
    },
    {
      "type": "Feature",
      "properties": {
        "@id": "way/1250876919",
        "footway": "crossing",
        "highway": "footway"
      },
      "geometry": {
        "type": "LineString",
        "coordinates": [
          [
            14.2142105,
            37.3008998
          ],
          [
            14.2142079,
            37.3008718
          ],
          [
            14.2142038,
            37.3008294
          ],
          [
            14.2142027,
            37.3008178
          ]
        ]
      },
      "id": "way/1250876919"
    },
    {
      "type": "Feature",
      "properties": {
        "@id": "way/1250876924",
        "highway": "residential",
        "name": "Via Magenta",
        "surface": "paving_stones"
      },
      "geometry": {
        "type": "LineString",
        "coordinates": [
          [
            14.2142801,
            37.3014156
          ],
          [
            14.2144784,
            37.301394
          ],
          [
            14.2145601,
            37.3013851
          ]
        ]
      },
      "id": "way/1250876924"
    },
    {
      "type": "Feature",
      "properties": {
        "@id": "way/1250883397",
        "crossing": "unmarked",
        "footway": "crossing",
        "highway": "footway"
      },
      "geometry": {
        "type": "LineString",
        "coordinates": [
          [
            14.2140503,
            37.3001662
          ],
          [
            14.214063,
            37.3001999
          ],
          [
            14.2140745,
            37.3002425
          ]
        ]
      },
      "id": "way/1250883397"
    },
    {
      "type": "Feature",
      "properties": {
        "@id": "way/1250883398",
        "footway": "crossing",
        "highway": "footway"
      },
      "geometry": {
        "type": "LineString",
        "coordinates": [
          [
            14.2141253,
            37.299728
          ],
          [
            14.2140786,
            37.2997298
          ]
        ]
      },
      "id": "way/1250883398"
    },
    {
      "type": "Feature",
      "properties": {
        "@id": "way/1250883399",
        "footway": "crossing",
        "highway": "footway"
      },
      "geometry": {
        "type": "LineString",
        "coordinates": [
          [
            14.2143291,
            37.3009548
          ],
          [
            14.2143687,
            37.3009506
          ],
          [
            14.2143994,
            37.300947
          ]
        ]
      },
      "id": "way/1250883399"
    },
    {
      "type": "Feature",
      "properties": {
        "@id": "way/1250883400",
        "footway": "sidewalk",
        "highway": "footway"
      },
      "geometry": {
        "type": "LineString",
        "coordinates": [
          [
            14.2142663,
            37.3007771
          ],
          [
            14.214293,
            37.3007711
          ]
        ]
      },
      "id": "way/1250883400"
    },
    {
      "type": "Feature",
      "properties": {
        "@id": "way/1250883401",
        "footway": "crossing",
        "highway": "footway"
      },
      "geometry": {
        "type": "LineString",
        "coordinates": [
          [
            14.2143308,
            37.3007638
          ],
          [
            14.214293,
            37.3007711
          ]
        ]
      },
      "id": "way/1250883401"
    },
    {
      "type": "Feature",
      "properties": {
        "@id": "way/1250883402",
        "footway": "crossing",
        "highway": "footway"
      },
      "geometry": {
        "type": "LineString",
        "coordinates": [
          [
            14.2142027,
            37.3008178
          ],
          [
            14.2142699,
            37.3008105
          ],
          [
            14.2142757,
            37.3008049
          ]
        ]
      },
      "id": "way/1250883402"
    },
    {
      "type": "Feature",
      "properties": {
        "@id": "way/1250883405",
        "access": "private",
        "highway": "service",
        "service": "driveway"
      },
      "geometry": {
        "type": "LineString",
        "coordinates": [
          [
            14.2135356,
            37.299564
          ],
          [
            14.2135211,
            37.2996357
          ],
          [
            14.2137109,
            37.2996432
          ]
        ]
      },
      "id": "way/1250883405"
    },
    {
      "type": "Feature",
      "properties": {
        "@id": "way/1250883406",
        "highway": "service",
        "service": "driveway"
      },
      "geometry": {
        "type": "LineString",
        "coordinates": [
          [
            14.2135576,
            37.299513
          ],
          [
            14.2135356,
            37.299564
          ]
        ]
      },
      "id": "way/1250883406"
    },
    {
      "type": "Feature",
      "properties": {
        "@id": "way/1250883423",
        "highway": "residential",
        "name": "Via Tito Speri",
        "surface": "sett"
      },
      "geometry": {
        "type": "LineString",
        "coordinates": [
          [
            14.2140944,
            37.2999928
          ],
          [
            14.2144466,
            37.299959
          ]
        ]
      },
      "id": "way/1250883423"
    },
    {
      "type": "Feature",
      "properties": {
        "@id": "way/1250911153",
        "access": "private",
        "highway": "service",
        "service": "driveway"
      },
      "geometry": {
        "type": "LineString",
        "coordinates": [
          [
            14.2161195,
            37.2989818
          ],
          [
            14.2161283,
            37.298939
          ],
          [
            14.2161404,
            37.2988827
          ],
          [
            14.2161465,
            37.2988294
          ],
          [
            14.2161384,
            37.2987712
          ],
          [
            14.2161181,
            37.2987
          ],
          [
            14.2160957,
            37.2986305
          ],
          [
            14.2160484,
            37.2985161
          ],
          [
            14.2160504,
            37.2984385
          ],
          [
            14.2160891,
            37.2983997
          ],
          [
            14.2161501,
            37.298398
          ],
          [
            14.2161988,
            37.2984239
          ],
          [
            14.2162697,
            37.298498
          ],
          [
            14.2162848,
            37.2985218
          ]
        ]
      },
      "id": "way/1250911153"
    },
    {
      "type": "Feature",
      "properties": {
        "@id": "way/1250911155",
        "highway": "service",
        "service": "driveway"
      },
      "geometry": {
        "type": "LineString",
        "coordinates": [
          [
            14.216105,
            37.2990611
          ],
          [
            14.2161195,
            37.2989818
          ]
        ]
      },
      "id": "way/1250911155"
    },
    {
      "type": "Feature",
      "properties": {
        "@id": "way/1250911157",
        "access": "private",
        "highway": "service",
        "service": "driveway"
      },
      "geometry": {
        "type": "LineString",
        "coordinates": [
          [
            14.2170889,
            37.2990454
          ],
          [
            14.2171106,
            37.2992042
          ],
          [
            14.2170556,
            37.2992245
          ],
          [
            14.2170623,
            37.2993002
          ]
        ]
      },
      "id": "way/1250911157"
    },
    {
      "type": "Feature",
      "properties": {
        "@id": "way/1250911158",
        "highway": "service",
        "service": "driveway"
      },
      "geometry": {
        "type": "LineString",
        "coordinates": [
          [
            14.2170757,
            37.2989834
          ],
          [
            14.2170889,
            37.2990454
          ]
        ]
      },
      "id": "way/1250911158"
    },
    {
      "type": "Feature",
      "properties": {
        "@id": "way/1250911161",
        "access": "private",
        "highway": "service",
        "service": "driveway"
      },
      "geometry": {
        "type": "LineString",
        "coordinates": [
          [
            14.2183572,
            37.2988516
          ],
          [
            14.2183658,
            37.2989066
          ],
          [
            14.2182545,
            37.2989279
          ]
        ]
      },
      "id": "way/1250911161"
    },
    {
      "type": "Feature",
      "properties": {
        "@id": "way/1250911162",
        "highway": "service",
        "service": "driveway"
      },
      "geometry": {
        "type": "LineString",
        "coordinates": [
          [
            14.2183444,
            37.2987894
          ],
          [
            14.2183572,
            37.2988516
          ]
        ]
      },
      "id": "way/1250911162"
    },
    {
      "type": "Feature",
      "properties": {
        "@id": "way/1250911176",
        "access": "private",
        "highway": "service",
        "service": "driveway"
      },
      "geometry": {
        "type": "LineString",
        "coordinates": [
          [
            14.2141488,
            37.2994249
          ],
          [
            14.2141253,
            37.2993461
          ],
          [
            14.2140006,
            37.2993237
          ],
          [
            14.2139187,
            37.2993301
          ]
        ]
      },
      "id": "way/1250911176"
    },
    {
      "type": "Feature",
      "properties": {
        "@id": "way/1250911177",
        "highway": "service",
        "service": "driveway"
      },
      "geometry": {
        "type": "LineString",
        "coordinates": [
          [
            14.2142106,
            37.299491
          ],
          [
            14.2141488,
            37.2994249
          ]
        ]
      },
      "id": "way/1250911177"
    },
    {
      "type": "Feature",
      "properties": {
        "@id": "way/1250911179",
        "highway": "service"
      },
      "geometry": {
        "type": "LineString",
        "coordinates": [
          [
            14.2145072,
            37.298799
          ],
          [
            14.2144994,
            37.2987465
          ],
          [
            14.2145182,
            37.2984393
          ]
        ]
      },
      "id": "way/1250911179"
    },
    {
      "type": "Feature",
      "properties": {
        "@id": "way/1250911188",
        "highway": "residential",
        "name": "Via Padre Ludovico Napoli",
        "surface": "asphalt"
      },
      "geometry": {
        "type": "LineString",
        "coordinates": [
          [
            14.2142106,
            37.299491
          ],
          [
            14.21366,
            37.2995298
          ],
          [
            14.2136079,
            37.2995245
          ],
          [
            14.2135576,
            37.299513
          ],
          [
            14.21351,
            37.2994954
          ],
          [
            14.2134664,
            37.2994722
          ],
          [
            14.2134269,
            37.2994432
          ],
          [
            14.2133937,
            37.2994097
          ],
          [
            14.2133675,
            37.2993724
          ],
          [
            14.213349,
            37.2993323
          ],
          [
            14.2132987,
            37.299068
          ],
          [
            14.2131856,
            37.2986355
          ],
          [
            14.2131421,
            37.2982982
          ],
          [
            14.2131248,
            37.2981512
          ],
          [
            14.213116,
            37.2980919
          ],
          [
            14.2131138,
            37.2980322
          ],
          [
            14.2131175,
            37.297978
          ],
          [
            14.2131267,
            37.2979242
          ],
          [
            14.2131413,
            37.2978711
          ],
          [
            14.2131744,
            37.2978024
          ],
          [
            14.2131921,
            37.2977594
          ],
          [
            14.2132866,
            37.2975305
          ],
          [
            14.2133072,
            37.2973532
          ],
          [
            14.2133205,
            37.2971049
          ],
          [
            14.2133368,
            37.2968034
          ]
        ]
      },
      "id": "way/1250911188"
    },
    {
      "type": "Feature",
      "properties": {
        "@id": "way/1250913051",
        "access": "private",
        "highway": "service",
        "service": "driveway"
      },
      "geometry": {
        "type": "LineString",
        "coordinates": [
          [
            14.2206189,
            37.2965179
          ],
          [
            14.2205411,
            37.2964112
          ],
          [
            14.2205371,
            37.2963653
          ],
          [
            14.2206164,
            37.2960764
          ],
          [
            14.2206712,
            37.295849
          ]
        ]
      },
      "id": "way/1250913051"
    },
    {
      "type": "Feature",
      "properties": {
        "@id": "way/1250913053",
        "highway": "service",
        "service": "driveway"
      },
      "geometry": {
        "type": "LineString",
        "coordinates": [
          [
            14.2208912,
            37.2969741
          ],
          [
            14.2208871,
            37.2969425
          ],
          [
            14.2208724,
            37.2968828
          ],
          [
            14.2206189,
            37.2965179
          ]
        ]
      },
      "id": "way/1250913053"
    },
    {
      "type": "Feature",
      "properties": {
        "@id": "way/1250917974",
        "access": "private",
        "highway": "service",
        "service": "driveway"
      },
      "geometry": {
        "type": "LineString",
        "coordinates": [
          [
            14.216216,
            37.299144
          ],
          [
            14.2162362,
            37.2991861
          ],
          [
            14.2164762,
            37.2993546
          ]
        ]
      },
      "id": "way/1250917974"
    },
    {
      "type": "Feature",
      "properties": {
        "@id": "way/1250917975",
        "highway": "service",
        "service": "driveway"
      },
      "geometry": {
        "type": "LineString",
        "coordinates": [
          [
            14.216212,
            37.2990753
          ],
          [
            14.216216,
            37.299144
          ]
        ]
      },
      "id": "way/1250917975"
    },
    {
      "type": "Feature",
      "properties": {
        "@id": "way/1250917984",
        "access": "private",
        "highway": "service",
        "service": "driveway"
      },
      "geometry": {
        "type": "LineString",
        "coordinates": [
          [
            14.2160145,
            37.2991429
          ],
          [
            14.216157,
            37.2993781
          ]
        ]
      },
      "id": "way/1250917984"
    },
    {
      "type": "Feature",
      "properties": {
        "@id": "way/1250917985",
        "highway": "service",
        "service": "driveway"
      },
      "geometry": {
        "type": "LineString",
        "coordinates": [
          [
            14.2159508,
            37.2990177
          ],
          [
            14.2159371,
            37.2990612
          ],
          [
            14.2160145,
            37.2991429
          ]
        ]
      },
      "id": "way/1250917985"
    },
    {
      "type": "Feature",
      "properties": {
        "@id": "way/1250917988",
        "access": "private",
        "highway": "service",
        "service": "driveway"
      },
      "geometry": {
        "type": "LineString",
        "coordinates": [
          [
            14.215873,
            37.299094
          ],
          [
            14.2159197,
            37.2991946
          ]
        ]
      },
      "id": "way/1250917988"
    },
    {
      "type": "Feature",
      "properties": {
        "@id": "way/1250917989",
        "access": "private",
        "highway": "service",
        "service": "driveway"
      },
      "geometry": {
        "type": "LineString",
        "coordinates": [
          [
            14.2158149,
            37.2991045
          ],
          [
            14.215854,
            37.2993504
          ]
        ]
      },
      "id": "way/1250917989"
    },
    {
      "type": "Feature",
      "properties": {
        "@id": "way/1250917990",
        "highway": "service",
        "service": "driveway"
      },
      "geometry": {
        "type": "LineString",
        "coordinates": [
          [
            14.2157928,
            37.2990307
          ],
          [
            14.215873,
            37.299094
          ]
        ]
      },
      "id": "way/1250917990"
    },
    {
      "type": "Feature",
      "properties": {
        "@id": "way/1250917991",
        "highway": "service",
        "service": "driveway"
      },
      "geometry": {
        "type": "LineString",
        "coordinates": [
          [
            14.21578,
            37.2989258
          ],
          [
            14.2157815,
            37.298993
          ],
          [
            14.2157928,
            37.2990307
          ],
          [
            14.2158149,
            37.2991045
          ]
        ]
      },
      "id": "way/1250917991"
    },
    {
      "type": "Feature",
      "properties": {
        "@id": "way/1250924016",
        "access": "private",
        "highway": "service",
        "service": "driveway"
      },
      "geometry": {
        "type": "LineString",
        "coordinates": [
          [
            14.2111777,
            37.2987389
          ],
          [
            14.2111306,
            37.2987145
          ],
          [
            14.2109388,
            37.2986655
          ]
        ]
      },
      "id": "way/1250924016"
    },
    {
      "type": "Feature",
      "properties": {
        "@id": "way/1250924017",
        "highway": "service",
        "service": "driveway"
      },
      "geometry": {
        "type": "LineString",
        "coordinates": [
          [
            14.2112088,
            37.2987435
          ],
          [
            14.2111777,
            37.2987389
          ]
        ]
      },
      "id": "way/1250924017"
    },
    {
      "type": "Feature",
      "properties": {
        "@id": "way/1250924018",
        "highway": "service"
      },
      "geometry": {
        "type": "LineString",
        "coordinates": [
          [
            14.2116401,
            37.2987999
          ],
          [
            14.2115356,
            37.2987913
          ],
          [
            14.2112088,
            37.2987435
          ]
        ]
      },
      "id": "way/1250924018"
    },
    {
      "type": "Feature",
      "properties": {
        "@id": "way/1250924021",
        "access": "private",
        "highway": "service",
        "service": "driveway"
      },
      "geometry": {
        "type": "LineString",
        "coordinates": [
          [
            14.2115131,
            37.2980238
          ],
          [
            14.2113505,
            37.2981976
          ],
          [
            14.2113228,
            37.298203
          ],
          [
            14.2112996,
            37.2982083
          ],
          [
            14.211207,
            37.2982195
          ],
          [
            14.2111671,
            37.2982259
          ],
          [
            14.2111299,
            37.2982392
          ],
          [
            14.2111035,
            37.2982545
          ],
          [
            14.211081,
            37.2982734
          ],
          [
            14.2109737,
            37.2983731
          ],
          [
            14.2109484,
            37.2983847
          ],
          [
            14.21092,
            37.2983902
          ],
          [
            14.2108905,
            37.2983891
          ],
          [
            14.2107859,
            37.2983497
          ],
          [
            14.2107359,
            37.2983262
          ],
          [
            14.210688,
            37.2983001
          ],
          [
            14.2106273,
            37.2982609
          ],
          [
            14.2105713,
            37.2982174
          ],
          [
            14.2104289,
            37.2981331
          ],
          [
            14.2101965,
            37.2980235
          ]
        ]
      },
      "id": "way/1250924021"
    },
    {
      "type": "Feature",
      "properties": {
        "@id": "way/1250924022",
        "access": "private",
        "highway": "service",
        "service": "driveway"
      },
      "geometry": {
        "type": "LineString",
        "coordinates": [
          [
            14.2117301,
            37.2985293
          ],
          [
            14.2116643,
            37.2985769
          ],
          [
            14.2115718,
            37.2986783
          ]
        ]
      },
      "id": "way/1250924022"
    },
    {
      "type": "Feature",
      "properties": {
        "@id": "way/1250924025",
        "highway": "service",
        "service": "driveway"
      },
      "geometry": {
        "type": "LineString",
        "coordinates": [
          [
            14.2118153,
            37.2984966
          ],
          [
            14.2117301,
            37.2985293
          ]
        ]
      },
      "id": "way/1250924025"
    },
    {
      "type": "Feature",
      "properties": {
        "@id": "way/1250924027",
        "access": "private",
        "highway": "service",
        "service": "driveway"
      },
      "geometry": {
        "type": "LineString",
        "coordinates": [
          [
            14.2100791,
            37.2976541
          ],
          [
            14.2100979,
            37.2977544
          ],
          [
            14.2101523,
            37.2979736
          ],
          [
            14.2101677,
            37.2980024
          ],
          [
            14.2101965,
            37.2980235
          ]
        ]
      },
      "id": "way/1250924027"
    },
    {
      "type": "Feature",
      "properties": {
        "@id": "way/1250924029",
        "highway": "service",
        "service": "driveway"
      },
      "geometry": {
        "type": "LineString",
        "coordinates": [
          [
            14.2099788,
            37.2975486
          ],
          [
            14.2100289,
            37.2975991
          ],
          [
            14.2100791,
            37.2976541
          ]
        ]
      },
      "id": "way/1250924029"
    },
    {
      "type": "Feature",
      "properties": {
        "@id": "way/1250924030",
        "access": "private",
        "highway": "service",
        "service": "driveway"
      },
      "geometry": {
        "type": "LineString",
        "coordinates": [
          [
            14.212799,
            37.2983236
          ],
          [
            14.2127969,
            37.2984531
          ]
        ]
      },
      "id": "way/1250924030"
    },
    {
      "type": "Feature",
      "properties": {
        "@id": "way/1250924031",
        "highway": "service",
        "service": "driveway"
      },
      "geometry": {
        "type": "LineString",
        "coordinates": [
          [
            14.2127984,
            37.2982876
          ],
          [
            14.212799,
            37.2983236
          ]
        ]
      },
      "id": "way/1250924031"
    },
    {
      "type": "Feature",
      "properties": {
        "@id": "way/1250924034",
        "access": "private",
        "highway": "service",
        "service": "driveway"
      },
      "geometry": {
        "type": "LineString",
        "coordinates": [
          [
            14.2127814,
            37.2978936
          ],
          [
            14.2127869,
            37.2980446
          ]
        ]
      },
      "id": "way/1250924034"
    },
    {
      "type": "Feature",
      "properties": {
        "@id": "way/1250924035",
        "highway": "service",
        "service": "driveway"
      },
      "geometry": {
        "type": "LineString",
        "coordinates": [
          [
            14.2127868,
            37.297839
          ],
          [
            14.2127814,
            37.2978936
          ]
        ]
      },
      "id": "way/1250924035"
    },
    {
      "type": "Feature",
      "properties": {
        "@id": "way/1250925033",
        "highway": "service",
        "service": "driveway"
      },
      "geometry": {
        "type": "LineString",
        "coordinates": [
          [
            14.2128007,
            37.2972308
          ],
          [
            14.2127386,
            37.297445
          ],
          [
            14.2122343,
            37.2974642
          ],
          [
            14.2121874,
            37.2974482
          ]
        ]
      },
      "id": "way/1250925033"
    },
    {
      "type": "Feature",
      "properties": {
        "@id": "way/1250925034",
        "highway": "service",
        "service": "driveway"
      },
      "geometry": {
        "type": "LineString",
        "coordinates": [
          [
            14.213149,
            37.2976786
          ],
          [
            14.2129424,
            37.2976488
          ],
          [
            14.2129196,
            37.2976317
          ],
          [
            14.2129156,
            37.2976135
          ],
          [
            14.2129812,
            37.2973688
          ]
        ]
      },
      "id": "way/1250925034"
    },
    {
      "type": "Feature",
      "properties": {
        "@id": "way/1250925036",
        "highway": "service",
        "service": "driveway"
      },
      "geometry": {
        "type": "LineString",
        "coordinates": [
          [
            14.2131921,
            37.2977594
          ],
          [
            14.213153,
            37.2977351
          ],
          [
            14.2131414,
            37.2977021
          ],
          [
            14.213149,
            37.2976786
          ],
          [
            14.2130028,
            37.2973874
          ],
          [
            14.2129812,
            37.2973688
          ],
          [
            14.2128432,
            37.2972498
          ],
          [
            14.2128007,
            37.2972308
          ],
          [
            14.2127667,
            37.2972156
          ],
          [
            14.2123564,
            37.2971452
          ],
          [
            14.212182,
            37.2971345
          ],
          [
            14.2121176,
            37.2971484
          ],
          [
            14.2120278,
            37.2971921
          ]
        ]
      },
      "id": "way/1250925036"
    },
    {
      "type": "Feature",
      "properties": {
        "@id": "way/1251038010",
        "access": "private",
        "highway": "service",
        "service": "driveway"
      },
      "geometry": {
        "type": "LineString",
        "coordinates": [
          [
            14.2106032,
            37.2992855
          ],
          [
            14.2104875,
            37.2989047
          ]
        ]
      },
      "id": "way/1251038010"
    },
    {
      "type": "Feature",
      "properties": {
        "@id": "way/1251038011",
        "highway": "service",
        "service": "driveway"
      },
      "geometry": {
        "type": "LineString",
        "coordinates": [
          [
            14.2106068,
            37.2992964
          ],
          [
            14.2106034,
            37.2992863
          ],
          [
            14.2106032,
            37.2992855
          ]
        ]
      },
      "id": "way/1251038011"
    },
    {
      "type": "Feature",
      "properties": {
        "@id": "way/1251044769",
        "access": "private",
        "highway": "service",
        "service": "driveway"
      },
      "geometry": {
        "type": "LineString",
        "coordinates": [
          [
            14.2108805,
            37.3001007
          ],
          [
            14.2107081,
            37.3001499
          ],
          [
            14.2106813,
            37.3001905
          ]
        ]
      },
      "id": "way/1251044769"
    },
    {
      "type": "Feature",
      "properties": {
        "@id": "way/1251044770",
        "highway": "service",
        "service": "driveway"
      },
      "geometry": {
        "type": "LineString",
        "coordinates": [
          [
            14.2109319,
            37.3000854
          ],
          [
            14.2108805,
            37.3001007
          ]
        ]
      },
      "id": "way/1251044770"
    },
    {
      "type": "Feature",
      "properties": {
        "@id": "way/1251044773",
        "highway": "service",
        "service": "driveway"
      },
      "geometry": {
        "type": "LineString",
        "coordinates": [
          [
            14.2114231,
            37.3002543
          ],
          [
            14.2113745,
            37.3002555
          ]
        ]
      },
      "id": "way/1251044773"
    },
    {
      "type": "Feature",
      "properties": {
        "@id": "way/1251044774",
        "access": "private",
        "highway": "service",
        "service": "driveway"
      },
      "geometry": {
        "type": "LineString",
        "coordinates": [
          [
            14.2113745,
            37.3002555
          ],
          [
            14.211324,
            37.3002569
          ],
          [
            14.2111748,
            37.3002646
          ],
          [
            14.2111078,
            37.3002529
          ],
          [
            14.2110676,
            37.3001985
          ],
          [
            14.2110193,
            37.3000022
          ],
          [
            14.2113371,
            37.2999734
          ],
          [
            14.2114054,
            37.2999985
          ]
        ]
      },
      "id": "way/1251044774"
    },
    {
      "type": "Feature",
      "properties": {
        "@id": "way/1251044776",
        "highway": "service",
        "service": "driveway"
      },
      "geometry": {
        "type": "LineString",
        "coordinates": [
          [
            14.2114661,
            37.3000086
          ],
          [
            14.2114054,
            37.2999985
          ]
        ]
      },
      "id": "way/1251044776"
    },
    {
      "type": "Feature",
      "properties": {
        "@id": "way/1251044778",
        "access": "private",
        "highway": "service",
        "service": "driveway"
      },
      "geometry": {
        "type": "LineString",
        "coordinates": [
          [
            14.2115013,
            37.2999893
          ],
          [
            14.2117797,
            37.3000128
          ]
        ]
      },
      "id": "way/1251044778"
    },
    {
      "type": "Feature",
      "properties": {
        "@id": "way/1251044779",
        "highway": "service",
        "service": "driveway"
      },
      "geometry": {
        "type": "LineString",
        "coordinates": [
          [
            14.21147,
            37.2999863
          ],
          [
            14.2115013,
            37.2999893
          ]
        ]
      },
      "id": "way/1251044779"
    },
    {
      "type": "Feature",
      "properties": {
        "@id": "way/1251044781",
        "highway": "footway"
      },
      "geometry": {
        "type": "LineString",
        "coordinates": [
          [
            14.2125595,
            37.2994554
          ],
          [
            14.2124204,
            37.2996291
          ]
        ]
      },
      "id": "way/1251044781"
    },
    {
      "type": "Feature",
      "properties": {
        "@id": "way/1251044784",
        "access": "private",
        "highway": "service",
        "service": "driveway"
      },
      "geometry": {
        "type": "LineString",
        "coordinates": [
          [
            14.2114377,
            37.2998074
          ],
          [
            14.2114365,
            37.2996778
          ]
        ]
      },
      "id": "way/1251044784"
    },
    {
      "type": "Feature",
      "properties": {
        "@id": "way/1251044788",
        "highway": "steps"
      },
      "geometry": {
        "type": "LineString",
        "coordinates": [
          [
            14.2120948,
            37.300454
          ],
          [
            14.2121532,
            37.3004833
          ],
          [
            14.2120819,
            37.300559
          ]
        ]
      },
      "id": "way/1251044788"
    },
    {
      "type": "Feature",
      "properties": {
        "@id": "way/1251044789",
        "access": "private",
        "highway": "service",
        "service": "driveway"
      },
      "geometry": {
        "type": "LineString",
        "coordinates": [
          [
            14.2114365,
            37.2996778
          ],
          [
            14.2119956,
            37.2996843
          ],
          [
            14.212056,
            37.2997067
          ],
          [
            14.2120881,
            37.2997291
          ],
          [
            14.2122276,
            37.2997376
          ],
          [
            14.2123215,
            37.2997781
          ]
        ]
      },
      "id": "way/1251044789"
    },
    {
      "type": "Feature",
      "properties": {
        "@id": "way/1251044790",
        "highway": "footway"
      },
      "geometry": {
        "type": "LineString",
        "coordinates": [
          [
            14.2124341,
            37.2996376
          ],
          [
            14.2124204,
            37.2996291
          ],
          [
            14.212404,
            37.2996459
          ]
        ]
      },
      "id": "way/1251044790"
    },
    {
      "type": "Feature",
      "properties": {
        "@id": "way/1251044791",
        "access": "private",
        "highway": "service",
        "service": "driveway"
      },
      "geometry": {
        "type": "LineString",
        "coordinates": [
          [
            14.2114365,
            37.2996778
          ],
          [
            14.2114377,
            37.2995568
          ],
          [
            14.2114565,
            37.2995173
          ],
          [
            14.2114987,
            37.2995093
          ],
          [
            14.2119185,
            37.2995205
          ],
          [
            14.2120586,
            37.2995221
          ],
          [
            14.2121351,
            37.2995328
          ],
          [
            14.2122256,
            37.2995573
          ],
          [
            14.2122323,
            37.2995856
          ],
          [
            14.2123463,
            37.2996128
          ],
          [
            14.212404,
            37.2996459
          ]
        ]
      },
      "id": "way/1251044791"
    },
    {
      "type": "Feature",
      "properties": {
        "@id": "way/1251044796",
        "highway": "footway"
      },
      "geometry": {
        "type": "LineString",
        "coordinates": [
          [
            14.2126259,
            37.2994906
          ],
          [
            14.2125595,
            37.2994554
          ],
          [
            14.2125052,
            37.2994266
          ],
          [
            14.2124717,
            37.2994197
          ],
          [
            14.2123611,
            37.2994133
          ],
          [
            14.212351,
            37.2995931
          ],
          [
            14.2123463,
            37.2996128
          ]
        ]
      },
      "id": "way/1251044796"
    },
    {
      "type": "Feature",
      "properties": {
        "@id": "way/1251044797",
        "highway": "service"
      },
      "geometry": {
        "type": "LineString",
        "coordinates": [
          [
            14.2126259,
            37.2994906
          ],
          [
            14.2127379,
            37.2993722
          ],
          [
            14.2126782,
            37.2993151
          ],
          [
            14.2125656,
            37.2992751
          ],
          [
            14.2124066,
            37.2992794
          ]
        ]
      },
      "id": "way/1251044797"
    },
    {
      "type": "Feature",
      "properties": {
        "@id": "way/1251044799",
        "highway": "steps"
      },
      "geometry": {
        "type": "LineString",
        "coordinates": [
          [
            14.2124341,
            37.2996376
          ],
          [
            14.2124981,
            37.2996755
          ]
        ]
      },
      "id": "way/1251044799"
    },
    {
      "type": "Feature",
      "properties": {
        "@id": "way/1251044801",
        "highway": "footway"
      },
      "geometry": {
        "type": "LineString",
        "coordinates": [
          [
            14.2124099,
            37.2999755
          ],
          [
            14.2124421,
            37.299984
          ],
          [
            14.2124856,
            37.2999507
          ]
        ]
      },
      "id": "way/1251044801"
    },
    {
      "type": "Feature",
      "properties": {
        "@id": "way/1251044802",
        "access": "private",
        "highway": "service",
        "service": "driveway"
      },
      "geometry": {
        "type": "LineString",
        "coordinates": [
          [
            14.2126191,
            37.3000321
          ],
          [
            14.212701,
            37.2999286
          ],
          [
            14.2130336,
            37.3001142
          ],
          [
            14.2131154,
            37.2999691
          ]
        ]
      },
      "id": "way/1251044802"
    },
    {
      "type": "Feature",
      "properties": {
        "@id": "way/1251044803",
        "access": "private",
        "highway": "service",
        "service": "driveway"
      },
      "geometry": {
        "type": "LineString",
        "coordinates": [
          [
            14.213208,
            37.2996116
          ],
          [
            14.2130482,
            37.2995779
          ]
        ]
      },
      "id": "way/1251044803"
    },
    {
      "type": "Feature",
      "properties": {
        "@id": "way/1251044804",
        "highway": "service",
        "service": "driveway"
      },
      "geometry": {
        "type": "LineString",
        "coordinates": [
          [
            14.2132819,
            37.2996274
          ],
          [
            14.213208,
            37.2996116
          ]
        ]
      },
      "id": "way/1251044804"
    },
    {
      "type": "Feature",
      "properties": {
        "@id": "way/1251044805",
        "access": "private",
        "highway": "service",
        "service": "driveway"
      },
      "geometry": {
        "type": "LineString",
        "coordinates": [
          [
            14.2130108,
            37.2997664
          ],
          [
            14.213165,
            37.2998027
          ],
          [
            14.2132187,
            37.2996597
          ],
          [
            14.2132783,
            37.2996534
          ]
        ]
      },
      "id": "way/1251044805"
    },
    {
      "type": "Feature",
      "properties": {
        "@id": "way/1251044806",
        "highway": "residential",
        "surface": "unpaved"
      },
      "geometry": {
        "type": "LineString",
        "coordinates": [
          [
            14.2132965,
            37.299489
          ],
          [
            14.2132819,
            37.2996274
          ],
          [
            14.2132783,
            37.2996534
          ],
          [
            14.2132522,
            37.2998422
          ],
          [
            14.2131988,
            37.3003071
          ]
        ]
      },
      "id": "way/1251044806"
    },
    {
      "type": "Feature",
      "properties": {
        "@id": "way/1251044807",
        "highway": "service"
      },
      "geometry": {
        "type": "LineString",
        "coordinates": [
          [
            14.2108141,
            37.2996928
          ],
          [
            14.2112097,
            37.2996821
          ],
          [
            14.2112164,
            37.2998144
          ]
        ]
      },
      "id": "way/1251044807"
    },
    {
      "type": "Feature",
      "properties": {
        "@id": "way/1251044808",
        "highway": "secondary",
        "name": "Viale della Regione",
        "surface": "asphalt"
      },
      "geometry": {
        "type": "LineString",
        "coordinates": [
          [
            14.2143634,
            37.3008533
          ],
          [
            14.2142079,
            37.3008718
          ],
          [
            14.2137439,
            37.3009266
          ],
          [
            14.2131101,
            37.3009959
          ],
          [
            14.2129846,
            37.3010011
          ],
          [
            14.2128884,
            37.3009908
          ],
          [
            14.2127487,
            37.3009678
          ],
          [
            14.2126132,
            37.3009095
          ],
          [
            14.2124247,
            37.300789
          ],
          [
            14.2122079,
            37.3006438
          ],
          [
            14.2120819,
            37.300559
          ],
          [
            14.2120445,
            37.3005338
          ],
          [
            14.2119544,
            37.3004919
          ],
          [
            14.2117787,
            37.300437
          ],
          [
            14.2115247,
            37.3004067
          ],
          [
            14.2113975,
            37.3004004
          ],
          [
            14.2110178,
            37.3003791
          ],
          [
            14.2107564,
            37.3003649
          ],
          [
            14.2105239,
            37.3003745
          ],
          [
            14.2103484,
            37.3003884
          ]
        ]
      },
      "id": "way/1251044808"
    },
    {
      "type": "Feature",
      "properties": {
        "@id": "way/1251044810",
        "access": "private",
        "highway": "service",
        "service": "driveway"
      },
      "geometry": {
        "type": "LineString",
        "coordinates": [
          [
            14.2105096,
            37.2993319
          ],
          [
            14.2103514,
            37.2993557
          ],
          [
            14.2100497,
            37.2994314
          ]
        ]
      },
      "id": "way/1251044810"
    },
    {
      "type": "Feature",
      "properties": {
        "@id": "way/1251044811",
        "highway": "service",
        "service": "driveway"
      },
      "geometry": {
        "type": "LineString",
        "coordinates": [
          [
            14.2105325,
            37.2993279
          ],
          [
            14.2105096,
            37.2993319
          ]
        ]
      },
      "id": "way/1251044811"
    },
    {
      "type": "Feature",
      "properties": {
        "@id": "way/1251044812",
        "highway": "service",
        "surface": "unpaved"
      },
      "geometry": {
        "type": "LineString",
        "coordinates": [
          [
            14.2111045,
            37.2991732
          ],
          [
            14.2110729,
            37.2991242
          ],
          [
            14.2110179,
            37.2990986
          ],
          [
            14.210798,
            37.2990687
          ]
        ]
      },
      "id": "way/1251044812"
    },
    {
      "type": "Feature",
      "properties": {
        "@id": "way/1251044814",
        "highway": "service",
        "surface": "asphalt"
      },
      "geometry": {
        "type": "LineString",
        "coordinates": [
          [
            14.2105325,
            37.2993279
          ],
          [
            14.2106142,
            37.2993139
          ],
          [
            14.2107081,
            37.2992885
          ],
          [
            14.2109938,
            37.2993247
          ],
          [
            14.2110595,
            37.299201
          ],
          [
            14.2111045,
            37.2991732
          ],
          [
            14.2112808,
            37.2990644
          ]
        ]
      },
      "id": "way/1251044814"
    },
    {
      "type": "Feature",
      "properties": {
        "@id": "way/1251047438",
        "footway": "link",
        "highway": "footway"
      },
      "geometry": {
        "type": "LineString",
        "coordinates": [
          [
            14.2104654,
            37.3007249
          ],
          [
            14.2104768,
            37.3007233
          ],
          [
            14.2105123,
            37.3007159
          ],
          [
            14.2105231,
            37.3007383
          ]
        ]
      },
      "id": "way/1251047438"
    },
    {
      "type": "Feature",
      "properties": {
        "@id": "way/1251047439",
        "highway": "steps"
      },
      "geometry": {
        "type": "LineString",
        "coordinates": [
          [
            14.210407,
            37.3007781
          ],
          [
            14.2104775,
            37.3007633
          ],
          [
            14.2104654,
            37.3007249
          ]
        ]
      },
      "id": "way/1251047439"
    },
    {
      "type": "Feature",
      "properties": {
        "@id": "way/1251047440",
        "highway": "residential",
        "name": "Via Pasubio",
        "surface": "asphalt"
      },
      "geometry": {
        "type": "LineString",
        "coordinates": [
          [
            14.2105239,
            37.3003745
          ],
          [
            14.2106357,
            37.3007137
          ],
          [
            14.2105231,
            37.3007383
          ]
        ]
      },
      "id": "way/1251047440"
    },
    {
      "type": "Feature",
      "properties": {
        "@id": "way/1251047443",
        "highway": "residential",
        "name": "Via Abetone",
        "surface": "asphalt"
      },
      "geometry": {
        "type": "LineString",
        "coordinates": [
          [
            14.2107564,
            37.3003649
          ],
          [
            14.2109274,
            37.3008738
          ]
        ]
      },
      "id": "way/1251047443"
    },
    {
      "type": "Feature",
      "properties": {
        "@id": "way/1251050325",
        "highway": "footway"
      },
      "geometry": {
        "type": "LineString",
        "coordinates": [
          [
            14.2094653,
            37.3004735
          ],
          [
            14.2094562,
            37.3005297
          ],
          [
            14.209424,
            37.3006897
          ]
        ]
      },
      "id": "way/1251050325"
    },
    {
      "type": "Feature",
      "properties": {
        "@id": "way/1251050327",
        "highway": "residential",
        "name": "Via Sicilia",
        "surface": "asphalt"
      },
      "geometry": {
        "type": "LineString",
        "coordinates": [
          [
            14.2100027,
            37.3006882
          ],
          [
            14.210008,
            37.3005761
          ],
          [
            14.2100501,
            37.3004007
          ]
        ]
      },
      "id": "way/1251050327"
    },
    {
      "type": "Feature",
      "properties": {
        "@id": "way/1251050328",
        "highway": "service"
      },
      "geometry": {
        "type": "LineString",
        "coordinates": [
          [
            14.2097609,
            37.3003488
          ],
          [
            14.209701,
            37.3005175
          ]
        ]
      },
      "id": "way/1251050328"
    },
    {
      "type": "Feature",
      "properties": {
        "@id": "way/1251050329",
        "highway": "residential",
        "name": "Via Lombardia",
        "surface": "asphalt"
      },
      "geometry": {
        "type": "LineString",
        "coordinates": [
          [
            14.209341,
            37.3004536
          ],
          [
            14.2094653,
            37.3004735
          ],
          [
            14.2094998,
            37.300479
          ],
          [
            14.209701,
            37.3005175
          ],
          [
            14.210008,
            37.3005761
          ]
        ]
      },
      "id": "way/1251050329"
    },
    {
      "type": "Feature",
      "properties": {
        "@id": "way/1251050331",
        "access": "private",
        "highway": "service",
        "service": "driveway"
      },
      "geometry": {
        "type": "LineString",
        "coordinates": [
          [
            14.2097948,
            37.3000014
          ],
          [
            14.209768,
            37.2998838
          ],
          [
            14.2094395,
            37.2999126
          ]
        ]
      },
      "id": "way/1251050331"
    },
    {
      "type": "Feature",
      "properties": {
        "@id": "way/1251050332",
        "highway": "residential",
        "name": "Via Molise",
        "surface": "asphalt"
      },
      "geometry": {
        "type": "LineString",
        "coordinates": [
          [
            14.2098284,
            37.3003659
          ],
          [
            14.2098297,
            37.3002913
          ],
          [
            14.2097962,
            37.3000128
          ]
        ]
      },
      "id": "way/1251050332"
    },
    {
      "type": "Feature",
      "properties": {
        "@id": "way/1251050334",
        "highway": "service",
        "service": "driveway"
      },
      "geometry": {
        "type": "LineString",
        "coordinates": [
          [
            14.2097962,
            37.3000128
          ],
          [
            14.2097948,
            37.3000014
          ]
        ]
      },
      "id": "way/1251050334"
    },
    {
      "type": "Feature",
      "properties": {
        "@id": "way/1251050697",
        "access": "private",
        "highway": "service",
        "service": "driveway"
      },
      "geometry": {
        "type": "LineString",
        "coordinates": [
          [
            14.2099081,
            37.2993272
          ],
          [
            14.2102817,
            37.2992351
          ],
          [
            14.2103298,
            37.2993183
          ],
          [
            14.2103514,
            37.2993557
          ]
        ]
      },
      "id": "way/1251050697"
    },
    {
      "type": "Feature",
      "properties": {
        "@id": "way/1251050698",
        "highway": "service",
        "service": "driveway"
      },
      "geometry": {
        "type": "LineString",
        "coordinates": [
          [
            14.2098552,
            37.2993493
          ],
          [
            14.2099081,
            37.2993272
          ]
        ]
      },
      "id": "way/1251050698"
    },
    {
      "type": "Feature",
      "properties": {
        "@id": "way/1251050700",
        "highway": "residential",
        "maxheight": "3.8",
        "name": "Viale della Pace",
        "surface": "asphalt"
      },
      "geometry": {
        "type": "LineString",
        "coordinates": [
          [
            14.2098068,
            37.2992679
          ],
          [
            14.2098552,
            37.2993493
          ],
          [
            14.2100014,
            37.2996299
          ],
          [
            14.2100998,
            37.2998451
          ],
          [
            14.2102561,
            37.3003213
          ],
          [
            14.2103721,
            37.3006748
          ]
        ]
      },
      "id": "way/1251050700"
    },
    {
      "type": "Feature",
      "properties": {
        "@id": "way/1251050702",
        "access": "private",
        "highway": "service",
        "service": "driveway"
      },
      "geometry": {
        "type": "LineString",
        "coordinates": [
          [
            14.2102561,
            37.3003213
          ],
          [
            14.210328,
            37.3003126
          ],
          [
            14.210397,
            37.300303
          ],
          [
            14.2104245,
            37.3002827
          ],
          [
            14.2104413,
            37.3002321
          ],
          [
            14.2104506,
            37.3001947
          ],
          [
            14.2105713,
            37.3001659
          ]
        ]
      },
      "id": "way/1251050702"
    },
    {
      "type": "Feature",
      "properties": {
        "@id": "way/1251054788",
        "access": "private",
        "highway": "service",
        "service": "driveway"
      },
      "geometry": {
        "type": "LineString",
        "coordinates": [
          [
            14.2067506,
            37.2960175
          ],
          [
            14.2068525,
            37.2959834
          ]
        ]
      },
      "id": "way/1251054788"
    },
    {
      "type": "Feature",
      "properties": {
        "@id": "way/1251054789",
        "highway": "service",
        "service": "driveway"
      },
      "geometry": {
        "type": "LineString",
        "coordinates": [
          [
            14.2067251,
            37.296025
          ],
          [
            14.2067506,
            37.2960175
          ]
        ]
      },
      "id": "way/1251054789"
    },
    {
      "type": "Feature",
      "properties": {
        "@id": "way/1251054798",
        "access": "private",
        "highway": "service",
        "service": "driveway"
      },
      "geometry": {
        "type": "LineString",
        "coordinates": [
          [
            14.2078811,
            37.2962053
          ],
          [
            14.20711,
            37.2960005
          ],
          [
            14.2069933,
            37.2959674
          ],
          [
            14.2069128,
            37.2959674
          ],
          [
            14.2068525,
            37.2959834
          ]
        ]
      },
      "id": "way/1251054798"
    },
    {
      "type": "Feature",
      "properties": {
        "@id": "way/1251054803",
        "highway": "service",
        "service": "driveway"
      },
      "geometry": {
        "type": "LineString",
        "coordinates": [
          [
            14.2084945,
            37.296389
          ],
          [
            14.208089,
            37.2962618
          ],
          [
            14.2078811,
            37.2962053
          ]
        ]
      },
      "id": "way/1251054803"
    },
    {
      "type": "Feature",
      "properties": {
        "@id": "way/1251055014",
        "access": "private",
        "highway": "service",
        "service": "driveway"
      },
      "geometry": {
        "type": "LineString",
        "coordinates": [
          [
            14.2088165,
            37.2996053
          ],
          [
            14.2089124,
            37.2995872
          ],
          [
            14.2089392,
            37.2995562
          ],
          [
            14.2089298,
            37.2994304
          ]
        ]
      },
      "id": "way/1251055014"
    },
    {
      "type": "Feature",
      "properties": {
        "@id": "way/1251055015",
        "highway": "service",
        "service": "driveway"
      },
      "geometry": {
        "type": "LineString",
        "coordinates": [
          [
            14.208791,
            37.299608
          ],
          [
            14.2088165,
            37.2996053
          ]
        ]
      },
      "id": "way/1251055015"
    },
    {
      "type": "Feature",
      "properties": {
        "@id": "way/1251055230",
        "highway": "track"
      },
      "geometry": {
        "type": "LineString",
        "coordinates": [
          [
            14.2104679,
            37.2962649
          ],
          [
            14.2104229,
            37.296256
          ],
          [
            14.2103058,
            37.2962469
          ],
          [
            14.2102495,
            37.2962832
          ],
          [
            14.2101154,
            37.2966907
          ]
        ]
      },
      "id": "way/1251055230"
    },
    {
      "type": "Feature",
      "properties": {
        "@id": "way/1251055818",
        "access": "private",
        "highway": "service",
        "service": "driveway"
      },
      "geometry": {
        "type": "LineString",
        "coordinates": [
          [
            14.2125109,
            37.2988404
          ],
          [
            14.2131141,
            37.298961
          ]
        ]
      },
      "id": "way/1251055818"
    },
    {
      "type": "Feature",
      "properties": {
        "@id": "way/1251055819",
        "access": "private",
        "highway": "service",
        "service": "driveway"
      },
      "geometry": {
        "type": "LineString",
        "coordinates": [
          [
            14.2131139,
            37.2990076
          ],
          [
            14.2131141,
            37.298961
          ]
        ]
      },
      "id": "way/1251055819"
    },
    {
      "type": "Feature",
      "properties": {
        "@id": "way/1251055820",
        "highway": "service",
        "service": "driveway"
      },
      "geometry": {
        "type": "LineString",
        "coordinates": [
          [
            14.2131145,
            37.2990372
          ],
          [
            14.2131139,
            37.2990076
          ]
        ]
      },
      "id": "way/1251055820"
    },
    {
      "type": "Feature",
      "properties": {
        "@id": "way/1251055821",
        "highway": "service",
        "service": "driveway"
      },
      "geometry": {
        "type": "LineString",
        "coordinates": [
          [
            14.2124828,
            37.2988393
          ],
          [
            14.2125109,
            37.2988404
          ]
        ]
      },
      "id": "way/1251055821"
    },
    {
      "type": "Feature",
      "properties": {
        "@id": "way/1251056163",
        "access": "private",
        "highway": "service",
        "service": "driveway"
      },
      "geometry": {
        "type": "LineString",
        "coordinates": [
          [
            14.2129288,
            37.2990458
          ],
          [
            14.2128754,
            37.2992597
          ],
          [
            14.2131503,
            37.2993109
          ]
        ]
      },
      "id": "way/1251056163"
    },
    {
      "type": "Feature",
      "properties": {
        "@id": "way/1251056164",
        "highway": "service",
        "service": "driveway"
      },
      "geometry": {
        "type": "LineString",
        "coordinates": [
          [
            14.21294,
            37.2990081
          ],
          [
            14.2129288,
            37.2990458
          ]
        ]
      },
      "id": "way/1251056164"
    },
    {
      "type": "Feature",
      "properties": {
        "@id": "way/1251058636",
        "access": "private",
        "highway": "service",
        "service": "driveway"
      },
      "geometry": {
        "type": "LineString",
        "coordinates": [
          [
            14.2184131,
            37.3028127
          ],
          [
            14.2184383,
            37.3026948
          ],
          [
            14.2184369,
            37.3026542
          ],
          [
            14.2183927,
            37.302619
          ],
          [
            14.218331,
            37.3025892
          ],
          [
            14.2182559,
            37.30257
          ],
          [
            14.2181191,
            37.3027054
          ],
          [
            14.2181285,
            37.3027694
          ],
          [
            14.2180762,
            37.3028494
          ]
        ]
      },
      "id": "way/1251058636"
    },
    {
      "type": "Feature",
      "properties": {
        "@id": "way/1251058637",
        "highway": "service",
        "service": "driveway"
      },
      "geometry": {
        "type": "LineString",
        "coordinates": [
          [
            14.2183896,
            37.3029077
          ],
          [
            14.2184131,
            37.3028127
          ]
        ]
      },
      "id": "way/1251058637"
    },
    {
      "type": "Feature",
      "properties": {
        "@id": "way/1251058638",
        "access": "private",
        "highway": "service",
        "service": "driveway"
      },
      "geometry": {
        "type": "LineString",
        "coordinates": [
          [
            14.220586,
            37.3030112
          ],
          [
            14.2204633,
            37.3029903
          ],
          [
            14.2199698,
            37.3028815
          ]
        ]
      },
      "id": "way/1251058638"
    },
    {
      "type": "Feature",
      "properties": {
        "@id": "way/1251058639",
        "highway": "service",
        "service": "driveway"
      },
      "geometry": {
        "type": "LineString",
        "coordinates": [
          [
            14.22069,
            37.3030362
          ],
          [
            14.220586,
            37.3030112
          ]
        ]
      },
      "id": "way/1251058639"
    },
    {
      "type": "Feature",
      "properties": {
        "@id": "way/1251058640",
        "access": "private",
        "highway": "service",
        "service": "driveway"
      },
      "geometry": {
        "type": "LineString",
        "coordinates": [
          [
            14.2193633,
            37.302812
          ],
          [
            14.2198679,
            37.3029199
          ]
        ]
      },
      "id": "way/1251058640"
    },
    {
      "type": "Feature",
      "properties": {
        "@id": "way/1251058641",
        "highway": "service",
        "service": "driveway"
      },
      "geometry": {
        "type": "LineString",
        "coordinates": [
          [
            14.2192336,
            37.3030453
          ],
          [
            14.2193261,
            37.3027993
          ],
          [
            14.2193633,
            37.302812
          ]
        ]
      },
      "id": "way/1251058641"
    },
    {
      "type": "Feature",
      "properties": {
        "@id": "way/1251062411",
        "highway": "service",
        "incline": "up",
        "name": "Via Ippolito Nievo"
      },
      "geometry": {
        "type": "LineString",
        "coordinates": [
          [
            14.2169318,
            37.3024641
          ],
          [
            14.2168041,
            37.3025614
          ],
          [
            14.2167559,
            37.302596
          ]
        ]
      },
      "id": "way/1251062411"
    },
    {
      "type": "Feature",
      "properties": {
        "@id": "way/1251062412",
        "access": "private",
        "highway": "service",
        "service": "driveway"
      },
      "geometry": {
        "type": "LineString",
        "coordinates": [
          [
            14.2176897,
            37.3028413
          ],
          [
            14.2177704,
            37.3027758
          ],
          [
            14.2177905,
            37.3026596
          ],
          [
            14.2175934,
            37.3025113
          ]
        ]
      },
      "id": "way/1251062412"
    },
    {
      "type": "Feature",
      "properties": {
        "@id": "way/1251062413",
        "highway": "service",
        "service": "driveway"
      },
      "geometry": {
        "type": "LineString",
        "coordinates": [
          [
            14.2176579,
            37.302861
          ],
          [
            14.2176897,
            37.3028413
          ]
        ]
      },
      "id": "way/1251062413"
    },
    {
      "type": "Feature",
      "properties": {
        "@id": "way/1251062414",
        "access": "private",
        "highway": "service",
        "service": "driveway"
      },
      "geometry": {
        "type": "LineString",
        "coordinates": [
          [
            14.2173616,
            37.3025663
          ],
          [
            14.2174995,
            37.3024579
          ],
          [
            14.2174566,
            37.3024195
          ]
        ]
      },
      "id": "way/1251062414"
    },
    {
      "type": "Feature",
      "properties": {
        "@id": "way/1251062415",
        "highway": "service",
        "service": "driveway"
      },
      "geometry": {
        "type": "LineString",
        "coordinates": [
          [
            14.217325,
            37.3025962
          ],
          [
            14.2173616,
            37.3025663
          ]
        ]
      },
      "id": "way/1251062415"
    },
    {
      "type": "Feature",
      "properties": {
        "@id": "way/1251062416",
        "footway": "link",
        "highway": "footway"
      },
      "geometry": {
        "type": "LineString",
        "coordinates": [
          [
            14.2172579,
            37.3024954
          ],
          [
            14.2172304,
            37.3025187
          ]
        ]
      },
      "id": "way/1251062416"
    },
    {
      "type": "Feature",
      "properties": {
        "@id": "way/1251062417",
        "highway": "steps"
      },
      "geometry": {
        "type": "LineString",
        "coordinates": [
          [
            14.2172043,
            37.3024485
          ],
          [
            14.2172579,
            37.3024954
          ]
        ]
      },
      "id": "way/1251062417"
    },
    {
      "type": "Feature",
      "properties": {
        "@id": "way/1251062418",
        "highway": "residential",
        "name": "Via Cesare Abba",
        "surface": "sett"
      },
      "geometry": {
        "type": "LineString",
        "coordinates": [
          [
            14.2172304,
            37.3025187
          ],
          [
            14.2172946,
            37.3025726
          ],
          [
            14.217325,
            37.3025962
          ],
          [
            14.2175366,
            37.3027645
          ],
          [
            14.2176579,
            37.302861
          ],
          [
            14.2176674,
            37.3028696
          ],
          [
            14.2179249,
            37.3031024
          ]
        ]
      },
      "id": "way/1251062418"
    },
    {
      "type": "Feature",
      "properties": {
        "@id": "way/1251065209",
        "access": "private",
        "highway": "service",
        "service": "driveway"
      },
      "geometry": {
        "type": "LineString",
        "coordinates": [
          [
            14.2175012,
            37.3027878
          ],
          [
            14.2174043,
            37.3028644
          ]
        ]
      },
      "id": "way/1251065209"
    },
    {
      "type": "Feature",
      "properties": {
        "@id": "way/1251065210",
        "highway": "service",
        "service": "driveway"
      },
      "geometry": {
        "type": "LineString",
        "coordinates": [
          [
            14.2175366,
            37.3027645
          ],
          [
            14.2175012,
            37.3027878
          ]
        ]
      },
      "id": "way/1251065210"
    },
    {
      "type": "Feature",
      "properties": {
        "@id": "way/1251065211",
        "access": "private",
        "highway": "service",
        "service": "driveway"
      },
      "geometry": {
        "type": "LineString",
        "coordinates": [
          [
            14.2173058,
            37.3029416
          ],
          [
            14.2174043,
            37.3028644
          ]
        ]
      },
      "id": "way/1251065211"
    },
    {
      "type": "Feature",
      "properties": {
        "@id": "way/1251065212",
        "highway": "service",
        "service": "driveway"
      },
      "geometry": {
        "type": "LineString",
        "coordinates": [
          [
            14.2172411,
            37.3029944
          ],
          [
            14.2173058,
            37.3029416
          ]
        ]
      },
      "id": "way/1251065212"
    },
    {
      "type": "Feature",
      "properties": {
        "@id": "way/1251077043",
        "highway": "service",
        "service": "driveway"
      },
      "geometry": {
        "type": "LineString",
        "coordinates": [
          [
            14.1995818,
            37.3018616
          ],
          [
            14.1995621,
            37.30195
          ],
          [
            14.1995478,
            37.3020172
          ]
        ]
      },
      "id": "way/1251077043"
    },
    {
      "type": "Feature",
      "properties": {
        "@id": "way/1251077053",
        "highway": "service",
        "service": "driveway"
      },
      "geometry": {
        "type": "LineString",
        "coordinates": [
          [
            14.2001973,
            37.3019267
          ],
          [
            14.2001797,
            37.3020153
          ],
          [
            14.2001639,
            37.3020951
          ],
          [
            14.1995478,
            37.3020172
          ],
          [
            14.1988259,
            37.3019258
          ]
        ]
      },
      "id": "way/1251077053"
    },
    {
      "type": "Feature",
      "properties": {
        "@id": "way/1251077056",
        "highway": "residential"
      },
      "geometry": {
        "type": "LineString",
        "coordinates": [
          [
            14.2171268,
            37.3050715
          ],
          [
            14.217293,
            37.3050811
          ]
        ]
      },
      "id": "way/1251077056"
    },
    {
      "type": "Feature",
      "properties": {
        "@id": "way/1251083944",
        "access": "private",
        "highway": "service",
        "service": "driveway"
      },
      "geometry": {
        "type": "LineString",
        "coordinates": [
          [
            14.1984067,
            37.3020784
          ],
          [
            14.1981252,
            37.302108
          ],
          [
            14.1981286,
            37.302188
          ],
          [
            14.1981956,
            37.3023875
          ],
          [
            14.1983445,
            37.3026212
          ]
        ]
      },
      "id": "way/1251083944"
    },
    {
      "type": "Feature",
      "properties": {
        "@id": "way/1251083947",
        "highway": "service",
        "service": "driveway"
      },
      "geometry": {
        "type": "LineString",
        "coordinates": [
          [
            14.1984894,
            37.3020712
          ],
          [
            14.1984067,
            37.3020784
          ]
        ]
      },
      "id": "way/1251083947"
    },
    {
      "type": "Feature",
      "properties": {
        "@id": "way/1251083951",
        "highway": "service"
      },
      "geometry": {
        "type": "LineString",
        "coordinates": [
          [
            14.1977785,
            37.3025035
          ],
          [
            14.1976525,
            37.3025422
          ],
          [
            14.197116,
            37.302682
          ]
        ]
      },
      "id": "way/1251083951"
    },
    {
      "type": "Feature",
      "properties": {
        "@id": "way/1251083952",
        "access": "private",
        "highway": "service",
        "service": "driveway"
      },
      "geometry": {
        "type": "LineString",
        "coordinates": [
          [
            14.197781,
            37.3021114
          ],
          [
            14.1979851,
            37.3021155
          ],
          [
            14.1980414,
            37.3021112
          ],
          [
            14.1980924,
            37.3022915
          ],
          [
            14.1981728,
            37.3024857
          ],
          [
            14.1982251,
            37.3026009
          ],
          [
            14.1982895,
            37.3027065
          ]
        ]
      },
      "id": "way/1251083952"
    },
    {
      "type": "Feature",
      "properties": {
        "@id": "way/1251083953",
        "highway": "service",
        "service": "driveway"
      },
      "geometry": {
        "type": "LineString",
        "coordinates": [
          [
            14.1976827,
            37.3021152
          ],
          [
            14.197781,
            37.3021114
          ]
        ]
      },
      "id": "way/1251083953"
    },
    {
      "type": "Feature",
      "properties": {
        "@id": "way/1251083981",
        "highway": "footway"
      },
      "geometry": {
        "type": "LineString",
        "coordinates": [
          [
            14.1986328,
            37.3020195
          ],
          [
            14.1987449,
            37.3020293
          ],
          [
            14.1988133,
            37.3020348
          ]
        ]
      },
      "id": "way/1251083981"
    },
    {
      "type": "Feature",
      "properties": {
        "@id": "way/1251083982",
        "highway": "footway"
      },
      "geometry": {
        "type": "LineString",
        "coordinates": [
          [
            14.198795,
            37.3021877
          ],
          [
            14.1987312,
            37.302181
          ],
          [
            14.1986637,
            37.3021699
          ],
          [
            14.1986328,
            37.3020195
          ],
          [
            14.1986489,
            37.3019448
          ],
          [
            14.1987106,
            37.3019299
          ],
          [
            14.1987548,
            37.3019194
          ],
          [
            14.1988259,
            37.3019258
          ]
        ]
      },
      "id": "way/1251083982"
    },
    {
      "type": "Feature",
      "properties": {
        "@id": "way/1251083985",
        "highway": "service",
        "service": "driveway"
      },
      "geometry": {
        "type": "LineString",
        "coordinates": [
          [
            14.1988445,
            37.3017739
          ],
          [
            14.1988382,
            37.3018267
          ],
          [
            14.1988259,
            37.3019258
          ],
          [
            14.1988133,
            37.3020348
          ],
          [
            14.198795,
            37.3021877
          ],
          [
            14.1987741,
            37.302363
          ]
        ]
      },
      "id": "way/1251083985"
    },
    {
      "type": "Feature",
      "properties": {
        "@id": "way/1251084899",
        "access": "private",
        "highway": "service",
        "service": "driveway"
      },
      "geometry": {
        "type": "LineString",
        "coordinates": [
          [
            14.1987448,
            37.303177
          ],
          [
            14.1988005,
            37.3031876
          ],
          [
            14.1987321,
            37.3032719
          ]
        ]
      },
      "id": "way/1251084899"
    },
    {
      "type": "Feature",
      "properties": {
        "@id": "way/1251084900",
        "highway": "service",
        "service": "driveway"
      },
      "geometry": {
        "type": "LineString",
        "coordinates": [
          [
            14.1987127,
            37.3031586
          ],
          [
            14.1987448,
            37.303177
          ]
        ]
      },
      "id": "way/1251084900"
    },
    {
      "type": "Feature",
      "properties": {
        "@id": "way/1251128947",
        "access": "private",
        "highway": "service",
        "service": "driveway"
      },
      "geometry": {
        "type": "LineString",
        "coordinates": [
          [
            14.2012868,
            37.302581
          ],
          [
            14.2013265,
            37.3026018
          ],
          [
            14.2019125,
            37.302909
          ],
          [
            14.2019557,
            37.3029316
          ]
        ]
      },
      "id": "way/1251128947"
    },
    {
      "type": "Feature",
      "properties": {
        "@id": "way/1251133969",
        "access": "private",
        "highway": "service",
        "service": "driveway"
      },
      "geometry": {
        "type": "LineString",
        "coordinates": [
          [
            14.2012607,
            37.3035549
          ],
          [
            14.2013794,
            37.3037221
          ],
          [
            14.201425,
            37.3037007
          ],
          [
            14.2015135,
            37.3038479
          ],
          [
            14.2015108,
            37.3038671
          ],
          [
            14.2011099,
            37.3040346
          ]
        ]
      },
      "id": "way/1251133969"
    },
    {
      "type": "Feature",
      "properties": {
        "@id": "way/1251133970",
        "highway": "service",
        "service": "driveway"
      },
      "geometry": {
        "type": "LineString",
        "coordinates": [
          [
            14.2012104,
            37.3034895
          ],
          [
            14.2012607,
            37.3035549
          ]
        ]
      },
      "id": "way/1251133970"
    },
    {
      "type": "Feature",
      "properties": {
        "@id": "way/1251133973",
        "access": "private",
        "highway": "service",
        "service": "driveway"
      },
      "geometry": {
        "type": "LineString",
        "coordinates": [
          [
            14.2015226,
            37.3033698
          ],
          [
            14.2016141,
            37.3034564
          ],
          [
            14.2016731,
            37.3034735
          ],
          [
            14.201826,
            37.3033743
          ],
          [
            14.2019427,
            37.303481
          ]
        ]
      },
      "id": "way/1251133973"
    },
    {
      "type": "Feature",
      "properties": {
        "@id": "way/1251133974",
        "highway": "service",
        "service": "driveway"
      },
      "geometry": {
        "type": "LineString",
        "coordinates": [
          [
            14.2014988,
            37.3033348
          ],
          [
            14.2015226,
            37.3033698
          ]
        ]
      },
      "id": "way/1251133974"
    },
    {
      "type": "Feature",
      "properties": {
        "@id": "way/1251144916",
        "access": "private",
        "highway": "service",
        "service": "driveway"
      },
      "geometry": {
        "type": "LineString",
        "coordinates": [
          [
            14.2032073,
            37.3028057
          ],
          [
            14.2032817,
            37.3028455
          ],
          [
            14.2033522,
            37.3028841
          ],
          [
            14.2036727,
            37.302507
          ]
        ]
      },
      "id": "way/1251144916"
    },
    {
      "type": "Feature",
      "properties": {
        "@id": "way/1251144928",
        "highway": "residential",
        "name": "Via degli Ulivi",
        "surface": "concrete:plates"
      },
      "geometry": {
        "type": "LineString",
        "coordinates": [
          [
            14.2031379,
            37.3022299
          ],
          [
            14.2031121,
            37.3023395
          ],
          [
            14.2030417,
            37.3025337
          ],
          [
            14.2029934,
            37.3026654
          ],
          [
            14.2031778,
            37.302762
          ],
          [
            14.2032,
            37.3027833
          ],
          [
            14.2032073,
            37.3028057
          ],
          [
            14.203206,
            37.3028473
          ],
          [
            14.202923,
            37.3031577
          ],
          [
            14.2028801,
            37.3031737
          ],
          [
            14.2028318,
            37.3031705
          ],
          [
            14.2027956,
            37.3031567
          ],
          [
            14.2026053,
            37.3030611
          ],
          [
            14.2023861,
            37.3029465
          ],
          [
            14.2023329,
            37.3029188
          ]
        ]
      },
      "id": "way/1251144928"
    },
    {
      "type": "Feature",
      "properties": {
        "@id": "way/1251144936",
        "highway": "service",
        "service": "driveway"
      },
      "geometry": {
        "type": "LineString",
        "coordinates": [
          [
            14.2023981,
            37.3015414
          ],
          [
            14.202459,
            37.301564
          ],
          [
            14.2024885,
            37.3015954
          ],
          [
            14.2025019,
            37.3016323
          ],
          [
            14.2025194,
            37.3016899
          ],
          [
            14.202522,
            37.301724
          ]
        ]
      },
      "id": "way/1251144936"
    },
    {
      "type": "Feature",
      "properties": {
        "@id": "way/1251144942",
        "access": "private",
        "highway": "service",
        "service": "driveway"
      },
      "geometry": {
        "type": "LineString",
        "coordinates": [
          [
            14.2016079,
            37.3014603
          ],
          [
            14.2016879,
            37.3014701
          ],
          [
            14.2017985,
            37.301461
          ],
          [
            14.2018475,
            37.3014536
          ],
          [
            14.2018575,
            37.3014045
          ],
          [
            14.2018394,
            37.3012914
          ],
          [
            14.2018421,
            37.3012445
          ],
          [
            14.2018723,
            37.3012199
          ],
          [
            14.2019232,
            37.3011927
          ],
          [
            14.2019762,
            37.3011751
          ],
          [
            14.2020795,
            37.3011378
          ]
        ]
      },
      "id": "way/1251144942"
    },
    {
      "type": "Feature",
      "properties": {
        "@id": "way/1251144946",
        "access": "private",
        "highway": "service",
        "service": "driveway"
      },
      "geometry": {
        "type": "LineString",
        "coordinates": [
          [
            14.2024561,
            37.3011266
          ],
          [
            14.2024152,
            37.3011182
          ],
          [
            14.2022739,
            37.3011106
          ],
          [
            14.2022578,
            37.3010893
          ],
          [
            14.2021425,
            37.3011223
          ]
        ]
      },
      "id": "way/1251144946"
    },
    {
      "type": "Feature",
      "properties": {
        "@id": "way/1251144948",
        "access": "private",
        "highway": "service",
        "service": "driveway"
      },
      "geometry": {
        "type": "LineString",
        "coordinates": [
          [
            14.2016642,
            37.3015046
          ],
          [
            14.2017737,
            37.3015064
          ],
          [
            14.2017965,
            37.3015256
          ],
          [
            14.2018783,
            37.3016504
          ],
          [
            14.2018649,
            37.3016835
          ],
          [
            14.2018193,
            37.3017411
          ],
          [
            14.2017992,
            37.3018584
          ],
          [
            14.2019252,
            37.3018691
          ]
        ]
      },
      "id": "way/1251144948"
    },
    {
      "type": "Feature",
      "properties": {
        "@id": "way/1251144949",
        "highway": "service",
        "service": "driveway"
      },
      "geometry": {
        "type": "LineString",
        "coordinates": [
          [
            14.2016023,
            37.301496
          ],
          [
            14.2016642,
            37.3015046
          ]
        ]
      },
      "id": "way/1251144949"
    },
    {
      "type": "Feature",
      "properties": {
        "@id": "way/1251145690",
        "highway": "track"
      },
      "geometry": {
        "type": "LineString",
        "coordinates": [
          [
            14.2064379,
            37.3034954
          ],
          [
            14.2064015,
            37.3034931
          ],
          [
            14.2061403,
            37.3034287
          ],
          [
            14.2057903,
            37.3033391
          ],
          [
            14.2051828,
            37.30321
          ],
          [
            14.2051077,
            37.3032036
          ],
          [
            14.205042,
            37.3032143
          ],
          [
            14.2049897,
            37.3032612
          ]
        ]
      },
      "id": "way/1251145690"
    },
    {
      "type": "Feature",
      "properties": {
        "@id": "way/1251150172",
        "access": "private",
        "highway": "service",
        "service": "driveway"
      },
      "geometry": {
        "type": "LineString",
        "coordinates": [
          [
            14.2159156,
            37.3004577
          ],
          [
            14.2159559,
            37.300447
          ],
          [
            14.2159921,
            37.3004246
          ],
          [
            14.216035,
            37.300287
          ],
          [
            14.2161021,
            37.3002326
          ],
          [
            14.2161678,
            37.3002027
          ]
        ]
      },
      "id": "way/1251150172"
    },
    {
      "type": "Feature",
      "properties": {
        "@id": "way/1251160059",
        "highway": "steps",
        "name": "Via Italia"
      },
      "geometry": {
        "type": "LineString",
        "coordinates": [
          [
            14.2198108,
            37.3057505
          ],
          [
            14.2198149,
            37.3058177
          ]
        ]
      },
      "id": "way/1251160059"
    },
    {
      "type": "Feature",
      "properties": {
        "@id": "way/1251160061",
        "highway": "steps",
        "name": "Via Samperi"
      },
      "geometry": {
        "type": "LineString",
        "coordinates": [
          [
            14.217158,
            37.3063358
          ],
          [
            14.2171247,
            37.3062635
          ]
        ]
      },
      "id": "way/1251160061"
    },
    {
      "type": "Feature",
      "properties": {
        "@id": "way/1251160062",
        "highway": "steps"
      },
      "geometry": {
        "type": "LineString",
        "coordinates": [
          [
            14.2144089,
            37.3051499
          ],
          [
            14.214372,
            37.3051467
          ]
        ]
      },
      "id": "way/1251160062"
    },
    {
      "type": "Feature",
      "properties": {
        "@id": "way/1251160063",
        "highway": "footway"
      },
      "geometry": {
        "type": "LineString",
        "coordinates": [
          [
            14.214372,
            37.3051467
          ],
          [
            14.2142667,
            37.3051377
          ]
        ]
      },
      "id": "way/1251160063"
    },
    {
      "type": "Feature",
      "properties": {
        "@id": "way/1251160064",
        "highway": "steps"
      },
      "geometry": {
        "type": "LineString",
        "coordinates": [
          [
            14.2142303,
            37.3051345
          ],
          [
            14.2142667,
            37.3051377
          ]
        ]
      },
      "id": "way/1251160064"
    },
    {
      "type": "Feature",
      "properties": {
        "@id": "way/1251160065",
        "highway": "footway"
      },
      "geometry": {
        "type": "LineString",
        "coordinates": [
          [
            14.2142303,
            37.3051345
          ],
          [
            14.2142078,
            37.3051326
          ]
        ]
      },
      "id": "way/1251160065"
    },
    {
      "type": "Feature",
      "properties": {
        "@id": "way/1251160066",
        "highway": "footway"
      },
      "geometry": {
        "type": "LineString",
        "coordinates": [
          [
            14.2144294,
            37.3051517
          ],
          [
            14.2144089,
            37.3051499
          ]
        ]
      },
      "id": "way/1251160066"
    },
    {
      "type": "Feature",
      "properties": {
        "@id": "way/1251160067",
        "highway": "pedestrian",
        "name": "Via Paraninfo"
      },
      "geometry": {
        "type": "LineString",
        "coordinates": [
          [
            14.2144203,
            37.3052171
          ],
          [
            14.2144029,
            37.3053467
          ],
          [
            14.214452,
            37.3053538
          ]
        ]
      },
      "id": "way/1251160067"
    },
    {
      "type": "Feature",
      "properties": {
        "@id": "way/1251192341",
        "highway": "residential",
        "name": "Via Pozzillo",
        "narrow": "yes",
        "surface": "sett"
      },
      "geometry": {
        "type": "LineString",
        "coordinates": [
          [
            14.2127118,
            37.3021976
          ],
          [
            14.2127009,
            37.3021727
          ],
          [
            14.2127191,
            37.3020831
          ]
        ]
      },
      "id": "way/1251192341"
    },
    {
      "type": "Feature",
      "properties": {
        "@id": "way/1251192343",
        "footway": "sidewalk",
        "highway": "footway"
      },
      "geometry": {
        "type": "LineString",
        "coordinates": [
          [
            14.2180846,
            37.3050047
          ],
          [
            14.2180715,
            37.3050155
          ],
          [
            14.2180559,
            37.3050269
          ],
          [
            14.2180626,
            37.305048
          ],
          [
            14.2180581,
            37.3050795
          ],
          [
            14.2180466,
            37.3051148
          ],
          [
            14.218033,
            37.3051444
          ],
          [
            14.2180198,
            37.3051706
          ],
          [
            14.217996,
            37.3051919
          ],
          [
            14.2179681,
            37.3052092
          ],
          [
            14.2179487,
            37.3052174
          ],
          [
            14.2179152,
            37.3052283
          ]
        ]
      },
      "id": "way/1251192343"
    },
    {
      "type": "Feature",
      "properties": {
        "@id": "way/1251192345",
        "crossing": "unmarked",
        "footway": "crossing",
        "highway": "footway"
      },
      "geometry": {
        "type": "LineString",
        "coordinates": [
          [
            14.2183929,
            37.3053335
          ],
          [
            14.2184209,
            37.3053433
          ],
          [
            14.2184392,
            37.3053502
          ]
        ]
      },
      "id": "way/1251192345"
    },
    {
      "type": "Feature",
      "properties": {
        "@id": "way/1251192347",
        "crossing": "unmarked",
        "footway": "crossing",
        "highway": "footway"
      },
      "geometry": {
        "type": "LineString",
        "coordinates": [
          [
            14.2191598,
            37.3055889
          ],
          [
            14.2191585,
            37.3055647
          ],
          [
            14.2191678,
            37.3055379
          ]
        ]
      },
      "id": "way/1251192347"
    },
    {
      "type": "Feature",
      "properties": {
        "@id": "way/1251192348",
        "crossing": "unmarked",
        "footway": "crossing",
        "highway": "footway"
      },
      "geometry": {
        "type": "LineString",
        "coordinates": [
          [
            14.2202313,
            37.3056001
          ],
          [
            14.2202634,
            37.3056004
          ],
          [
            14.2202756,
            37.3055995
          ],
          [
            14.2202795,
            37.3055128
          ],
          [
            14.2202253,
            37.3055083
          ],
          [
            14.2201826,
            37.305509
          ]
        ]
      },
      "id": "way/1251192348"
    },
    {
      "type": "Feature",
      "properties": {
        "@id": "way/1251192349",
        "footway": "sidewalk",
        "highway": "footway"
      },
      "geometry": {
        "type": "LineString",
        "coordinates": [
          [
            14.2201826,
            37.305509
          ],
          [
            14.2197657,
            37.3055142
          ]
        ]
      },
      "id": "way/1251192349"
    },
    {
      "type": "Feature",
      "properties": {
        "@id": "way/1251192350",
        "crossing": "unmarked",
        "footway": "crossing",
        "highway": "footway"
      },
      "geometry": {
        "type": "LineString",
        "coordinates": [
          [
            14.2197657,
            37.3055142
          ],
          [
            14.219715,
            37.3055163
          ],
          [
            14.2196875,
            37.3055174
          ]
        ]
      },
      "id": "way/1251192350"
    },
    {
      "type": "Feature",
      "properties": {
        "@id": "way/1251192351",
        "footway": "sidewalk",
        "highway": "footway"
      },
      "geometry": {
        "type": "LineString",
        "coordinates": [
          [
            14.2191678,
            37.3055379
          ],
          [
            14.219192,
            37.3055313
          ],
          [
            14.2196875,
            37.3055174
          ]
        ]
      },
      "id": "way/1251192351"
    },
    {
      "type": "Feature",
      "properties": {
        "@id": "way/1251218922",
        "highway": "service"
      },
      "geometry": {
        "type": "LineString",
        "coordinates": [
          [
            14.2182577,
            37.306561
          ],
          [
            14.2182331,
            37.3066332
          ],
          [
            14.2182344,
            37.3066983
          ],
          [
            14.2182505,
            37.3067644
          ],
          [
            14.2182854,
            37.3068252
          ],
          [
            14.218327,
            37.3068743
          ],
          [
            14.2183444,
            37.3069105
          ],
          [
            14.2183377,
            37.3069351
          ],
          [
            14.2182532,
            37.3069916
          ]
        ]
      },
      "id": "way/1251218922"
    },
    {
      "type": "Feature",
      "properties": {
        "@id": "way/1264709999",
        "highway": "primary",
        "junction": "roundabout",
        "surface": "asphalt"
      },
      "geometry": {
        "type": "LineString",
        "coordinates": [
          [
            14.2023347,
            37.2984893
          ],
          [
            14.2023397,
            37.2985102
          ],
          [
            14.2023362,
            37.2985313
          ],
          [
            14.202326,
            37.2985487
          ],
          [
            14.2023099,
            37.2985631
          ],
          [
            14.2022894,
            37.2985732
          ],
          [
            14.2022644,
            37.2985785
          ],
          [
            14.2022385,
            37.2985774
          ],
          [
            14.2022143,
            37.29857
          ],
          [
            14.2021941,
            37.2985572
          ],
          [
            14.202177,
            37.2985347
          ],
          [
            14.2021723,
            37.2985064
          ],
          [
            14.2021829,
            37.2984792
          ],
          [
            14.2022068,
            37.298458
          ],
          [
            14.2022397,
            37.2984466
          ],
          [
            14.2022755,
            37.2984472
          ],
          [
            14.2023008,
            37.2984557
          ],
          [
            14.2023213,
            37.2984703
          ],
          [
            14.2023347,
            37.2984893
          ]
        ]
      },
      "id": "way/1264709999"
    },
    {
      "type": "Feature",
      "properties": {
        "@id": "way/1264710006",
        "highway": "primary",
        "lanes": "2",
        "name": "Viale della Resistenza",
        "surface": "asphalt"
      },
      "geometry": {
        "type": "LineString",
        "coordinates": [
          [
            14.1999337,
            37.2943479
          ],
          [
            14.1997323,
            37.2944928
          ],
          [
            14.1995393,
            37.294801
          ],
          [
            14.1994958,
            37.295061
          ],
          [
            14.1996716,
            37.295493
          ],
          [
            14.2001788,
            37.2960202
          ],
          [
            14.2009241,
            37.2966837
          ],
          [
            14.2012866,
            37.2971763
          ],
          [
            14.2013428,
            37.2972681
          ],
          [
            14.2016087,
            37.2977023
          ],
          [
            14.2016771,
            37.2977948
          ],
          [
            14.2019058,
            37.2981041
          ],
          [
            14.2019331,
            37.298141
          ]
        ]
      },
      "id": "way/1264710006"
    },
    {
      "type": "Feature",
      "properties": {
        "@id": "way/1284448718",
        "highway": "primary",
        "oneway": "yes",
        "surface": "asphalt"
      },
      "geometry": {
        "type": "LineString",
        "coordinates": [
          [
            14.2023347,
            37.2984893
          ],
          [
            14.2025343,
            37.2986508
          ],
          [
            14.2026137,
            37.2987231
          ]
        ]
      },
      "id": "way/1284448718"
    },
    {
      "type": "Feature",
      "properties": {
        "@id": "way/1284448719",
        "highway": "primary",
        "oneway": "yes",
        "surface": "asphalt"
      },
      "geometry": {
        "type": "LineString",
        "coordinates": [
          [
            14.2019331,
            37.298141
          ],
          [
            14.202223,
            37.2984003
          ],
          [
            14.2022755,
            37.2984472
          ]
        ]
      },
      "id": "way/1284448719"
    },
    {
      "type": "Feature",
      "properties": {
        "@id": "way/1284448720",
        "highway": "primary",
        "oneway": "yes",
        "surface": "asphalt"
      },
      "geometry": {
        "type": "LineString",
        "coordinates": [
          [
            14.202177,
            37.2985347
          ],
          [
            14.2020379,
            37.2983187
          ],
          [
            14.2019331,
            37.298141
          ]
        ]
      },
      "id": "way/1284448720"
    },
    {
      "type": "Feature",
      "properties": {
        "@id": "way/1425001656",
        "highway": "tertiary",
        "name": "Da Mazzarino alla SP96",
        "ref": "SP191",
        "surface": "asphalt"
      },
      "geometry": {
        "type": "LineString",
        "coordinates": [
          [
            14.2294623,
            37.2861404
          ],
          [
            14.2291485,
            37.2861554
          ],
          [
            14.2290117,
            37.2861234
          ],
          [
            14.2289366,
            37.2860466
          ],
          [
            14.2288856,
            37.2859249
          ],
          [
            14.2288909,
            37.2856838
          ],
          [
            14.2288345,
            37.2854569
          ],
          [
            14.2284618,
            37.2845847
          ],
          [
            14.2284013,
            37.2844763
          ],
          [
            14.2283156,
            37.2843777
          ],
          [
            14.2275833,
            37.2838436
          ],
          [
            14.2274305,
            37.2837706
          ],
          [
            14.2272736,
            37.2837514
          ],
          [
            14.2271194,
            37.2837823
          ],
          [
            14.226332,
            37.2840708
          ],
          [
            14.226088,
            37.2841793
          ],
          [
            14.2257232,
            37.2843963
          ],
          [
            14.2254402,
            37.2845884
          ],
          [
            14.2253089,
            37.284733
          ],
          [
            14.225239,
            37.2848616
          ],
          [
            14.2251131,
            37.285209
          ],
          [
            14.2250137,
            37.2854826
          ],
          [
            14.2248488,
            37.2857329
          ],
          [
            14.223953,
            37.2870986
          ],
          [
            14.223902,
            37.2871691
          ],
          [
            14.2234997,
            37.287822
          ],
          [
            14.2231644,
            37.2885583
          ],
          [
            14.2230624,
            37.2887689
          ],
          [
            14.2229149,
            37.2889503
          ],
          [
            14.2227352,
            37.2891412
          ],
          [
            14.2225877,
            37.2893414
          ],
          [
            14.2225341,
            37.2895014
          ],
          [
            14.2223061,
            37.2904617
          ],
          [
            14.2222015,
            37.2907028
          ],
          [
            14.22207,
            37.2909081
          ],
          [
            14.2215444,
            37.2916972
          ],
          [
            14.2211367,
            37.2927215
          ],
          [
            14.2206048,
            37.2935578
          ],
          [
            14.2198001,
            37.2952734
          ]
        ]
      },
      "id": "way/1425001656"
    },
    {
      "type": "Feature",
      "properties": {
        "@id": "way/1482176998",
        "highway": "residential",
        "name": "Via Cappuccini"
      },
      "geometry": {
        "type": "LineString",
        "coordinates": [
          [
            14.2143634,
            37.3008533
          ],
          [
            14.2143994,
            37.300947
          ],
          [
            14.2144334,
            37.3010321
          ],
          [
            14.2145601,
            37.3013851
          ],
          [
            14.2145705,
            37.3014109
          ],
          [
            14.2147143,
            37.3017438
          ],
          [
            14.2147535,
            37.3018367
          ],
          [
            14.2147947,
            37.3019783
          ]
        ]
      },
      "id": "way/1482176998"
    },
    {
      "type": "Feature",
      "properties": {
        "@id": "way/1528718617",
        "highway": "unclassified"
      },
      "geometry": {
        "type": "LineString",
        "coordinates": [
          [
            14.2328226,
            37.3175818
          ],
          [
            14.2328508,
            37.3175366
          ],
          [
            14.2327883,
            37.3174688
          ],
          [
            14.2327201,
            37.3174033
          ],
          [
            14.2327059,
            37.3173377
          ],
          [
            14.2327116,
            37.3172338
          ],
          [
            14.2327826,
            37.3170914
          ],
          [
            14.2328963,
            37.3169739
          ],
          [
            14.2330611,
            37.3167524
          ],
          [
            14.2331804,
            37.316601
          ],
          [
            14.2333338,
            37.3164202
          ],
          [
            14.2334361,
            37.3162259
          ],
          [
            14.2334873,
            37.3160383
          ],
          [
            14.2335271,
            37.315801
          ],
          [
            14.233547,
            37.315566
          ],
          [
            14.233493,
            37.3153852
          ],
          [
            14.2334987,
            37.3151863
          ],
          [
            14.2335129,
            37.3150485
          ],
          [
            14.2334759,
            37.3149151
          ],
          [
            14.2334759,
            37.3148835
          ],
          [
            14.2335555,
            37.3147818
          ],
          [
            14.2335867,
            37.3146779
          ],
          [
            14.2335782,
            37.3144519
          ],
          [
            14.2335754,
            37.3143615
          ],
          [
            14.2335413,
            37.3142846
          ],
          [
            14.2335526,
            37.3141264
          ],
          [
            14.233547,
            37.3139592
          ],
          [
            14.2336038,
            37.3138846
          ],
          [
            14.2337032,
            37.3137603
          ],
          [
            14.2338624,
            37.3136518
          ],
          [
            14.2341153,
            37.3135818
          ],
          [
            14.2343341,
            37.3134869
          ],
          [
            14.234479,
            37.3133919
          ],
          [
            14.2346495,
            37.3132993
          ],
          [
            14.2348114,
            37.3131931
          ]
        ]
      },
      "id": "way/1528718617"
    },
    {
      "type": "Feature",
      "properties": {
        "@id": "way/1561465324",
        "highway": "residential"
      },
      "geometry": {
        "type": "LineString",
        "coordinates": [
          [
            14.2139334,
            37.305572
          ],
          [
            14.2139938,
            37.3056849
          ],
          [
            14.2141436,
            37.3056393
          ]
        ]
      },
      "id": "way/1561465324"
    },
    {
      "type": "Feature",
      "properties": {
        "@id": "way/1561465325",
        "highway": "residential"
      },
      "geometry": {
        "type": "LineString",
        "coordinates": [
          [
            14.2144111,
            37.3055666
          ],
          [
            14.2143975,
            37.3055683
          ],
          [
            14.21438,
            37.3056018
          ]
        ]
      },
      "id": "way/1561465325"
    },
    {
      "type": "Feature",
      "properties": {
        "@id": "way/1561465326",
        "highway": "residential"
      },
      "geometry": {
        "type": "LineString",
        "coordinates": [
          [
            14.2174829,
            37.3061865
          ],
          [
            14.2176063,
            37.3061155
          ]
        ]
      },
      "id": "way/1561465326"
    },
    {
      "type": "Feature",
      "properties": {
        "@id": "way/1561465328",
        "highway": "pedestrian"
      },
      "geometry": {
        "type": "LineString",
        "coordinates": [
          [
            14.2171884,
            37.3056134
          ],
          [
            14.2171857,
            37.305563
          ]
        ]
      },
      "id": "way/1561465328"
    },
    {
      "type": "Feature",
      "properties": {
        "@id": "way/1561465329",
        "highway": "pedestrian",
        "name": "Via Bonaffini",
        "surface": "paving_stones"
      },
      "geometry": {
        "type": "LineString",
        "coordinates": [
          [
            14.2196546,
            37.305623
          ],
          [
            14.2196741,
            37.305759
          ]
        ]
      },
      "id": "way/1561465329"
    },
    {
      "type": "Feature",
      "properties": {
        "@id": "way/1561465338",
        "highway": "residential",
        "surface": "asphalt"
      },
      "geometry": {
        "type": "LineString",
        "coordinates": [
          [
            14.2119625,
            37.2988405
          ],
          [
            14.2116401,
            37.2987999
          ]
        ]
      },
      "id": "way/1561465338"
    },
    {
      "type": "Feature",
      "properties": {
        "@id": "way/1561465347",
        "highway": "steps",
        "name": "Via Gueli"
      },
      "geometry": {
        "type": "LineString",
        "coordinates": [
          [
            14.2082698,
            37.3039974
          ],
          [
            14.2082396,
            37.3040667
          ]
        ]
      },
      "id": "way/1561465347"
    },
    {
      "type": "Feature",
      "properties": {
        "@id": "way/1561465348",
        "highway": "primary",
        "name": "Viale della Repubblica",
        "oneway": "yes",
        "surface": "asphalt"
      },
      "geometry": {
        "type": "LineString",
        "coordinates": [
          [
            14.2091227,
            37.3041626
          ],
          [
            14.2088791,
            37.3041046
          ],
          [
            14.208294,
            37.3039498
          ],
          [
            14.2080063,
            37.303874
          ]
        ]
      },
      "id": "way/1561465348"
    },
    {
      "type": "Feature",
      "properties": {
        "@id": "way/1561465349",
        "highway": "residential",
        "name": "Via Stivala",
        "narrow": "yes",
        "surface": "sett"
      },
      "geometry": {
        "type": "LineString",
        "coordinates": [
          [
            14.2088791,
            37.3041046
          ],
          [
            14.2088584,
            37.3041472
          ],
          [
            14.2088185,
            37.3042373
          ]
        ]
      },
      "id": "way/1561465349"
    },
    {
      "type": "Feature",
      "properties": {
        "@id": "way/1561465350",
        "highway": "residential"
      },
      "geometry": {
        "type": "LineString",
        "coordinates": [
          [
            14.2101224,
            37.3032052
          ],
          [
            14.2102061,
            37.3033106
          ]
        ]
      },
      "id": "way/1561465350"
    },
    {
      "type": "Feature",
      "properties": {
        "@id": "way/1561465351",
        "highway": "pedestrian",
        "name": "Via Salvatore Giujusa",
        "old_name": "Via Pecorella",
        "surface": "paving_stones"
      },
      "geometry": {
        "type": "LineString",
        "coordinates": [
          [
            14.2099213,
            37.3050131
          ],
          [
            14.2100389,
            37.3050672
          ],
          [
            14.2100832,
            37.3049968
          ]
        ]
      },
      "id": "way/1561465351"
    },
    {
      "type": "Feature",
      "properties": {
        "@id": "way/1561465352",
        "highway": "pedestrian"
      },
      "geometry": {
        "type": "LineString",
        "coordinates": [
          [
            14.210518,
            37.3044706
          ],
          [
            14.2105079,
            37.3044925
          ],
          [
            14.2104943,
            37.3045222
          ],
          [
            14.2103789,
            37.3047727
          ],
          [
            14.2103185,
            37.3047551
          ]
        ]
      },
      "id": "way/1561465352"
    },
    {
      "type": "Feature",
      "properties": {
        "@id": "way/1561465353",
        "highway": "residential",
        "oneway": "yes",
        "surface": "paving_stones"
      },
      "geometry": {
        "type": "LineString",
        "coordinates": [
          [
            14.2114808,
            37.3043741
          ],
          [
            14.2115743,
            37.3045701
          ],
          [
            14.2115953,
            37.3046108
          ]
        ]
      },
      "id": "way/1561465353"
    },
    {
      "type": "Feature",
      "properties": {
        "@id": "way/1561465354",
        "highway": "residential",
        "surface": "asphalt"
      },
      "geometry": {
        "type": "LineString",
        "coordinates": [
          [
            14.2114506,
            37.3046032
          ],
          [
            14.2113552,
            37.3047504
          ],
          [
            14.2113408,
            37.3047782
          ]
        ]
      },
      "id": "way/1561465354"
    },
    {
      "type": "Feature",
      "properties": {
        "@id": "way/1561465359",
        "highway": "residential",
        "surface": "sett"
      },
      "geometry": {
        "type": "LineString",
        "coordinates": [
          [
            14.2107001,
            37.3045986
          ],
          [
            14.2107084,
            37.3045767
          ],
          [
            14.2107303,
            37.3045189
          ]
        ]
      },
      "id": "way/1561465359"
    },
    {
      "type": "Feature",
      "properties": {
        "@id": "way/1561465362",
        "highway": "residential",
        "oneway": "yes",
        "surface": "sett"
      },
      "geometry": {
        "type": "LineString",
        "coordinates": [
          [
            14.2144505,
            37.304967
          ],
          [
            14.2144435,
            37.3049863
          ],
          [
            14.2144292,
            37.3050258
          ]
        ]
      },
      "id": "way/1561465362"
    },
    {
      "type": "Feature",
      "properties": {
        "@id": "way/1561465364",
        "highway": "residential",
        "surface": "sett"
      },
      "geometry": {
        "type": "LineString",
        "coordinates": [
          [
            14.2181542,
            37.3050194
          ],
          [
            14.2180846,
            37.3050047
          ],
          [
            14.2180084,
            37.3048908
          ],
          [
            14.2179951,
            37.3048496
          ]
        ]
      },
      "id": "way/1561465364"
    },
    {
      "type": "Feature",
      "properties": {
        "@id": "way/1561465365",
        "footway": "sidewalk",
        "highway": "footway"
      },
      "geometry": {
        "type": "LineString",
        "coordinates": [
          [
            14.2186571,
            37.3054616
          ],
          [
            14.2186609,
            37.3054407
          ],
          [
            14.2184392,
            37.3053502
          ]
        ]
      },
      "id": "way/1561465365"
    },
    {
      "type": "Feature",
      "properties": {
        "@id": "way/1561465366",
        "highway": "residential",
        "oneway": "yes",
        "surface": "sett"
      },
      "geometry": {
        "type": "LineString",
        "coordinates": [
          [
            14.2179005,
            37.305272
          ],
          [
            14.2180368,
            37.3053011
          ],
          [
            14.2181126,
            37.3053174
          ],
          [
            14.2184016,
            37.3053791
          ],
          [
            14.2184171,
            37.3053824
          ]
        ]
      },
      "id": "way/1561465366"
    },
    {
      "type": "Feature",
      "properties": {
        "@id": "way/1561465367",
        "highway": "residential"
      },
      "geometry": {
        "type": "LineString",
        "coordinates": [
          [
            14.217293,
            37.3050811
          ],
          [
            14.2173386,
            37.3049408
          ]
        ]
      },
      "id": "way/1561465367"
    },
    {
      "type": "Feature",
      "properties": {
        "@id": "way/1561465369",
        "highway": "residential",
        "oneway": "yes"
      },
      "geometry": {
        "type": "LineString",
        "coordinates": [
          [
            14.2151766,
            37.3051751
          ],
          [
            14.2151711,
            37.3052081
          ],
          [
            14.2151674,
            37.3052178
          ]
        ]
      },
      "id": "way/1561465369"
    },
    {
      "type": "Feature",
      "properties": {
        "@id": "way/1561465376",
        "highway": "unclassified"
      },
      "geometry": {
        "type": "LineString",
        "coordinates": [
          [
            14.2021485,
            37.2938443
          ],
          [
            14.2024804,
            37.2950862
          ],
          [
            14.2025422,
            37.2952327
          ]
        ]
      },
      "id": "way/1561465376"
    },
    {
      "type": "Feature",
      "properties": {
        "@id": "way/1561465381",
        "highway": "primary",
        "oneway": "yes",
        "surface": "asphalt"
      },
      "geometry": {
        "type": "LineString",
        "coordinates": [
          [
            14.2026137,
            37.2987231
          ],
          [
            14.2024787,
            37.298661
          ],
          [
            14.202394,
            37.2986172
          ],
          [
            14.2023591,
            37.2986011
          ],
          [
            14.2023265,
            37.298586
          ],
          [
            14.2022894,
            37.2985732
          ]
        ]
      },
      "id": "way/1561465381"
    },
    {
      "type": "Feature",
      "properties": {
        "@id": "way/1561465382",
        "highway": "residential",
        "oneway": "yes",
        "surface": "asphalt"
      },
      "geometry": {
        "type": "LineString",
        "coordinates": [
          [
            14.2023362,
            37.2985313
          ],
          [
            14.2023265,
            37.298586
          ],
          [
            14.2022728,
            37.2987371
          ]
        ]
      },
      "id": "way/1561465382"
    },
    {
      "type": "Feature",
      "properties": {
        "@id": "way/1561466855",
        "highway": "secondary",
        "junction": "roundabout",
        "surface": "asphalt"
      },
      "geometry": {
        "type": "LineString",
        "coordinates": [
          [
            14.2232077,
            37.3063253
          ],
          [
            14.2231871,
            37.3063531
          ],
          [
            14.2231527,
            37.30637
          ],
          [
            14.2231123,
            37.3063723
          ]
        ]
      },
      "id": "way/1561466855"
    },
    {
      "type": "Feature",
      "properties": {
        "@id": "way/1561466856",
        "highway": "secondary",
        "junction": "roundabout",
        "surface": "asphalt"
      },
      "geometry": {
        "type": "LineString",
        "coordinates": [
          [
            14.2230499,
            37.3063342
          ],
          [
            14.2230422,
            37.3063026
          ],
          [
            14.2230539,
            37.3062718
          ],
          [
            14.2230822,
            37.3062488
          ]
        ]
      },
      "id": "way/1561466856"
    },
    {
      "type": "Feature",
      "properties": {
        "@id": "way/1561466857",
        "highway": "secondary",
        "junction": "roundabout",
        "surface": "asphalt"
      },
      "geometry": {
        "type": "LineString",
        "coordinates": [
          [
            14.2231123,
            37.3063723
          ],
          [
            14.2230752,
            37.3063594
          ],
          [
            14.2230499,
            37.3063342
          ]
        ]
      },
      "id": "way/1561466857"
    },
    {
      "type": "Feature",
      "properties": {
        "@id": "way/1561466858",
        "highway": "footway"
      },
      "geometry": {
        "type": "LineString",
        "coordinates": [
          [
            14.219939,
            37.3048411
          ],
          [
            14.2201717,
            37.3047098
          ]
        ]
      },
      "id": "way/1561466858"
    },
    {
      "type": "Feature",
      "properties": {
        "@id": "way/1561466860",
        "highway": "footway"
      },
      "geometry": {
        "type": "LineString",
        "coordinates": [
          [
            14.2199183,
            37.3048226
          ],
          [
            14.219939,
            37.3048411
          ],
          [
            14.2199034,
            37.3048662
          ]
        ]
      },
      "id": "way/1561466860"
    },
    {
      "type": "Feature",
      "properties": {
        "@id": "way/1561466861",
        "highway": "steps"
      },
      "geometry": {
        "type": "LineString",
        "coordinates": [
          [
            14.2201589,
            37.3046597
          ],
          [
            14.2199543,
            37.3047982
          ]
        ]
      },
      "id": "way/1561466861"
    },
    {
      "type": "Feature",
      "properties": {
        "@id": "way/1561466863",
        "highway": "secondary",
        "oneway": "yes",
        "surface": "asphalt"
      },
      "geometry": {
        "type": "LineString",
        "coordinates": [
          [
            14.2232077,
            37.3063253
          ],
          [
            14.2232046,
            37.3064209
          ],
          [
            14.2232087,
            37.3064877
          ]
        ]
      },
      "id": "way/1561466863"
    },
    {
      "type": "Feature",
      "properties": {
        "@id": "way/1561466864",
        "highway": "secondary",
        "oneway": "yes",
        "surface": "asphalt"
      },
      "geometry": {
        "type": "LineString",
        "coordinates": [
          [
            14.2232087,
            37.3064877
          ],
          [
            14.223163,
            37.3064209
          ],
          [
            14.2231123,
            37.3063723
          ]
        ]
      },
      "id": "way/1561466864"
    },
    {
      "type": "Feature",
      "properties": {
        "@id": "way/1561466865",
        "highway": "secondary",
        "oneway": "yes",
        "surface": "asphalt"
      },
      "geometry": {
        "type": "LineString",
        "coordinates": [
          [
            14.2231993,
            37.3061383
          ],
          [
            14.2232005,
            37.3062278
          ],
          [
            14.2232097,
            37.3062932
          ]
        ]
      },
      "id": "way/1561466865"
    },
    {
      "type": "Feature",
      "properties": {
        "@id": "way/1561466866",
        "highway": "secondary",
        "oneway": "yes",
        "surface": "asphalt"
      },
      "geometry": {
        "type": "LineString",
        "coordinates": [
          [
            14.2231207,
            37.3062389
          ],
          [
            14.2231509,
            37.3062076
          ],
          [
            14.223175,
            37.3061777
          ],
          [
            14.2231993,
            37.3061383
          ]
        ]
      },
      "id": "way/1561466866"
    },
    {
      "type": "Feature",
      "properties": {
        "@id": "way/1561466867",
        "highway": "unclassified",
        "oneway": "yes",
        "surface": "asphalt"
      },
      "geometry": {
        "type": "LineString",
        "coordinates": [
          [
            14.2228771,
            37.3062525
          ],
          [
            14.2229725,
            37.306262
          ],
          [
            14.2230141,
            37.3062609
          ],
          [
            14.2230822,
            37.3062488
          ]
        ]
      },
      "id": "way/1561466867"
    },
    {
      "type": "Feature",
      "properties": {
        "@id": "way/1561466868",
        "highway": "unclassified",
        "oneway": "yes",
        "surface": "asphalt"
      },
      "geometry": {
        "type": "LineString",
        "coordinates": [
          [
            14.2230499,
            37.3063342
          ],
          [
            14.2229833,
            37.3062929
          ],
          [
            14.222935,
            37.3062705
          ],
          [
            14.2228771,
            37.3062525
          ]
        ]
      },
      "id": "way/1561466868"
    },
    {
      "type": "Feature",
      "properties": {
        "@id": "way/1561466869",
        "highway": "secondary",
        "junction": "roundabout",
        "surface": "asphalt"
      },
      "geometry": {
        "type": "LineString",
        "coordinates": [
          [
            14.2230822,
            37.3062488
          ],
          [
            14.2231207,
            37.3062389
          ],
          [
            14.2231606,
            37.3062444
          ],
          [
            14.2231927,
            37.306264
          ],
          [
            14.2232097,
            37.3062932
          ],
          [
            14.2232077,
            37.3063253
          ]
        ]
      },
      "id": "way/1561466869"
    }
  ]
}